date,Tags,Last Edited,text
2023-12-07,,"December 7, 2023 8:53 PM",
2023-12-05,,"December 5, 2023 9:10 PM",
2023-12-04,,"December 4, 2023 9:09 PM",
2023-12-03,,"December 3, 2023 8:15 PM",
2023-11-30,,"November 30, 2023 9:38 PM","# 30.11.23

Created: November 30, 2023 9:37 PM
Last Edited: November 30, 2023 9:38 PM

Нормис день. Наконец то разобрался как сделать таблицу в ноушн как я хочу для конспектов. Отсканил сделал доки сохранил в папочках по красоте но блять проблема можно загружать Макс 5 мб файлы на бесплатной версиии… пизда"
2023-11-24,,"November 24, 2023 9:19 PM","# 24.11.23

Created: November 24, 2023 9:19 PM
Last Edited: November 24, 2023 9:19 PM

if death is what you want… i accept it now"
2023-11-22,,"November 22, 2023 9:34 PM","# 22.11.23

Created: November 22, 2023 9:33 PM
Last Edited: November 22, 2023 9:34 PM

потихоньку двигаюсь. очень тяжело. как же приятно перечитывать слова калаша из нашей переписки с региной. так сложно это пиздец. устал. хочу жить фантазиями. не хочу уживаться с реальностью. надо дожать челлендж недрочабря. потом челлендж не грызть кожу на руках."
2023-11-19,,"November 19, 2023 9:30 PM","# 19.11.23

Created: November 19, 2023 9:27 PM
Last Edited: November 19, 2023 9:30 PM

сегодня был самый важный искренний открытый разговор с мамой за всю жизнь. я рад что мы сегодня так сблизились. я ныл как сука и рыдал. но это было необходимо. мне очень страшно. очень. за все. за себя. за свое будущее. мне так не хватает никиты. моего брата. как же жаль что он так далеко. и что он сам себя плохо чувствует из за чего то но говорит об этом только маме а со мной не разговаривает об этом… вообще. обидно. совершенно не делится что не так. кто мне поможет? кто меня спасет? только я… поэтому мне и страшно что я не справлюсь. ебучая армия. это реально мой антоганист. главный злодей в этой арке истории. и я должен его победить или все пойдет по пизде. так же в этой арке еще даже более важным является волевая системная победа над учебой. упасть в любви к ней и проге. я должен закрыть сессию без пересдач!"
2023-11-17,,"November 17, 2023 8:11 AM","# 17.11.23

Created: November 17, 2023 8:07 AM
Last Edited: November 17, 2023 8:11 AM

последнее время наибольшую благодарность я испытываю перед собой за то. что я несмотря на все встаю рано в 5:30. продолжаю продолжаю и продолжаю регулярно делать. хоть я и чувствюую мега желание лечь обратно спать и чилить. хоть мне не хочется. хоть темно. хоть все спят. но я делаю. и ни разу не пожалел об этом. что самый главный поинт. и за то что я НЕ сплю и НЕ ложусь больше спать потом в течении дня кроме павер нэпа 21ого минутного. только когда приходит время 22:00 и я ложусь на здоровый 8и часовой сон. я правда несказанно сильно благодарен себе за этот подвиг и выдающийся поступак. я очень горжусь собой за это! я молодец!"
2023-11-17,,"November 17, 2023 8:06 AM","# 17.11.23

Created: November 17, 2023 8:07 AM
Last Edited: November 17, 2023 8:11 AM

последнее время наибольшую благодарность я испытываю перед собой за то. что я несмотря на все встаю рано в 5:30. продолжаю продолжаю и продолжаю регулярно делать. хоть я и чувствюую мега желание лечь обратно спать и чилить. хоть мне не хочется. хоть темно. хоть все спят. но я делаю. и ни разу не пожалел об этом. что самый главный поинт. и за то что я НЕ сплю и НЕ ложусь больше спать потом в течении дня кроме павер нэпа 21ого минутного. только когда приходит время 22:00 и я ложусь на здоровый 8и часовой сон. я правда несказанно сильно благодарен себе за этот подвиг и выдающийся поступак. я очень горжусь собой за это! я молодец!"
2023-11-15,,"November 15, 2023 8:01 PM","# 14.11.23

Created: November 15, 2023 7:58 PM
Last Edited: November 15, 2023 8:01 PM

принял важное решение - я НЕ иду на др Энже. у меня нет денег. ладно бы еще только ей подарок нужен был но он еще нужен и алсу. это 5к выйдет где-то у меня просто нет возможности. и приоритеты сейчас другие. нужно учиться. денег нет совсем. отменил заказ ножа швейцарского. похуй. хотя бля как же хочется пойти раз в году такое бывает так еще и такой крутой др!!! у бля сука. очень хочется но совсем нет денег. прям нема нема блять. ах бля. я итак напиздел дохуя у мамки. и нет просто возможности. это будет ценный урок мне. очень ценный. что надо обдуманно относиться и делать осознанно вещи. а не на похуй растрачивать деньги. 7500 по кубышке долг и 70к по кредитке… 3к в месяц отдаю 23 месяца впереди… еще и генотек рассрочка и че то еще а и общага и проездной

шлюха контролер. ненавижу ебучий подольск. блять надо начать делать двигаться че то как то а то так и останусь ни с чем."
2023-11-13,,"November 13, 2023 8:42 PM","# 13.11.23

Created: November 13, 2023 8:42 PM
Last Edited: November 13, 2023 8:42 PM

я ненавижу свою жизнь. я ненавижу свой мозг. я ненавижу свои навязчивые мысли. я ненавижу что я не знаю что я хочу. я ненавижу что я не знаю чего я хочу. я ненавижу себя что я проебал жизнь"
2023-11-12,,"November 12, 2023 9:16 PM","# 12.11.23

Created: November 12, 2023 9:15 PM
Last Edited: November 12, 2023 9:16 PM

встретился с товарищем по клубу феникс Стасей. очень приятная девушка. сходил на лекцию димы гущина. понял что я хочу быть гуманитарием и разочаровался в жизни в очередной раз. ничего нового"
2023-11-11,,"November 11, 2023 9:39 PM","# 11.11.23

Created: November 11, 2023 9:38 PM
Last Edited: November 11, 2023 9:39 PM

Встретился с Машей. М кайфом поспал день весь. Первый день одному в Москве. Покушал знатно. Слил немного денег. Завтра иду на встречу со Стасей 33 года пиздец волнительно. Начал снова заикаться от волнения. Не о чем говорить с Машей. О том что мне интересно она ничего добавить не может. От этого и заикаюсь. Не люблю неловкость и паузы в разговорах"
2023-11-11,,"November 11, 2023 2:10 PM","# 11.11.23

Created: November 11, 2023 9:38 PM
Last Edited: November 11, 2023 9:39 PM

Встретился с Машей. М кайфом поспал день весь. Первый день одному в Москве. Покушал знатно. Слил немного денег. Завтра иду на встречу со Стасей 33 года пиздец волнительно. Начал снова заикаться от волнения. Не о чем говорить с Машей. О том что мне интересно она ничего добавить не может. От этого и заикаюсь. Не люблю неловкость и паузы в разговорах"
2023-11-09,,"November 9, 2023 9:51 PM",
2023-11-08,,"November 8, 2023 9:38 PM",
2023-11-07,,"November 7, 2023 8:53 PM",
2023-11-06,,"November 6, 2023 10:51 PM",
2023-11-05,,"November 5, 2023 11:24 PM",
2023-11-04,,"November 4, 2023 10:18 PM",
2023-11-03,,"November 3, 2023 8:58 PM",
2023-11-02,,"November 2, 2023 8:26 PM",
2023-11-01,,"November 1, 2023 11:04 PM",
2023-11-01,,"November 1, 2023 12:04 PM",
2023-10-30,,"October 30, 2023 7:09 PM","# 30.10.23

Created: October 30, 2023 7:08 PM
Last Edited: October 30, 2023 7:09 PM

Я благодарен за

1. что вышел сегодня из круга прокрастинации и продуктивно поработал два часа
2. хорошо покушал
3. поговорил с семьей и друзьями"
2023-10-29,,"October 29, 2023 8:42 PM","# 29.10.23

Created: October 29, 2023 8:41 PM
Last Edited: October 29, 2023 8:42 PM

1. за медитации
2. я благодарен что работаю над собой
3. я благодарен что мама мне все еще помогает финансово"
2023-10-23,,"October 23, 2023 9:10 PM","# 23.10.23

Created: October 23, 2023 9:09 PM
Last Edited: October 23, 2023 9:10 PM

1. Что я работаю над собой
2. Что есть бесплатный психолог
3. Что начал ходить на бокс"
2023-10-18,,"October 18, 2023 10:00 PM","# 18.10.23

Created: October 18, 2023 9:59 PM
Last Edited: October 18, 2023 10:00 PM

1. for my braveness
2. my lovely and supporting friends
3. my initiative to do everything that can somehow even a little help me grow and change myself for the better"
2023-10-11,,"October 11, 2023 9:58 PM","# 11.10.23

Created: October 11, 2023 9:57 PM
Last Edited: October 11, 2023 9:58 PM

Я благодарен Вселенной за

1. Свою жизнь 
2. Свое положение в жизни 
3. Все что случилось в моей жизни плохое и хорошее ведь оно привело и сделало меня таким ахуенным какой я сейчас есть! Как же я сильно вырос! Я так сильно горжусь собой. Я молодец"
2023-09-30,,"September 30, 2023 9:05 PM","# 30.09.23

Created: September 30, 2023 9:04 PM
Last Edited: September 30, 2023 9:05 PM

Я благодарен за

1. себе что построил семейное древо
2. за отсутствие нужды бороться за еду
3. что есть где жить"
2023-09-29,,"September 29, 2023 9:07 PM","# 29.09.23

Created: September 29, 2023 9:07 PM
Last Edited: September 29, 2023 9:07 PM

Я благодарен Вселенной за

1. живую бабушку маму и брата
2. за себя
3. что я продолжаю жить и пытаться"
2023-09-28,,"September 28, 2023 1:09 AM","# 27.09.23

Created: September 28, 2023 1:07 AM
Last Edited: September 28, 2023 1:09 AM

1. что открылся миру и начал проводить встречи с крутыми людьми
2. отдал услугу за услугу Энже
3. читаю регулярно"
2023-09-23,,"September 23, 2023 9:18 PM","# 23.09.23

Created: September 23, 2023 9:15 PM
Last Edited: September 23, 2023 9:18 PM

ничего не делал до 5 дня. затем все же решил две легкие задачи на лтикоде для поста в канал. прогулялся час. не писал регине по итогу хотя обещла напишу через неделю сегодня. решил что надо оставить ее в покое. рнет смысал ей написывать если бы она захотела встретиться или хотя бы поговорить то отписала бы мне а она даже не оба а только одно сообщение прочитала. у нас все равно ничего сейчас не получится потому что никто не изменился. я так и не нашел работу и все еще бездельник. хоть и пытаюсь что то делать но в графе зарабатывания денег все еще ноль и даже огромный минус потому что я трачу больше чем мне дают из за кредитки и кубышки. мне пизда. я сто к должен

за что я благодарен

1. что Вселенная подарила мне ментора в лице Димы Гущина
2. Что я снова начал ходить к психологу
3. что я достойно принял расставание с Региной"
2023-09-23,,"September 23, 2023 12:14 AM","# 23.09.23

Created: September 23, 2023 9:15 PM
Last Edited: September 23, 2023 9:18 PM

ничего не делал до 5 дня. затем все же решил две легкие задачи на лтикоде для поста в канал. прогулялся час. не писал регине по итогу хотя обещла напишу через неделю сегодня. решил что надо оставить ее в покое. рнет смысал ей написывать если бы она захотела встретиться или хотя бы поговорить то отписала бы мне а она даже не оба а только одно сообщение прочитала. у нас все равно ничего сейчас не получится потому что никто не изменился. я так и не нашел работу и все еще бездельник. хоть и пытаюсь что то делать но в графе зарабатывания денег все еще ноль и даже огромный минус потому что я трачу больше чем мне дают из за кредитки и кубышки. мне пизда. я сто к должен

за что я благодарен

1. что Вселенная подарила мне ментора в лице Димы Гущина
2. Что я снова начал ходить к психологу
3. что я достойно принял расставание с Региной"
2023-09-20,,"September 20, 2023 8:29 PM","# 20.09.23

Created: September 20, 2023 8:23 PM
Last Edited: September 20, 2023 8:29 PM

я начал сильно скучать по регине. по нашему общению. по ее компании по ее вайбу по ее улыбке по сексу с ней. я любил ее правда. да я не был на ее уровне. но нам было хорошо. написал ей по итогу лонг риды. она меня проигнорила но прочитала 1/2 текстов. напишу еще раз на выходных небольшой текст просто еще раз позову встретиться

по учебе халява. ничего делать не надо. только прогу и базы данных закрыть надо остальное перезачтенно. 

ментальное состояние гораздо лучше чем было в прошлом году в это время. когда я хотел умереть и посттянно и бесконтрольно плакал приходя после учебы. сейчас нет такого. н овсе равно неприятное чувство когда я хожу на учеб. когда я думаю дому о ней то все ок я даже замотивирован. но как я еду или уже в унике то пиздец пониженное настроение нихуя не хочу делать. нашел себе ментора Диму Гущина. стал более оирнтирован на бизнес деловые встречи такие. много инсайтов для себя взял. только мало что в практику вошло. бля так заебывает ничего не делать но и заебывать делать хоть что то

вообще не знаю что делать. я на переохде к новой версии себя. и я знаю что мне нужно сделать. начать ботать и пройти на стажку. тогда я буду работать получать деньги опыт и стану независимым полноценным взрослым человеком и специалистом айтишным. но мне мешает что то что я не могу понять. лень и прокрастинация все я понимаю. но я не знаю как их поборот. они стали настолько сильными. что я вообще не могу ничего им сделать. такое давление сверху так много  всего как будто бы сделтаь выучить надо а времени так ограниченно хотя его дохуя просто я его трачу вникуда. ох ох ох

я устал от этих размышлений. я так много думаю и так мало делаю. такой я ленивый стал. так тяжело"
2023-07-27,,"July 27, 2023 11:50 PM","# 27.07.23

Created: July 27, 2023 10:28 PM
Last Edited: July 27, 2023 11:50 PM

короче не записывал мега давно в днекни чего то. у меня нет оправданий почему я этого не делал. больше 4 месяцев. пиздец…. цель бдыла каждый день по итогу проебана 25% цели. ладно похуй. что поделать. продолжаем дядь

пришел к осознанию что многие хастл фичи делаются уникально одним человеком. котоырй просто знатно засел и изучил документы, нашел ошибки, дыры в них. на которых можно заработать. может даже связал несколько пунктов что сможет только умный человек и капитализовал на этом. планирую сделать тоже самое с кредитной картой и беспроцентным периодом. хотя я уверен что в документах я найду разочарование потому что ну не верю я что это могли пропустить. было бы тупо с их стороны. навряд ли люди не пользовались им. но попытка не пытка. 

начал сегодня ставки делать на доту снова. чет я зашел с новой стороны к этой игре. она же мега сложная и интеллектуальная серьезно. то есть все считают шахматистов интеллектуалами. но они же просто задроты ебаные такие же. только они олдскульные и в обществе они ценятся потому что не так много раньше до интернета было интеллекутуального спорта. а сейчас есть киберспорт. и дота же особенно сложная. там столько различнхы исходов событий что больше атомов во вселенной гвоорят или может это про гоу говорят… хуй знает не суть. очень сложная вот в чем суть. и только интеллектуал сможет в ней шарить. и я хочу попробовать со зрелой точки зрения подойти к ней и заработать денег. мало того я же еще практикусь ставить здравые цели. дедлайны. разумный и достижимый для меня результат в моем текущем контексте. здравые критерии. правила ставить и следовать им. не прерывать их. дисциплинировать себя. очень много на самым деле скиллов новых и полезных изучить дает. для бизнеса тоже термины. чтобы вести более деловой и взрослый анализ и расчеты стаовк. я прямо рад реально

за время простоя много произошло. девушку встретил и расстались. закончил первый курс второй раз. без пересдач в этот раз. сходил на выпускной своих ребят. с фараонами ездил на слет спортивный. в ярославль на др кореша ездил там с девушкой и познакомился. Регина зовут. с Региной потрахались за первую неделю уже. очень много секса обнимашек интима поцелуев. многое для себя вынес. достаточно чтобы быть независимым и с легкостью строить нужжный образ себя для разных видов общества. сгибать реальность как я хочу и уверенно. теперь это легко когда был такой опыт реально. много дял себя извлек в плане секса как что зачем. какое удоволсьтвие. так что заебись

но у нас мега токсичные манипулятивные отношения были. я знал что это долго не продержится поэтому выжимал максимум из данного мне. и я доволен собой. все кайф. сохранил мужество и честь. баланс занчимости на высоте был. разхебал тупую девку. в конце концов она довыебывалась и я ее везде заблокировал

на выходных поеду на легендарную волгу от мифи. с чего бесконечное лето рисовали. с фараонами. надеюсь катю орлову закодрю. она секс и еще самая милфа. кайфы кайфы

ох давно же не было записей

ааа забыл я же в общагу переехал брат!!! как же я рад этому больше всего честно говря. тут еще и домино эффект в эоском действии. из за этого было позволено встречаться с региной и трахаться что самое главное потому что она еще та шлюха и ей без секса никак. потом гулять стало проще. меньше устаю потмоу что не нужно ездить по два часа во дну сторону. и одно их самых главных - не нужно жить с мамой в одной квартире и бабушкой!!! как же они меня заебали это пиздец. когда я приезжаю обратно в пд то он у меня я чувствую как силы высасывает это пизда. просто мега не хочется дома находиться. еще как же меня бесит мамка с бабкой. такие дуры. просто пиздец. нихуя не меняется. особенно бабка. так не хочется к ней приходить и особенно быть с ней в ее квартире. просто так хуего. так бесит с ней разговаривать. ее нытью ее слабость беспомощность слабость аааа дурость маленькость в уме. просто пошла нахуй. по телефону из москвы гораздо приятнее с ней общаться. как и с мамкой. лично же с обеими пиздец. мега не хочется. ничего не меняется. там хоть живу и с рэндомом но я свободен от оков. я сам себе главный герой в своей жизни. не нужно не перед кем оправдываться. объяснтьяс. говорить что когда с кем куда иду. и просто в москве все приятнее делать. возможно как раз из за этих эффектов и еще дополнительных. в зал начал ходить с апреля. побегу в августе и сентябре полу и марафоны. как раз ради них начал бегать точнее пошел в зал

какие же бабка с мамкой дуры. я не могу. и не с кем поделиться об этом. бесполезно с ними говорить. я реально как бдуто с нпс говорю. до такой степени не смешно и скучно. я просто не могу и не хочу. мне так лень что то гвоорить и поддерживать разговор. только слушать есть силы. и то это лень бывает. сейчас есть силы только находиться рядом и то в разных комнатах. только чтобы мы присутствие друг друга чувствоали не более. не разговарили не видели друг друга не ели вместе ничего из этого не хочется с ними

как же много красивых девушек меня окружает и со всеми ними я в хороших отношениях. меня это очень сильно радует пзидец. осталось только найти стратегию чтобы комфортно и безболезнено для меня начать трахать их по очереди и перейти на новый уровень отношений друзья → друзья с привилегиями

я так хочу этого ты не представляешь. я так хочу трахаться. я так хочу досдтавлять им удовольствие до такой степени чтобы они были зависимы от моего члена. чтобы они они именно хотели чтобы я их трахал. молили меня чтобы я приехал к ним. нет. даже не я а они были готовы приехать купиль отель и все сделать сами я лишь бы доставил им удоволсьтвие"
2023-03-06,,"March 6, 2023 12:13 AM",
2023-03-01,,"March 1, 2023 12:38 AM",
2023-02-28,,"February 28, 2023 12:35 AM","# 27.02.23

Created: February 28, 2023 12:34 AM
Last Edited: February 28, 2023 12:35 AM

Лида обиделась. Блять бура. Пиздец. День бесполезно прошел. Проебал пары снова. Нихуя не сделал полезного"
2023-02-27,,"February 27, 2023 1:09 AM","# 26.02.23

Created: February 27, 2023 12:50 AM
Last Edited: February 27, 2023 1:09 AM

Сегодня к бабушке сходил, на вокал и потом с машей наконец то встретились. Она подарила мне сертификат в золотое яблоко!!! Ааа очень приятно. Причем прикол что я пока ехал на встречу то выбирал товары как раз там и заказал их и через десять минут мне приходит уведомление что маша мне подарили сертификат. Господи как мило. Завтра на пары ебучие а я не сделал инжграф к дедлайну, я даже не купил миллиметровку… пиздец. Найс. Еще конспект для лабы по физике делать. Как же я все это не хочу делать. Блять жалею что проебал 590 рублей на пиццу сегодня. Из за этого не могу сделать заказ в яблоке. Витамины и для фитнеса приколы хочу. Как же я надеюсь что эти витамины ебучие не оверпрайснутые. Потому что иначе пизда я сгорю. Я их за косарь покупаю две штуки! Для энергии и для мозга. Мне уже похуй. Я готов сколько угодно денег все свои деньги тратить на себя и свое здоровье. Лишь бы помогло. Лишь бы я был энергичным и молодым во всех смыслах. Продуктивным. Работоспособным. А не спящим зомби

Как же я уже ненавижу карину ебучуюу. Такая мразь. Такая сука нахуй блять. Игнорит меня 5 дней. В это же время постит бесконечные истории со своим ебучим парнем артемом. Его тоже в рот ебал. Такой противный оказался. Максимально похуй на меня. Лишь бы кариночка была в порядке. Уебан. Не подписался на меня в инсте хотя знает кто я. А до этого карина говорила что я произвел на дена и артема очень положительное впечатление.

Уже 1 марта мать деньги снова мне скинет 16к. Ураааа. Наконец то я все таки дождался. Правда хуй знает как мне на все хватит. Потому что 13 на кросы и еще заказ на золотом яблоке висит который 800 рублей сожрет или больше даже. 2к почти. Еще за рюкзак заплатить нужно. Пизда. Как жить я хуй знает. Но я куплю все это. Это важно для меня. Хватит тусить. Надо ебашить

Еще я с лиды в ахуе. Она походу реально обиделась на меня из за рофельного коммента под ее постом. Я в ахуе. Дура блять. На что обижаться. Просто тупые девки. Так заебала такая хуйня. Просто пиздец. Устал от этого. Что за дуры. На такую безобидную хуйню щас бы обижаться из за ничего. Будто я ее тупой выставил и позорю. Лол. Трэш

Понял для себя что хочу летом пойти на уебскую работу как прошлым. В мак магазин одежды кафе ресторан официантом и тд. Просто руками поработать. Но чтобы интересно было. Например мне очень интересно в магазине одежды крутом поработать или снова барменом или официантом. Правда это тяжело очень особенно третье. Я вообще думаю мне пизда если я буду официантом. Очень страшно. Но другой возможности скорее всего не будет у меня. Мне сейчас 21 год. Когда если не сейчас? Потом работа по специальности, другие дела, другие проекты,  семья, дети поездки, деньги большие и тд

Очень хочу отметить свое др в лофте или коттедже на 50-60 человек. Сам я не потяну поэтому сейчас очень присматриваюсь к формату такому : каждый скидывает нную сумму в качестве подарка и на низ я все организовываю. Снимаю лофт, закупаю алкашку, зову крутых ребят и тд. И по сути будет просто туса моих друзей. Клево. Всем понравится. Просто лейтмотивом будет мое др не более. Как галич делал. У него круто вышло. Мне зашло прямо.

Все купил себе витамины для мозга и энергии на ЗЯ. Надеюсь они будут эффективны. Ебать у меня уже бадов и витаминов. Я в ахуе. Хочу еще на ЗЯ заказать для фитнеса коврик и шар"
2023-02-26,,"February 26, 2023 3:47 AM","# 25.02.23

Created: February 26, 2023 3:47 AM
Last Edited: February 26, 2023 3:47 AM

Вика не смогла приехать ко мне на хату( грустно очень. Как бесит такое и вообще ее поведение бесит немного. Типо ну он всегда она как то жидко относится к встречам. Уж слишком большое внимание себе уделяется мне кажется. В итогу нихуя не делал сегодня полезного. Приготовил сэндвичи с тостами. Вчера тоже ребята слились потому что заболели. Грусть. По итогу из трех встреч только с Жанной удалась. Жаль мы не потрахались правда. Надежда все еще не умирает. Захавал в одно рыло 26 острых крыльев кфс и 4 пива. Не особо чет от пива вставило. И во время еды смотрел стендап Орлова и ни разу не улыбнулся даже. Или в душнила или он вообще не смешной или юмор просто не мой зз. Но я понял что я точно смогу стать успешным стендапер если приложу к этому усилия. Завтра мать уже приездвет( закончится мой одиночный кайф. Я хорошо следил за порядком в квартире. Ночью решил ужастик посмотреть закалить свой характер дальше. Помылся в холодной ванне 6 минут. Заколяюсь тоже. Хочу начать вести ютуб канал. Пришло время. Наитие мне подсказывает. Значит надо. Научись монтажить. Еще один источник выражения себя и отдачи обществу. Научись делать круто. Будет еще один дневник жизни видеоформата. Одни плюсы. Научись снимать красиво. Куплю необходимую технику

Еще я подумал что стоит летом поработать на ручных работах. Типо в маке, кафе, официантом, в магазине одежды и тд. Пока я молодой и дел нет никаких. Есть идеальная возможность попробовать, получить уникальный опыт пока есть время. Мне по сути только деньги нужны. Из я получу. Так что супер. А потом гештальт этот закроется и спокойно устроюсь в Яндекс"
2023-02-22,,"February 22, 2023 11:57 PM","# 22.02.23

Created: February 22, 2023 11:57 PM
Last Edited: February 22, 2023 11:57 PM

Странный радостный грустный тяжелый день. Мать заебала. Скилл заделывать за секунды у нее"
2023-02-22,,"February 22, 2023 2:14 AM","# 22.02.23

Created: February 22, 2023 11:57 PM
Last Edited: February 22, 2023 11:57 PM

Странный радостный грустный тяжелый день. Мать заебала. Скилл заделывать за секунды у нее"
2023-02-21,,"February 21, 2023 2:31 AM","# 20.02.23

Created: February 21, 2023 2:31 AM
Last Edited: February 21, 2023 2:31 AM

Не ездил в вуз. Дома сидел смотрел полезные видосы на ютубе. Маша ночью написала хочет отдать мне в вузе что то. Теперь придется ехать в вуз завтра, а я не хотел. Ну я надеюсь худи удастся забрать. По идеи это не должно же много времени забрать чтобы они доставили в пункт выдачи

3 благодарности

1. За ютуб
2. За блоги крутые от людей
3. Открыл для себя золотое яблоко"
2023-02-20,,"February 20, 2023 2:47 AM","# 19.02.23

Created: February 20, 2023 2:46 AM
Last Edited: February 20, 2023 2:47 AM

Встретились с Русом. Круто провели время. Сходили в южную рюмочную, наконец то я туда сходил. Никогда не был. Цены там сочные для студента. Потом погнали в ровесник. Еще и рус все оплатил в честь др прошедшего!!! Приятно ебать. Завтра думаю не поеду в вуз. В пизду. Инжграф хуйня бесполезная. Англ тоже но боюсь только чтобы не выебали потом. Ну да ладно. Разберусь. Зато отдохну завтра. Бля так хочу худи с тетрадью смерти купить сегодня вышла у никифилини. Еще увидел что они готовят с Эреном Йегерем!!! ураааа . я так хотел именно с ним че то круто купить, но какая есть у них - полная дичь. Хуйня ебучая. Мне не нравится совершенно. Вообще не отражает глубину этого персонажа. Надеюсь эта будет крутой. И тогда и ее куплю. Я очень надеюсь что бабушки мне подарят деньги на 23 февраля и я смогу купить киру.

3 благодарности

1. Что друзья ухаживают за мной
2. Что есть такие крутые друзья
3. Что есть свобода для развития"
2023-02-19,,"February 19, 2023 10:52 AM","# 18.02.23

Created: February 19, 2023 10:52 AM
Last Edited: February 19, 2023 10:52 AM

Сегодня грустный день. Проспал опять пол дня. Потом грустный что вчера погрыз все свои пальцы до мяса. Так противно от себя стало. Потом мать раздражает своей хуйней необдмуанной сказанно изо рта ее мерзкого. Помылся два часа. Еще время проебал. Потом хотел поесть но мать так достала что я пошел спать пока она не уйдет нахуй чтобы спокойно поесть. В итоге уснул и проспал полтора часа. Покушал. И наконец чем то полезным занялся. Посмотрел видео по тематике контрастного душа, дисциплины, биоритмов которые давно планировал и наконец обновил бразуер а то скопилось дохуя вкладок что ноут лагать начал. Завтра на вокал пойду и с русом встречусь. Сегодня грустно правда. За пальцы обидно. Такие сука обгрызанные. Еще и больно ведь трогать ими. Пока мылся в жопе пальчиком ковырялся немного. В итоге когда срать сел очко так болеть стало что пиздец. Теперь я понимаю почему девочки так анала боятся. Жесть. А какого геям то…

3 благодарности

1. Есть возможность спать днем
2. Посмотерл полезные видео заставишие задуматься
3. Лида обмолвилась парой фраз и меня рефлексировать заставило"
2023-02-17,,"February 17, 2023 10:49 PM","# 16.02.23

Created: February 17, 2023 12:46 AM
Last Edited: February 17, 2023 12:46 AM

Прошла одна пара по матану а я уже заебался пиздец. Такая хуйня. Щас лаба и домой. Ааааааа нахуй. Чет снова загнался по поводу того что учусь здесь а мог бы закончить. Блять. Как меня заебала жизнь. Что меня дико радует что в этом вузе можно спокойно заниматься самому, без чьей либо помощи и тратить на это не очень много времени. Меня это дико радует. В мифи такой привилегии не было. Или ты тратишь ультра дохуя времени на разбор задач и у тебя ни на что больше не хвататет или ты ботаешь с одногрупами. Что я ненавижу. Потому что я хз почему но это меня дико удручает и подавляет мое психологическое и эмоциональное состояние, что я просто не могу, не хочу жить просто сразу. Настолько меня это коробит. Потому что это дохуя времени занимает, потом шанс того что это будет эффективно и полезно очень мал, потом я уставший, я считаю себя тупым, я нихуя не учил поэтому на очке сижу чем я смогу помочь другим ребятам, потом мб и они сами тупые, потом мы возможно будем просто сидеть и вместе тупо гуглить тогда какой в этом смысл всем? Я хуй знает. Поэтому это пиздец хуйня. Но без этого не выжить. Огромное преимущество тогда получается у тех, кто в общаге живет. Они могут в любой момент прийти к шарящему челу и за шоколадку или просто по братски попросить расшарить им непонятную тему. У меня же не было такой возможности. Это надо было заране договариваться, искать место, упрашивать чтобы человек после пар остался в вузе, он в спешке, ему неохота и тд. И на меня самого это давит, не хочу человека отвлекать. И вообще полное состояние тильта

I need to develop solo sustainable personality so that I would be always at peace by myself. I’m close to it but there are gapholes i need to cover

Сегодня снова продолжил вести дневник эмоций. Сделал там три записи. Уже неплохо. Надо обязательно продолжать вести его. Я справлюсь. Я верю в себя. Я люблю себя. Я справлюсь. Я сильный. У меня хватит энергии.

Ох как я устал от всего. Как будто снова начал осени повторяется. Опять хандра какая то. Подавленное состояние очень. Депрессивное состояние я бы сказал. Поскорее бы шмотки ко мне пришли мне полегчает ненадолго. Так жду свои худи пиздец. Потом и куртка скоро приедет новая. И март скоро. Там уже и кросы ахуенные черные закажу! Ааа кайф. В марте докуплю занятий по вокалу до 16, схожу в крутой барбершоп в москве мьют, куплю жилет и по мелочевки че нибудь, в мае же куплю жилет для костюма и остальное что нить, водолазки, футболки базовые и оверсайз под свитера, худи.

Как же все таки записывать все на бумаге куда то помогает. Так как я люблю с собой общаться и много времени провожу один за рефлексией, то это такая отдушина. А то некому об этом поделиться. Никто не поймет. Да и что он скажет. “ бля держись” аухенно конечно. Поэтому только самому справляться как всегда. Эх как я устал. Мне бы девушку. Мне бы ульяну….

Как меня сегодня конечно лабы по физике затильтовали. Очень напугали. Я ебал. Я хочу плакать. Жаль не получилось поплакать ну никак слезы не идут( пиздец дед напугал. Как я не хочу сдавать лабы. Сразу физтех что то или мифи вспомнился. Страшно. Очень страшно. Правда. К счастью их всего четыре и они вроде не сложные, просто конспект сделать, легкий опыт и на пару вопросов по теории легких ответить. Должен справиться и немного времени занять. Я надеюсь. А то пока на очке

3 вещи за которые благодарен

1. Легкий график пар
2. Чайник прозрачный
3. Возможность спать днем"
2023-02-17,,"February 17, 2023 12:46 AM","# 16.02.23

Created: February 17, 2023 12:46 AM
Last Edited: February 17, 2023 12:46 AM

Прошла одна пара по матану а я уже заебался пиздец. Такая хуйня. Щас лаба и домой. Ааааааа нахуй. Чет снова загнался по поводу того что учусь здесь а мог бы закончить. Блять. Как меня заебала жизнь. Что меня дико радует что в этом вузе можно спокойно заниматься самому, без чьей либо помощи и тратить на это не очень много времени. Меня это дико радует. В мифи такой привилегии не было. Или ты тратишь ультра дохуя времени на разбор задач и у тебя ни на что больше не хвататет или ты ботаешь с одногрупами. Что я ненавижу. Потому что я хз почему но это меня дико удручает и подавляет мое психологическое и эмоциональное состояние, что я просто не могу, не хочу жить просто сразу. Настолько меня это коробит. Потому что это дохуя времени занимает, потом шанс того что это будет эффективно и полезно очень мал, потом я уставший, я считаю себя тупым, я нихуя не учил поэтому на очке сижу чем я смогу помочь другим ребятам, потом мб и они сами тупые, потом мы возможно будем просто сидеть и вместе тупо гуглить тогда какой в этом смысл всем? Я хуй знает. Поэтому это пиздец хуйня. Но без этого не выжить. Огромное преимущество тогда получается у тех, кто в общаге живет. Они могут в любой момент прийти к шарящему челу и за шоколадку или просто по братски попросить расшарить им непонятную тему. У меня же не было такой возможности. Это надо было заране договариваться, искать место, упрашивать чтобы человек после пар остался в вузе, он в спешке, ему неохота и тд. И на меня самого это давит, не хочу человека отвлекать. И вообще полное состояние тильта

I need to develop solo sustainable personality so that I would be always at peace by myself. I’m close to it but there are gapholes i need to cover

Сегодня снова продолжил вести дневник эмоций. Сделал там три записи. Уже неплохо. Надо обязательно продолжать вести его. Я справлюсь. Я верю в себя. Я люблю себя. Я справлюсь. Я сильный. У меня хватит энергии.

Ох как я устал от всего. Как будто снова начал осени повторяется. Опять хандра какая то. Подавленное состояние очень. Депрессивное состояние я бы сказал. Поскорее бы шмотки ко мне пришли мне полегчает ненадолго. Так жду свои худи пиздец. Потом и куртка скоро приедет новая. И март скоро. Там уже и кросы ахуенные черные закажу! Ааа кайф. В марте докуплю занятий по вокалу до 16, схожу в крутой барбершоп в москве мьют, куплю жилет и по мелочевки че нибудь, в мае же куплю жилет для костюма и остальное что нить, водолазки, футболки базовые и оверсайз под свитера, худи.

Как же все таки записывать все на бумаге куда то помогает. Так как я люблю с собой общаться и много времени провожу один за рефлексией, то это такая отдушина. А то некому об этом поделиться. Никто не поймет. Да и что он скажет. “ бля держись” аухенно конечно. Поэтому только самому справляться как всегда. Эх как я устал. Мне бы девушку. Мне бы ульяну….

Как меня сегодня конечно лабы по физике затильтовали. Очень напугали. Я ебал. Я хочу плакать. Жаль не получилось поплакать ну никак слезы не идут( пиздец дед напугал. Как я не хочу сдавать лабы. Сразу физтех что то или мифи вспомнился. Страшно. Очень страшно. Правда. К счастью их всего четыре и они вроде не сложные, просто конспект сделать, легкий опыт и на пару вопросов по теории легких ответить. Должен справиться и немного времени занять. Я надеюсь. А то пока на очке

3 вещи за которые благодарен

1. Легкий график пар
2. Чайник прозрачный
3. Возможность спать днем"
2023-02-15,,"February 15, 2023 10:19 PM","# 15.02.23

Created: February 15, 2023 10:13 PM
Last Edited: February 15, 2023 10:19 PM

моя цель сделать 365 записей здесь. осталось еще около 35. потом наверное подзабью на этот дневник, потому что в ворде как то покруче. 

бля мне только что пришла гениальная идея. пока я не решу куда приятнее и эффективнее записывать сюда или в гугл доки то просто буду в одном месте писать, а в другое копировать это. гений епта. как я раньше до этого не додумался

но мне кажется в доках прикольнее. опять таки как я уже говорил там можно анализировать проще

сегодня снова решил забить на пары и дома остался. похуй. английский уже 3 раза из 5 проебал ыыыыы. пизда. физру похуй а другие пары еще больше похуй. завтра точно пойду. завтра надо посомтреть че на лабе по физосу будет. мать думает что я ходил сегодня. вообще с кайфом день проовел. типо посмотрел видосы по борьбе с прокрастинацией, занялся самоанализом. прошел тестики на узнавание себя, записал результаты, чтобы потом сравнить. нашел кста старый результат и у меня в этот раз такой же получился - борец лол. два года назад проходил тоже самое было. интересно. видимо не совсем хуйня тест. потом дохуя инфы наресерчил для своей книги. многое узнал о жизни и о себе. кто я. чего придерживаюсь и тд. очнеь интересно было. писать книгу топ тема. мотивация узнавать философию, психологию, религию, искусство, историю, географию и тд. очень полезные науки для жизни. а так бы я забил бы хуй потому что хуй знает куда и как это записывать и зачем. а сейчас есть ответ на все вопрос - для написания качественной и полезной книги и в гугл доке. все в одном месте находится

в принципе ставлю лайк дню. ментально лучше стало. как перестал хуйню смотреть, всякие фильмы бесполезные и начал заниматься решением своих внутренних проблем, так пиздецки лучше стало. хоть они и далеки от решения но понимание того что я в процессе решения очень облегчает разум

3 вещи за которые благодаерн

1. мир над головой
2. теплой кровати
3. свободой"
2023-02-14,,"February 14, 2023 11:20 PM","# 13.02.23

Created: February 14, 2023 12:30 AM
Last Edited: February 14, 2023 1:28 AM

думал мб начать писать дневник в доках гугла. типо там все в одном месте и проще кажется прогресс роста отслеживать и как меняются мое мировозрение мысли и тд. подумаю над этим что можно сделать. потому что писать и туда и сюда хуйня я заебусь по итогу нигде ничего не будет или там маленькая часть и здесь и это хуйня по итогу получается какая то

мб канал на ютубе завести? ммммм чет загорелся. мне бы было это интересно очень. мотивация научиться монтировать, потом еще один источник отслеживания моего изменения, потом фиксация моей жизни для просмотра в будущем и ностальгии, а потом психотерапия бесплатная своего рода, да и помочь людям смогу чем то. я искренний и открытый парень думаю многие смогут сопереживать с моими проблемами, да и я очень смешной так что смогу рассмешить людей. стоит подумать. не, я точно создам, а подумать надо над тем какой контент я могу и хочу там выкладывать

подписался сегодня на девочку с мфти. такая красивая умная и усердная. прям аааа. какие у нее сиськи. завидую. типо она и учится в мфти на красный диплом и блог классный ведет и красивая и работает и гуляет и развлекаться успеавает. красотка. а я что? я только развлекаюсь да отдыхаю

вообще очень сильно расстроен собой так то. потому что я не могу доверять себе ни в чем. никакие обещания не сдерживаю. сказал что буду каждый день делать фитнес комлпекс упражнеиний и что по итогу? нихуя. приехал домой после пар и улегся спать. а после ничего не хотелось делать. посмотрел просто видосы на ютубе. да и обещал так же каждый день делать определенные таски для прохода на стажку яндекса по итогу тоже нихуя. прокрастинация снова побеждает в каждой схватке и как по итогу в войне. эх. я устал. правда. зачем вооще жить? все чаще начинаю задаваться этим вопросом и не могу дать себ ответ. типо иногда я так сильно кайфую от жизни когда с друзьями рофлим или с классной девушкой гуляем или с братом общаемся. а когда один и надо работать делать что то для саморазвития то у меня не хватает мотивации и силы воли для этого и меня это очень очень огорчает прямо скажем

как то еще задумался что я очень люблю маму и бабушку и свою семью в целом. да мы очень разные с ними, не находим общих точек соприкосновения, не понимаем друг друга, разный юмор, не нравится их поведение, их нежелание меняться в лучшую сторону, экстремальная стабильность, но в конце концов когда у меня серьезные проблемы в жизни, то именно они приходят мне на помощь и вытаскивают из передряг. они меня обнимают, целуют, говорят что любят, находятся всегда рядом со мной чтобы ни случилось, какая бы ужасная ситуация не произошла. всегда именно они и за это я им бесконечно благодарен и очень люблю. в конце концов это моя семья. а семью не выбирают. и никто из моих друзей пусть даже самых близких, девушек, знакомых, хороших знакомых, крутых взрослых и тд ничего не делает когда я попадаю в полную пизду. когда на 110к наебали, когда из вуза отчислили, когда деньги нужны на одежду, когда деньги нужны на свое хобби и хотелки, когда купить гаджет какой то крутой - делает это ТОЛЬКО моя семья. никто больше. да я могу попросить помощи у друзей, но не такого масштаба. и это я сегодня осознал. надо ценить за это семью. они всегда, всю мою жизнь будут стоять за мной горой. пока смерть не разлучит нас. и я буду для них тем же самым. точнее я хочу быть, потому что сейчас я нихуя не привношу и не делаю, просто я хороший парень и все. как бы это тоже неплохо, потому что если не можешь сделать ничего полезного, то лучшее, тчо ты можешь сделать - это не мешать. или как говорят если нет ничего умного  или хорошего сказать, то лучше промолчать, за умного сойдешь

все канал создан. оформлен первоначально. теперь надо подумать над контентом и посмотреть вообще как видосы монтировать. можно кста запостить репортажи с мш мифи. потом какие нибудь разговорные видео как у леры или полины. не нужно сильно париться по этому поводу. главное упор делать на мою харизму и личность. у меня это сильно развито и точно зацепит. главное хуйню не нести и подумать какая сверхзадача

еще я понял сегодня что я совсем близок к тому идеалу парня, которым я хотел стать в детства. такая сигма, который просто своим присутствием ничего не говоря влюбляет девушек, что не он бегает за девушками, а они за него борятся, знакомятся сами, добрый, отзывчивый, смешной, дружелюбный, экстровертный, популярный, крутой, красивый, сексуальный, накаченный (до этого далеко как раз), легко флиртует и общается с девушками, который защищает и заступается за слабых, ментально сильный, уважаемый парнями, лидер, который не выпендривается а все просто чувствуют его силу, ничего не доказывает, смиренный и тд. ну ты понял. когда я мечтал постоянно и сейчас периодически мечтаю об этом как спасаю шоклу, как защищаю слабых от быдла или просто самого себя или слабака спасаю от гопников, всех один побеждаю и я герой. типично. так вот я очень близок к этому, осталось совсем немного. самое сложное - подкачаться.

хочу устроить себе сексуальную профессионалуьную фотосессию, чтобы как у мужской модели крутые фотки были. выложить в инсту и чтобы девочки текли, ставили лайки, писали положительные комментарии, и я чувствовал внутреннее удовлетворение. кайф. чтобы знаешь в нижнем белье, пресс видно, мышцы. лицо со скулами. все мега сексуально и красиво. и это будет финальный толчек в моем развитии на текущем уровне и дальше совершенно друие вершины будут

чет какие то новые тусовк нашел. точнее влад скинул от вшэ. блять и я постоянно еще думаю о том будто я недостаточно насыщенно проживаю свою молодость. типо это происходит когда я слушаю истории других людей. вот посмотрел лекцию от овчинкина и еще деда из мфти про их молодость и тд. так они два мега задрота додика но они так рассказывают об этом что я начал думать будто надо ускоритдь темп тусовок и их недостаточно. хммм. хотя у меня по фактам объективно дохуя тусовок было. даже слишком дохуища. дохуища пьянок, блэкаутов, кринжа, выпивки, разговоров, тусовок на хатах, в общаге, в коттеджах. я уверен что я на первых местах из всех моих знакомых. а я знаю много тусовщиков. и меня огорчает это почему то все равно. хотя я из за этого в учебе сильно проваливаюьс. влад даже сказал чт оя очень популярный. и руслан у которого онлайн школа есть и берет за уроки репетом 5к сказал типо да я что ли всех в мифи знаю?) ну типо я мега популярный и это факт. если даже сам влад у которого там 900 друзей в вк это подтвердил. и руслан тоже. и макс. и все. и вик. вообще все подметили один я страдаю это заметить и уверовать в это"
2023-02-14,,"February 14, 2023 1:28 AM","# 13.02.23

Created: February 14, 2023 12:30 AM
Last Edited: February 14, 2023 1:28 AM

думал мб начать писать дневник в доках гугла. типо там все в одном месте и проще кажется прогресс роста отслеживать и как меняются мое мировозрение мысли и тд. подумаю над этим что можно сделать. потому что писать и туда и сюда хуйня я заебусь по итогу нигде ничего не будет или там маленькая часть и здесь и это хуйня по итогу получается какая то

мб канал на ютубе завести? ммммм чет загорелся. мне бы было это интересно очень. мотивация научиться монтировать, потом еще один источник отслеживания моего изменения, потом фиксация моей жизни для просмотра в будущем и ностальгии, а потом психотерапия бесплатная своего рода, да и помочь людям смогу чем то. я искренний и открытый парень думаю многие смогут сопереживать с моими проблемами, да и я очень смешной так что смогу рассмешить людей. стоит подумать. не, я точно создам, а подумать надо над тем какой контент я могу и хочу там выкладывать

подписался сегодня на девочку с мфти. такая красивая умная и усердная. прям аааа. какие у нее сиськи. завидую. типо она и учится в мфти на красный диплом и блог классный ведет и красивая и работает и гуляет и развлекаться успеавает. красотка. а я что? я только развлекаюсь да отдыхаю

вообще очень сильно расстроен собой так то. потому что я не могу доверять себе ни в чем. никакие обещания не сдерживаю. сказал что буду каждый день делать фитнес комлпекс упражнеиний и что по итогу? нихуя. приехал домой после пар и улегся спать. а после ничего не хотелось делать. посмотрел просто видосы на ютубе. да и обещал так же каждый день делать определенные таски для прохода на стажку яндекса по итогу тоже нихуя. прокрастинация снова побеждает в каждой схватке и как по итогу в войне. эх. я устал. правда. зачем вооще жить? все чаще начинаю задаваться этим вопросом и не могу дать себ ответ. типо иногда я так сильно кайфую от жизни когда с друзьями рофлим или с классной девушкой гуляем или с братом общаемся. а когда один и надо работать делать что то для саморазвития то у меня не хватает мотивации и силы воли для этого и меня это очень очень огорчает прямо скажем

как то еще задумался что я очень люблю маму и бабушку и свою семью в целом. да мы очень разные с ними, не находим общих точек соприкосновения, не понимаем друг друга, разный юмор, не нравится их поведение, их нежелание меняться в лучшую сторону, экстремальная стабильность, но в конце концов когда у меня серьезные проблемы в жизни, то именно они приходят мне на помощь и вытаскивают из передряг. они меня обнимают, целуют, говорят что любят, находятся всегда рядом со мной чтобы ни случилось, какая бы ужасная ситуация не произошла. всегда именно они и за это я им бесконечно благодарен и очень люблю. в конце концов это моя семья. а семью не выбирают. и никто из моих друзей пусть даже самых близких, девушек, знакомых, хороших знакомых, крутых взрослых и тд ничего не делает когда я попадаю в полную пизду. когда на 110к наебали, когда из вуза отчислили, когда деньги нужны на одежду, когда деньги нужны на свое хобби и хотелки, когда купить гаджет какой то крутой - делает это ТОЛЬКО моя семья. никто больше. да я могу попросить помощи у друзей, но не такого масштаба. и это я сегодня осознал. надо ценить за это семью. они всегда, всю мою жизнь будут стоять за мной горой. пока смерть не разлучит нас. и я буду для них тем же самым. точнее я хочу быть, потому что сейчас я нихуя не привношу и не делаю, просто я хороший парень и все. как бы это тоже неплохо, потому что если не можешь сделать ничего полезного, то лучшее, тчо ты можешь сделать - это не мешать. или как говорят если нет ничего умного  или хорошего сказать, то лучше промолчать, за умного сойдешь

все канал создан. оформлен первоначально. теперь надо подумать над контентом и посмотреть вообще как видосы монтировать. можно кста запостить репортажи с мш мифи. потом какие нибудь разговорные видео как у леры или полины. не нужно сильно париться по этому поводу. главное упор делать на мою харизму и личность. у меня это сильно развито и точно зацепит. главное хуйню не нести и подумать какая сверхзадача

еще я понял сегодня что я совсем близок к тому идеалу парня, которым я хотел стать в детства. такая сигма, который просто своим присутствием ничего не говоря влюбляет девушек, что не он бегает за девушками, а они за него борятся, знакомятся сами, добрый, отзывчивый, смешной, дружелюбный, экстровертный, популярный, крутой, красивый, сексуальный, накаченный (до этого далеко как раз), легко флиртует и общается с девушками, который защищает и заступается за слабых, ментально сильный, уважаемый парнями, лидер, который не выпендривается а все просто чувствуют его силу, ничего не доказывает, смиренный и тд. ну ты понял. когда я мечтал постоянно и сейчас периодически мечтаю об этом как спасаю шоклу, как защищаю слабых от быдла или просто самого себя или слабака спасаю от гопников, всех один побеждаю и я герой. типично. так вот я очень близок к этому, осталось совсем немного. самое сложное - подкачаться.

хочу устроить себе сексуальную профессионалуьную фотосессию, чтобы как у мужской модели крутые фотки были. выложить в инсту и чтобы девочки текли, ставили лайки, писали положительные комментарии, и я чувствовал внутреннее удовлетворение. кайф. чтобы знаешь в нижнем белье, пресс видно, мышцы. лицо со скулами. все мега сексуально и красиво. и это будет финальный толчек в моем развитии на текущем уровне и дальше совершенно друие вершины будут

чет какие то новые тусовк нашел. точнее влад скинул от вшэ. блять и я постоянно еще думаю о том будто я недостаточно насыщенно проживаю свою молодость. типо это происходит когда я слушаю истории других людей. вот посмотрел лекцию от овчинкина и еще деда из мфти про их молодость и тд. так они два мега задрота додика но они так рассказывают об этом что я начал думать будто надо ускоритдь темп тусовок и их недостаточно. хммм. хотя у меня по фактам объективно дохуя тусовок было. даже слишком дохуища. дохуища пьянок, блэкаутов, кринжа, выпивки, разговоров, тусовок на хатах, в общаге, в коттеджах. я уверен что я на первых местах из всех моих знакомых. а я знаю много тусовщиков. и меня огорчает это почему то все равно. хотя я из за этого в учебе сильно проваливаюьс. влад даже сказал чт оя очень популярный. и руслан у которого онлайн школа есть и берет за уроки репетом 5к сказал типо да я что ли всех в мифи знаю?) ну типо я мега популярный и это факт. если даже сам влад у которого там 900 друзей в вк это подтвердил. и руслан тоже. и макс. и все. и вик. вообще все подметили один я страдаю это заметить и уверовать в это"
2023-02-12,,"February 12, 2023 9:07 PM","# 12.02.23

Created: February 12, 2023 8:29 PM
Last Edited: February 12, 2023 9:07 PM

как же меня вымораживает и раздражает мать. просто пиздец. какую хуйню несет. какие же у нее нулевые навыки общения. просто ноль нахуй. потом блять занятие за час отменили по вокалу - заебало. сука мне там за 1-3 дня необходимо предупреждать а им можно за полтора часа чтобы занятие не улетело. просто честность сука пидорасы. ну ладно мне похуй занятие осталось все равно было лень идти куда-то. я похуй решил. сказал матери и она начала блять теории выдумывать че то рассуждать че случилось говорить че то мне под ухо как так это же до каког числа ты будешь ходить и тд ебать это меня занесло. просто нахуй иди нахуй. дура тупая. вот все нормально было. нет надо было матери хуйню пиздануть свою желучь выбросить. она единственный человек который может меня в такую хуйню вогнать. общаться после этого никакого желания с ней не было. а еще ее тупой нахуй комментарий про то что “вася вода быстрее закипает с крышкой” блять мне хотелось ей челюху сразу снести. шлюха безмозглая. блять спасибо мамаша нахуй…

ох ох ох инет сегодня лагает бесит. уже второй день подряд выполняю фитнес упраженния и мне в кайф. уже чувсвтую эффект что сильнее становлюсь. мне это нравится. нашел свой баланс в упражнениях. надеюсь во вт и чт побегу как и планировал регулярно бегать. чтобы все сферы жизни развивать и держать их в балансе и гармонии. иначе хуего будет если хоть одна сфера в залупе. а у меня минимум две. даже 3. финансовая, карьерная и физическая. я бедный, на работу по специалности не берут и дрыщ ебучий. это хуего. надо решать. но меня радует что психологический аспект на высоте. оочень хорошо себя чувствую и умею держать под контролем. есть способоы как медитация, дневник рефлексий, дневноий эмоций, физ упр, поспать, подумать и тд. к психологу ходить мега помогает мне. гораздо лучше чем в мифи было. в мифи вообще хуйня в сравнении с этим. там за сеанс одну хуйню решали и все без какого либо продолжения. без обратной связи. дура тупая в общем. кашолка. как и все уебаны в мифи. чего от него ожидать. кусок дерьма совочий.

завтра охуенно оденусь в новый образ. надо обзавестись я думаю онлаййн гардеробом. у меня есть такое но там много хуйни надо прямо целенаправленно. владос еще с пэрэдайса подогнал ништяков приятных мерча. завтра с сумкой пойду. узнаю еще у дани че как там волосы белые сделать потому что он сказал он все сам делал а у него максимально чисто белый цвет. кайф. купил себе 11 занятий по вокалу а остальные деньги на 5 занятий потратил на худи с итачи которое хотел купить. я вообще гений. типо а потом в апреле просто докину за еще 5 занятий с переплатой всего тысячу. зато у меня и худи и столько же занятий будет. я уже 3 худи жду от никифилини с итачи, мадарой и гаро. оооох как же я жду недождусь в них походить. еще очень жду 3 марта чтобы мать снова 16к перевела и я заказал кроссы черные себе с стритбит. они ахуенные. и у меня будут ахуенные черные и белые кроссы. просто шик и блеск. какой же я модник. даже жанна заценила. хоть она меня летом прошлым и обосрала но когда с ней встретились она скзаала что я мега ахуенно и модно выгляжу. блять ну все. мечта выполнена. продолжаем развиваться. в апреле еще схожу в барбершоп крутой мьют. постригусь модно. и все. у меня и одежда и фигура и прическа и кожа и харизма и коммуникация и риз и все будет. девочки никакая не устоит. потом еще шмоток докуплю. найду работу на лето. а если удастся дист работу найти то супер. буду во время учебы работать и деньги свои будут. закажу себе шлюху с первой зп. точнее схожу сам к эскортнице потрахаться. а то уже 3 года почти не трахался. очень хочу засунуть член в пизду

когда с лешкой встретились чтобы он мне подарки передал попиздели час и обсудиили прыщики на члене белые и на залупе. он тоже сказал что ему врачи урологи говорили это абсолютно нормально. я спокоен. теперь уж точно

ох надо ускорять процесс развития. вообще я понял что я кайфую от процесса самого развития а не результата. мне нравится сам кжадый шаг видеть что становлюсь хоть чуть чуть лучше каждый день чем я был вчера. но надо быстрее темп делать. решать уже устоявшиеся проблемы. прокрастинация, неумение и лень конспекты писать, лень, отсутствие режима, плохоуй сон, отсутствие физ нагрузки, следить за кожей лица, здорово питаться, пить воду, эффективные методики обучения, быстрочтение и так же понимание хорошее прочитанного, как продуктивно и эффективно писать конспекты, больше рефлексировать, гораздо больше писать именно писать рефлексии и вообще че в жизни происходит чтобы потом было больше информации для рефлексии и делать выводы новые каким я вообще был. как изменился и так далее"
2023-02-11,,"February 11, 2023 10:56 PM","# 11.02.23

Created: February 11, 2023 7:11 PM
Last Edited: February 11, 2023 10:56 PM

у меня талант смешить людей и дарить им хорошее настроение?

много полезного про прокрастинацию узнал. понял много вещей. занялся спортом. уменьшил нагрузку и все сделал! в кайф причем. идеальная нагрузка. причем там очень мало но ничего. я уже слишком дрыщ поэтому надо хоть с чего то начинать. так позанимаюсь и бегать буду. как раз у меня почти каждый день первая пара. так что мотивация есть. это знак явно от вселенной. надо начать как я планировал по вт и чт бегать утром. только вставать не в 6 а в 5. небольшая разница"
2023-02-10,,"February 11, 2023 12:00 AM","# 10.02.23

Created: February 10, 2023 11:25 PM
Last Edited: February 11, 2023 12:00 AM

Сегодня проснулся в 16. Леш вчера в 22. Так устал вчера что пиздец. Ужас. Уснул просто потому что устал. Давно такого не было. Но поспал с кайфом полным. В последнее время часто смотрю хоррор короткие фильмы. Тренирую сопротивление к злым силам. Они должны бояться меня, а не я их. Они должны бояться моих внутренних демонов. Я тот кто демон для демонов

Еще открыл для себя разъебскую комедийную программу «разгоны». Очень годно. Мне нравится 

Что то так хорошо становится от разговоров с психотерапевтом на регулярном. Я прямо чувствую как я становлюсь сильнее, лучше, успешнее, как проблемы закоренившиеся глубоко во мне выходят наружу и решаются. Я принимаю их, избавляюсь от них и это позволяет мне двигаться дальше. И отца и отношения с девушками и прокрастинацию и суицидальные мысли и многое другое обсудили с ним. Мне еще много над чем нужно поработать, думаю в целом такими темпами мне еще два года понадобится. К сожалению хожу к Ниму не каждую неделю, а дай бог раз в две недели, обычно раз в месяц. Потому что типо у меня хорошее состояние по словам психолога и много запросов к нему, поэтому реже можно ходить. Очень жаль блять. Нахуй других. Мне нужно раз в неделю ходить чтобы быстрее стать лучшей версией себя. Пошли все нахуй блять суки. Ненавижу. Вообще прогресс Мега сильный. 

Отцу высказал за всю хуйню. Сэнпаю написал извинился и поблагодарил за все. Пригласил сходить как нибудь на секцию увидеться. На вокал в вс пойдк

Так счастлив что сходил на пэрэдайс в роли джокера. Ахуенные фотки получились. Хоть и сама туса не очень понравилась. Бляяяя джокер мне идеально подходит как персонаж. Начало моего косплейского начала. Фотки огооооонь просто. Наконец то закончилась эра экстравагантных цветов волос вернулся к блонду. Два раза обесцвечивал волосы но все равно проебалсч нахуй. Потому что получились желтые волосы. Как меня это заебало. Как меня это нахуй бесит уже. Ч просто хочу получить белые сука волосы и все. Разве я много прошу? Как это нахуй сделать блять. Как как как как? Ч не пойду к парикмахеру. Ч должен научиться сам

Но хочу сходить в крутой барбершоп в Москве. Mute например. Главное денег накопить на это. 5к нужно. И буду самой модной девочкой на районе. Аааа как же я пхуенен. Боже каким же я красавчиком то стану после похода туда. За весну я сделаю и куплю все что необходимо было для того чтобы стать мега модным парнем. Блять оргазм реально. Просто ахуеть. Такой кайф. Как же жду недождусь уже чтобы мне там сделали ахуенную причёска!!!!!! Потому что я уже не могу найти себе то что я хочу. В апреле куплю кроссы черные. Серые штаны и худи в марте. Также привезут к марту 3 худи анимешные. Постоигусь ахуенно в апреле. Рюкзак черный и белый в апреле-мае, жилет норфейсовксий, жилет для костюма черный, трусы еще однотонные, выброшу старые детские, плавки черные новые, крутой и дорогой бизнес портфель АААААААА КАКОЕ ЖЕ СЧАТСЬЕ. девки будут в восторге просто течь от моего вида

Еще Ульяна блять меня бесит. Сука так ахуенно погуляли и общались. Потом решил значит не писать первый так мы 3 недели не переписывались и не общались вообще. Вчера только ответила мне на историю один раз и все. Блять. Ч собирался признаться ей в чувствах что она мне очень нравится и не как друг а как девушка и спросить что она думает обо мне. А теперь я не знаю что делать. Уже пошло нахуй. Мало того что момент ушел тут уже чувства ушли давно явно у нее да и у меня. Похуй. Просто похуй. Блять ну какая же она красивая милая просто солнышко интересная смешная кайфовая а улыбка ее мммм загляденье. Обожаю ее. Я влюбился явно и привязался к ней. Но походу пора отвязываться потому что этому конец. Нашим отношениям конец. Оно и к лучшему. Потому что я уверен она поебется с тем ебланом что ей мозги ебет а она терпит и говорит типо ей похуй совершенно. Но не блокирует же его а продолжает общатьс, встречаться, искать поводы, отвечать, ехать в такси вместе и позволять трогать себя и сосаться с ним… с одним челом она вообще готова была трахаться в первый раз если бы только у него презики были. Парень знатно проебалсч конечно жесть. Мог бы забрать девственность у такой пиздатой девушки. Ох ну и фигурка у нее. Как же хочется пожмякать ее грудь сладкую и упругую. Ох. Засосать не смачно. Заставить ее сделать мне минет. Ах. Все бабы одинаковые. Все бабы дуры. Я нбал их в рот всех. Все тупые пезды сохнут по ебланам и мудакам которым похуй на них и относятся к ним как к говну… блять да в чем нахуй логика поясните мне кто нибудь. Ч не могу найти ее. Ну сука я же ахуенный парень объективно. Так долго работал над собой чтобы сделать себя таким классным парнем. А им похуй всем. Я дом них всегда лучший друг. Ебаная френдзона постоянная. Ну блять и выбирайте ебланов. Женитесь а потом живите в аду с ним и в конце концов разведетесь или он убьет тебя дура тупая. П я буду жить в кайф"
2023-02-05,,"February 5, 2023 1:06 AM",
2023-02-03,,"February 3, 2023 11:34 PM",
2023-01-28,,"January 29, 2023 12:03 AM","# 28.01.23

Created: January 28, 2023 11:15 PM
Last Edited: January 29, 2023 12:03 AM

Какая же мать сразу тупая я ее ебал в рот. Ненавижу ее. Какие она и бабушка тупые бесполезные животные. Сука прожили жизнь впустую. Тупые суки. Ненавижу их. Просто как младенцы. Бесполезные. Ничего не умеющие. Ничего не знающие. Не способные чему либо обучить. Не способные воспитать взрослого человека самостоятельно. Потокающие любым упрекам ребенка. Мерзко противно отвратительно. Они и такие же создания. Мне стыдно что они моя мама и бабушка. Ужас самый настоящий. Как меня они заебали. Поскорее бы бабушка уже умерла. Хватит с нее. Ничего полезного не выйдет. Только оседает на шее и мешает. Скоро в овощ превратится совсем. Хорошо хоть больше не срет в трусы и не падает в обморок. Господи. Как я все это ебал. Все приходится делать и учиться самому. Даже их перевоспитывать. Что в принципе невозможно. Потому что они овощи тупые. Застывшие в ссср и не знающие слова «меняться». Куски говна два тупых. Ну как можно быть такими я не понимаю?!???? Сука. Просто какими они были когда я родился так они такими буквально и остались. Ничего в них не поменялось. Пошли вы нахуй. Ненавижу. Какие вы слабые. Какие вы жалкие букашки. Я в шоке. Нужно срочно искать работу, заработок стабильный и большой денег и отсоединиться от этого паразита. Жить отдельно. Заботиться о себе сам. Полностью стать самостоятельным и автоматизированным. Это больше невозможно продолжать. Какие они животные тупые. Сука ебал вас идите нахуй. Ничему новому не хотят обучаться. Вообще не хотят никак в жизни преисполняться. НАХУЙ ПОШЛА МАТЬ И БАБЦШКА Я ВАС ШЛЮ НАХУЙ ВЫ ТУПЫЕ ДВЕ ДУРЫ. Тупые женщины. Бесполезные блять.

Как же меня еще выносит из тема с разговорами самой с собой. Точнее не разговоры а обсираеме негатив жалобы и тд. Блять сука еще так громко что по всей квартире слышно. Какие же вы дуры тупые. Блять контролируйте себя и свои эмоции. Мука. Еще коммуницировать не умеют дуры. Я ебал. Нахуй. Пиздец. Как меня все это бесит. Как они меня заебали. Как же я хочу жить один. Зарабатывать сам. Заботиться о себе сам. Покупать себе что захочу на свои заработанные деньги. Трахаться с разными девушками каждый день у себя в квартире из клуба. Тишины. Спокойствия. Контроля. ВААААААААААААААААААААААААААААААААААААААААААААААААААААААААААААААААААААААААААААААААААААААААААААААААААААААА ПХУЙХЦАХАХВДЦЗЫХВЗАЩВХВЖВЖчжажапждпвлвоалад боять 

Сука она еще открывает дверь в мою комнату и чавкает как свинья ебаная. Эта тупая ее привычка входить и просто тупо стоять ждать погоды у моря. Блять как это меня вымораживает. Просто сука бесит. Нахуй. Она всегда и до сих пор это делает. Никаких изменений на полученный фидбек

Как заебала бабка с едой с нпвыязывантем с бессмысленной жизнью как мы уехали. Только ради нас с братом жила бабка. Цель закончена. Можно умирать спокойно

Мать блять каждый сука раз как мы приходим говорим ей что нам нужно личное пространство, не надо нас расспрашивать нет блять ей похуй м каждый раз она делает одно и тоже нахуй. Допрос. Сука мы устали пришли. Отъебись. Потом мы как отдохнем сами тебе все и больше расскажем. Подожди блять дура старая"
2023-01-26,,"January 26, 2023 12:40 AM","# 25.01.23

Created: January 26, 2023 12:32 AM
Last Edited: January 26, 2023 12:40 AM

как же я люблю Улю. в следующую нашу встречу признаюсь ей. только я уже на опыте. поэтому не буду говорить что люблю. скажу просто что она мне нравится в романтическом плане и что она обо мне думает. если скажет нет - окей, тогда смогу спокойно чилить и дружить дальше с ней, если да - то заебись, значит я ей нравлюсь как парень и мы можем пытаться строить отношения. она такая милашка божечки. крошка. так и хочется ее затискать. все время с ней проводить. смотреть как она улыбается. смеяться с ней. подкалывать ее. тролить. обнимать. целовать. лишить девственности. показать что такое настоящая любовь. ээээх. надо признаться. а то меня дикая грусть накатила сейчас что я терпила и ничего не делаю и не говорю. надо дальше пытаться а то все так и буду додиком с девушками позером. все думают что я бабник дикий а на деле ноль. просто ноль. единственный секс со шлюхой был. и то 3 года назад почти. поцелуи только с дурами из клубов. только с дашей был искренний. романтичный. эхххххх. блять заебало. хочу трахаться дико. тупые деффки

еще извинился сегодня перед корефанами. паулем жекой и эндрю. за то что я был маленькой мразью. они приятно восприняли. скзаали что все норм и только приятные воспоминания обо мне у них остались. я так рад. надо написать еще сэнпаю и отцу. и все готово. мои гештальты закрыты будут. просто написать. даже не так важен их ответ. как сам факт что я сделал это. потому что это необходимо. я не могу объяснить рационально почему но я чувствую. чуйка найтие подсказывает а ему я доверяю. это продвинет меня в общении со взрослыми и в моем восприятии меня"
2023-01-20,,"January 20, 2023 11:59 PM","# 20.01.23

Created: January 20, 2023 11:18 AM
Last Edited: January 20, 2023 11:19 AM

Как же я хочу трахнуть Жанну. Господи как же я хочу ее трахнуть в ее нежную пизденку полапать ее огроменные сиськи. Засосать ее губы смачно. Шлепать сколько я хочу ее по жопе и мацать ее ка ксвежую буханку хлеба. Ах как же бы я ее жестко и долго трахал бы…"
2023-01-20,,"January 20, 2023 11:19 AM","# 20.01.23

Created: January 20, 2023 11:18 AM
Last Edited: January 20, 2023 11:19 AM

Как же я хочу трахнуть Жанну. Господи как же я хочу ее трахнуть в ее нежную пизденку полапать ее огроменные сиськи. Засосать ее губы смачно. Шлепать сколько я хочу ее по жопе и мацать ее ка ксвежую буханку хлеба. Ах как же бы я ее жестко и долго трахал бы…"
2023-01-19,,"January 19, 2023 11:45 PM","# 19.01.22

Created: January 19, 2023 11:41 PM
Last Edited: January 19, 2023 11:45 PM

к сожалению две недели ничего не писал. поглощен просмотром фильмов. посмотрел уже около 40. кайф. буквально целыми днями сижу и смотрю всякие фильмы сериалы для себя открываю. уже дофига годноты нашел. но в тоже время слежу за собой. правда режим в пиздец. вчера в 4 уснул сегодня до 17 спал хех. но а похуй. завтра встану побегу кружок по подолоьску. хочу поробовать. надо начать только. в 6 встану. а после посмотрю сериальчики новые. с лией надо договориться встретиться. с улей пойдем гулять во вторник. на выхах с тимохой увижусь урааа. надеюсь с лией удачно получится. хочу увидеть ее. а то она сука как тупая деффка делает дату не назнчает сроки не говорит просто общими вопросами откидывается. сука ненавжуи таких девок тупых. пошла нахуй. жду куртки норф фейс. одна в конце января приедете а вторая в конце февраля. еще худи с гаро будет в середине февраля думаю. аааа какой кайф. потом куплю себе черные кроссы из стрит бит, жилет норф  фейс и полный сет серый худи+ штаны и сделаю как на фотке у меня. ааааа какой кайф. надо с деньгами разрибаться. чтобы был постоянный заработок. решать вопросик. познавать мир. становиться взрослее. а еще забыл в сб будет мастер класс от юсупа. будет интересно тоже схожу. потому что только он меня сейчас может прокачать в соблазнении"
2022-12-31,,"December 31, 2022 12:10 AM","# 30.12.22

Created: December 31, 2022 12:04 AM
Last Edited: December 31, 2022 12:10 AM

сходил к психологу обсудили мои отношения с девушками. очень много полезных инсайтов и какая тема то обширная оказывается. столько моих страхов нашли, что не хватило времени обсудить. будем продолжать работать. еще обязательно надо обсудить отношения с матерью и бабушками, семьей. так заебала эта ебатория чесн слово. как я рад что я наконец то набрался сил об этом поговорить с кем то, так еще и с психологом!! горжусь собой реально. красачик.

съезлил по магазам посмотрел куртку норф фейс. она стоила 20 теперь 31… и 47к какая то… я ебал в рот. ахуеть цены у них. заказал реплику с озона. и вообще дохуя всего заказал и одежды и настолок и прочего. на подарок зины. даже возможно так будет лучше. мб реально оригинал привезут в чем я конечно сильно сомневаюсь но нажедда умирает последней. и закрою наконец то свой гештальт про настолки. теперь у меня будут заебатые настолки которые можно с собой брать! очень рад этому реально. экивоки еще стоит купить себе. надеюсь одежда еще по размеру, качеству и посадки подойдет. очень надеюсюь. хочу уже в черной куртке ходить. ее правда привезут в начале февраля из за границы но да ладно. похожу месяцок хоть. да и весной можно спокойно я думаю"
2022-12-28,,"December 28, 2022 11:48 PM","# 28.12.22

Created: December 28, 2022 3:20 PM
Last Edited: December 28, 2022 11:48 PM

Ужасно спал сегодня. Не мог заснуть очень долго. Хоть проснулся рано как и планировал. Посмотрел фильмы что хотел. Приготовил себе сам и обед и ужин. Очень вкусно! После мне было абсолютно нечего делать и никакой мотивации что либо делать. Просто сидеть и все. Да даже этого не хочется. И спать не хочется. Нихуч не хочется. Такое отвратительное чувство. Хз как описать. Буквально мне грустно и стыдно что я просто сижу и ничего не хочется. Ни отдыхать ни чилить ни ботать ничего. Только залипать за рилсами в инсте."
2022-12-27,,"December 27, 2022 11:38 PM","# 26.12.22

Created: December 27, 2022 12:24 AM
Last Edited: December 27, 2022 12:27 AM

кайфуша день. степа все таки сделал видео. я поспал норм. успел на англ. лампово пообщался с линой и поздравил ее с др. она меня еще тортом угостила. такая она лапочка. с ее подружками познакомился правда не помню их имена… как обычно. надо исправить эту ситуацию. сходил на школу молододго ученого посидел послушал. параллельно этому сидел онлайн на вебинаре от сбера эай. интересно. с тимохой поговорили а потом я сходил на спектакль/балет щелкунчик у нас в мисисе бесплатно. кайф

правда как я уже устал возвращаться поздно. чет реально заебало. это стоит того но просто когда я выхожу из мисиса то это день сурка начинается. всегда одно и тоже. бесит. хорошо хоть на автобус успел. ебнулся правда об ебучий скользкий лед сука. как меня он бесит сука мразь. подумал что пальто порвал чуть не взорвался а слава богу это так и должно было быть

колечко пришло топовое. наконец фул сет колец что я хотел. как будто в вовку играю реально. кайф. и краска пришла. сделаю себе красныый цвет заватр. у меня выходной завтра весь день дома сижу"
2022-12-27,,"December 27, 2022 12:27 AM","# 26.12.22

Created: December 27, 2022 12:24 AM
Last Edited: December 27, 2022 12:27 AM

кайфуша день. степа все таки сделал видео. я поспал норм. успел на англ. лампово пообщался с линой и поздравил ее с др. она меня еще тортом угостила. такая она лапочка. с ее подружками познакомился правда не помню их имена… как обычно. надо исправить эту ситуацию. сходил на школу молододго ученого посидел послушал. параллельно этому сидел онлайн на вебинаре от сбера эай. интересно. с тимохой поговорили а потом я сходил на спектакль/балет щелкунчик у нас в мисисе бесплатно. кайф

правда как я уже устал возвращаться поздно. чет реально заебало. это стоит того но просто когда я выхожу из мисиса то это день сурка начинается. всегда одно и тоже. бесит. хорошо хоть на автобус успел. ебнулся правда об ебучий скользкий лед сука. как меня он бесит сука мразь. подумал что пальто порвал чуть не взорвался а слава богу это так и должно было быть

колечко пришло топовое. наконец фул сет колец что я хотел. как будто в вовку играю реально. кайф. и краска пришла. сделаю себе красныый цвет заватр. у меня выходной завтра весь день дома сижу"
2022-12-26,,"December 26, 2022 12:48 AM","# 25.12.22

Created: December 26, 2022 12:46 AM
Last Edited: December 26, 2022 12:48 AM

сегодня был ахуенный день. за долгое время я впервые сделал все таски что запланировал и горжусь собой. такое приятное чувство. причем сделал в первой половине дня считай не дотягивая до последней минуты. красачек внатурэ! только ебаный степа сука. видео не смог сделать. мудак блять как у меня с него очко горит сука 4 дня у дебила было видео сделать так он начал блять в последний момент мудак. теперь кому то из нас с колей придется его делать. аааааа сука даун тупой. как очко гоирт. я ебал его в рот. если я его сделаю то получается что проект чисто я сделал. а парни нихуя. и договорился встретиться и снять как что и сценарий и звук обработал и видео если еще… то нахуй они то нужны?"
2022-12-25,,"December 25, 2022 3:14 AM","# 24.12.22

Created: December 25, 2022 3:05 AM
Last Edited: December 25, 2022 3:14 AM

встал в 14 часов. хоть выспался наконец то. с кайфом поспал. сны разные снились. прикольно. мне нравится что снятся сны. они интересные. потом покушал. поиграл с братом 3 часа. с бабушкой томой поговорил. вчера с зиной разговаривал. как же я жду не дождусь нг чтобы бабушка дала мне 25к и я пошел за заветной черной курткой от норф фейс. ааааа как же я уже в предвкушении сууука. ооооаооаоаоаа. потом на очереди кроссвоки черные из стрит бита. еще очень хочу начать ходить на вокал в студию подольска. убрать монотонность в голосе и научиться петь. главная задача на год после стажировки в яндексе. наконец то я дома сижу весь день и могу полностью его уделить себе любимому. аааа я так счастлив. так устал куда то ходить и гнаться за кем то

как же мне не хватает любви. вокруг меня столько ахуенных девушек а я один еще холостяк… как же я люблю ульяну я не могу. она такая красотка а улыбка ее… а чувствов юмора и волосы маши ммм просто сказка. красотки"
2022-12-24,,"December 24, 2022 12:04 AM","# 23.12.22

Created: December 24, 2022 12:01 AM
Last Edited: December 24, 2022 12:04 AM

как я устал. слава богу выходные когда я дома сижу. так давно такого не было. постоянно в вуз езжу на что то. так устал ты не представляешь. господи. как же хочется отдохнуть. заставляет задуматься. потом ведь придется работать и там уже и больше и труднее время будет проводиться. так то я просто езжу и сижу лекции слушаю или общаюсь просто без напряга. а тут отвественность и надо делать постоянно что то порой что не хочешь совсем. пизда. не хочу так жить. не хочу работать 9-5 работе всю жизнь - нахуй такое. надо выходить из матрицы. надо стать независимым не только от людей из окружения но и в принципе от боссов, миллионеров. денег, государств, президентов и кого угодно. полность автоматичным"
2022-12-23,,"December 23, 2022 3:38 AM","# 22.12.22

Created: December 23, 2022 3:35 AM
Last Edited: December 23, 2022 3:38 AM

бля крч хуйня пришла от следственного коммитета. по поводу армейки. подсел на очко но вроде хуйня пронесло. живем. сегодня день кайф. лекцию послушал. понял что сделал правильный выбор вуза в этот раз. посидел на новогодней скзаке. так еще и с машей рядом. милашка. с тгк познакомились теплее. написал рофлостих на тайного санту завтра челу. подарок подготовил. наряд подготовил. завтра еще пойду на сходку поэтов мисиса. будет клево. еще и англ будет. проект правда так и не сделали… ладно похуй честно говоря мне и 4 хватит. я уже нихуя не хочу делать. хочу чилить и ботать хард скилы дома. смотреть лекции и курсы что только есть в инете. и на стажку залететь потом на изи в яндекс."
2022-12-20,,"December 20, 2022 11:38 PM","# 20.12.22

Created: December 20, 2022 11:32 PM
Last Edited: December 20, 2022 11:38 PM

Бля сегодня крутой день. Как же обожаю мисис. Люблю даже. Мне приказ одобрили в общагу но придется снова с директором пиздеть. Так что шансов мало но есть. Как же я хочу уже Новый год и к бабушке Зине пойти чтобы она мне дала 25к и я себе Курту норф фейс купил. Аааааа очень хочу черную чисто. Сегодня еще был сайнс слэм очень интересно. Как же мне нравится что здесь направленно на стартапы бизнес деньги. В мифи таких слов не знают наверное. Получил скорее всего автомат за вычмаш, что меня дико радует. Буду весь январь отдыхать, точнее ботать харды к стажке Яндекса летней. Курсы проходить. Жесткий бот будет"
2022-12-16,,"December 16, 2022 2:55 AM","# 15.12.22

Created: December 16, 2022 2:53 AM
Last Edited: December 16, 2022 2:55 AM

чет вроде нихуя делать не надо было по минимуму по итогу я вообще нихуя не сделал по учебе. бля как я в мифи учился я в шоке. там такая пизда была бы уже. здесь же и идз и лабы и хуйню и англ. нихуя не сделал но мне нихуя не будет. однако самому не приятно. теряю доверие к себе - это самое страшное. покрасился в красный сегодня. кааааайф. реально ведь глаза выделяются мои зеленые . девочка не врала хех. вот это последний цвет из цикла тех что я хотел попробовать. наконец то. хочу вернуться к нейтральным цветам. хотя я вот тут думаю мб зеленый еще чтобы джокера закосплеить так скажем. но красный я оч хотел. он такой вызывающий. что то совершенно новое и не мое. я спокойный а это такой львовский, вызывающий цвет позера. испытание."
2022-12-14,,"December 14, 2022 12:13 AM","# 13.12.22

Created: December 14, 2022 12:10 AM
Last Edited: December 14, 2022 12:13 AM

блять как хочется сломать ебло витале и какой андрей долбоеб я в ахуе. как же заебали тупые школьники и дети. в мифи такого не было. сука. завтра заебатый день. много ивентов полезных. сегодня тоже хороший был. очки вернулись. не мои но похожи очень. с ульяной мило пооблщались. сходил на лекцию. погулял. почитал. нормально. у меня пиздец сейчас насыщенная жизнь и дохуя мероприятий но как домой возвращаюсь то как будто день сурка начинается. каждый раз одно и тоже. и мать дико заебала каждый раз одну и ту же хуйню делать. достало. заебало. нахуй жить так. а потом работать когда то я сдохну думаю…"
2022-12-13,,"December 13, 2022 12:40 AM","# 12.12.22

Created: December 13, 2022 12:37 AM
Last Edited: December 13, 2022 12:40 AM

занял 4к у антона седня. накупил кучу классных вещей. все по плану. отдам всем точняк. лиза сказала что я очень смелый и уверенный и она уважает меня за мое мотто что смелый тот кто боится но делает. дико приятно. преподша по ораторке сказала что у меня ахуенный голос. прям пиздец нравится. она буквально сказала “не знаю можно ли здесь что то лучше сделать”

today was a great day!

tomorrow will be a great day!

еще с аминой лампово пообщались. взял у нее инсту еее я же говорил она есть у нее. хочу ее трахнуть. еще оле с ораторки помог с большими сиськами. хочу дико ее трахнуть. милашки девочки"
2022-12-12,,"December 12, 2022 1:08 AM","# 11.12.22

Created: December 12, 2022 12:54 AM
Last Edited: December 12, 2022 1:08 AM

отпраздновали др бабушки Томы. нихуя не дарил ей тк денег не было свободных а тратить не хотелось на хуйню типо конфет. цветы можно было но они дорогие а 3 хуйни дарить стыдно. ну она не обиделась вроде. мне еще повезло что в этот день пришло письмо ей что я писал на день матери. и она расстрогалась от него. очень приятно и мне и ей. покушали роллов сочно. обожаю хатимаки ресторан роллов. лучший в россии я считаю буквально. очень вкусные роллы все. красиво упаковано. красивый сайт. ценые дешевые в сравнении с якиторией той же самой. ставлю лайк. дома как пришле то постирал, повесил белье, разобрал вещи, покушал роллов еще с кайфов за просмотром видосов с канала юфс. как раз в сб-вс ночь проходил юфс 282 вроде. эмбедед, каунтдаун посмотрел все дела. много чего узнал что хотел от людишек по поводу записи треков. балдеж. двигаемся вперед на полной скорости. я очень рад и горжусь собой. кем я стал я бы пять лет назад и представить не мог что не то что могу быть ТАКИМ ахуенным,а что смогу стать хоть среднячком… я - лучший просто. так люблю себя дорогого. сейчас посмотрю фильм с райаном гослингом думаю. опять режим проебываю…

еще написал маши может пососемся по рофлу. на мужика. как же хочу ее засосать. с жанной поговорили и я прям чувствую свою доминацию, свою харизму и силу над ней. как же я хочу ее трахнуть и потрогать ее огромные дойки аааааа. я же могу это сделать. надо просто закомититься и все. она готова буквально - осталось только открыть микроволновку. она неявно миллион раз в разговоре намекнула что хочет меня! давай брат трахай сучку"
2022-12-11,,"December 12, 2022 12:54 AM","# 10.12.22

Created: December 11, 2022 12:10 AM
Last Edited: December 12, 2022 12:54 AM

день пизда полная. сука на очке ебейшем весь день. проебал турнир по дебатам сука а так хотел пойти. проебал телефон где то!!! сука так плакать хотел но не шли слезы. просто пизда. слава богу связался с поддержкой яндекса а они с водителем. все успешно прошло. мужику дикий респект. люблю его. отдал просто так телефон. господи спасибо тебе огромное мужик. лучший!! как же я рад. а то кирпичей навалил знатно блять. так я у него еще и один наушник и одну перчатку оставил… блять нужно научиться отказывать людям. нет - значит нет. сука. вот не хотел бухать. нет блять ебучий ваня манипулятор. и слабак поддался влиянию девушки - Маши. не то чтобы было хуего. мы на изи могли пососаться. она меня в щечку целовала много и я ее. обнимались. дохуя тактилок было. прямо дохуя. еще после импрова посидели вместе вдовем и я полежал на ней на ее груди шее, животе и она вообще не была против этого. совершенно. я думаю если я закомичусь и решусь сам себе то сделать ее моей девушкой - готовое дело по сути. но блять есть же еще ульяна… она такая тоже ахуенная господи. ааааа как тяжело. да и нахуя мне девушка как с ней что у меня на себя денег не хватает… ладно разберемся брат. главное телефон отдали нахуй и не блевал в тачке

еще прекращаю дрочить с сегодняшнего дня. обещаю нахуй. в пизду. а то у меня пропадает желания секса, животного инстинкта к девушкам - это ужасно. очень плохо. так еще и дрочить - для меня уже отвратительно. такое неприятное чувство после и физически и ментально .да и сам процесс занимает миллион лет. нахуй надо. я блять порнуху на которую смогу кончить буквально по часу ищу. потому что видел все или слишком неинстересное. поэтому больше я не дрочу! хочешь кончить - трахай девок. что хочешь как хочешь делай но трахать . твоя проблема. но дрочить нелья! все. точка. мужик сказал - мужик сделал

еще ебаные бабушка с мамой со своим гилтрипом. тупые дуры две. нихуя не понимающие в жизни чему то м еня пытаются научить. бесполезные блять дети. мешки денег. да я ошибся и я тоже очень волнуюсь нет блять дура на томе меня гилтрипит и хуесосит. иди нахуй бабушка! иди нахуй мама! ненавижу вас за это, за пассивность и слабость. вы - слабаки и неудачники"
2022-12-09,,"December 9, 2022 2:36 AM",
2022-12-08,,"December 8, 2022 12:08 AM",
2022-12-07,,"December 7, 2022 2:47 AM",
2022-12-06,,"December 6, 2022 1:36 AM",
2022-12-05,,"December 5, 2022 12:53 AM",
2022-12-01,,"December 1, 2022 11:37 PM",
2022-11-30,,"December 1, 2022 12:28 AM","# 30.11.22

Created: November 30, 2022 11:44 PM
Last Edited: December 1, 2022 12:28 AM

сегодня нормуль день. вчера сука мероприятие отменили до сих пор обидно ведь из за него встречу с антоном пришлось отменить. в итоге не рыбку съел ни на хуй не сел грустно. но это жизнь что поделать. господи какой же я молодец лапочка зайчик. завтра дедлайн по тестам по истории и осталось 10 минут так я побежал их делать, а оказалось что я их уже давным давно сделал, ведь знал что так и будет как и произошло. как же я горжусь собой. реально так приятно стало. спасибо, любимый из прошлого, что сделал такой замечательный подарок для меня из настоящего.

так вот сегодня проебал режим. встал в 10. чет снова вставать стало ультра хард. как белка в колесе бегаю, дисциплина тоже пропадать начала. не читаю совсем в элках и не слушаю аудиокниги уже почти… печально. дай бог смотрю лекции какие нить. или страшилки, что закалить дух. поиграл в бункер во второй раз сегодня. интересно было. получилось лучше мне кажется, но здесь и атмосфера совсем другая была. как будто проще, потому что девок не было. а парни понимающие попались без быдла. доволен в общем. жаль отменились дебаты сегодня и я забыл про лекцию в т корпусе, хотя написал себе все в календаре, но да ладно зато домой пораньше приехал хоть. как же мне нравится вика зам преда ЦКП и деушка председателя. ля просто конфетка. такая красивая милашка и душка. прям так и хочется затискать в объятиях. и в общении очень приятна. ульяна тоже солнце просто. маша уже меньше нравиться начинает. с ней просто как то диалог не идет и мне лень его поддерживать как то. а так она хорошая. у меня нет цели с ней встречаться поэтому звать я никуда не собираюсь ее. да и никого вообще. просто так получилось что меня ульяна позвала в сб тусить всю ночь. ну как я ей откажу ну. хотя у меня буквально ноль денег… зато хоть долги все по таймингам отдаю что меня очень радует. что говорить красота требует жертв и я только на примере это подтверждаю. не жалею ни очем. лучше на одежду потратить, нежели чем на выпивку и тусовки. на них я достаточно потратиля. а одежды у меня не было норм, хуевая только была. теперь прям модником стал буквально. люди стали комплиментировать мою одежду и стиль! никогда такого раньше не было.

написал рефлексию, карту самоанализа психологу Сергею знатную, прям на 4 страницы хех. рассписал все основные проблемы на сегодняшний день. и про прократсинацию и про мать и про девушек и про деньги и про отказ и тд. реально легче стлао после того как выписал и из себя вынес

еще гад ов вор рагнарек вышел. сука так зочу поиграть в него но денег нема("
2022-11-29,,"November 29, 2022 10:40 PM","# 29.11.22

Created: November 29, 2022 10:33 PM
Last Edited: November 29, 2022 10:40 PM

как же много вокруг меня девушек. как же много общения и интеракций разнообразных и новых. просто жесть. я устаю что то. совсем закружился как белка в колесе. приехал домой и итак устал после ивентов пар платформы предпринимательства новых знакомств неуклюжих диалогов интеракций неслучившегося ивента, так мне еще нужно было дохуя кому ответить и написать. аааааа заебало. какая же я реально социоблядь. андрей сказал что я похож на парня который избирательный с кем разговаривать, любящий ломать стереотипы и колритная личность. он уважает меня сказал. приятно очень. сказал что в кратце я раньше был зумером лохом а теперь стал зумером гигачадом за саморазвитие и тд. круто звучит. особенно заебало с машей общаться бля. столько гсов видосов и тд. и я обязан такое ощущение так же отвечать. меня так это заебало чесн слово. но сухо я не могу ответить. я боюсь в тоже время потерять это еждневное общение обо всем. я могу маше буквально все рассказать. никому больше нет такого человека. хотя я чувствю как мы не всегда на одной волне находимся. постоянно у нее резкая реакция на событие неприятные. типо ссор или тд, что человек пидор и не надо с ним общаться. заебала эта резкость честно говоря. побывал сегодня впервые в крутом т корпусе. в ахуенной аудитории так еще и знатно похавал. ахуенно. обожаю мисис. завтра дебаты будут и в бункер поиграю. думаю пропущу занятие по вокалу потому что бункер как то перспективнее звучит. а то вокал меня сильно разочаровал. преподша лоускилл в преподавании. только с умелыми работает. никакого фидбека не дает. пошла нахуй.

пошел нахуй никита мой одногруппник. такой противный пидор. сука засел в мне в голову после своего неявного обзывания меня лохом и своей мимикой и реакциями на мой новый цвет волос. как же он меня заебал ты не представляешь. такой сука токсик вонючий. уебище конченное. как он вообще себе девушку найдет я не знаю. это невозможно. он душнила токсичный. аааа бесит меня хуйлуша"
2022-11-29,,"November 29, 2022 12:08 AM","# 29.11.22

Created: November 29, 2022 10:33 PM
Last Edited: November 29, 2022 10:40 PM

как же много вокруг меня девушек. как же много общения и интеракций разнообразных и новых. просто жесть. я устаю что то. совсем закружился как белка в колесе. приехал домой и итак устал после ивентов пар платформы предпринимательства новых знакомств неуклюжих диалогов интеракций неслучившегося ивента, так мне еще нужно было дохуя кому ответить и написать. аааааа заебало. какая же я реально социоблядь. андрей сказал что я похож на парня который избирательный с кем разговаривать, любящий ломать стереотипы и колритная личность. он уважает меня сказал. приятно очень. сказал что в кратце я раньше был зумером лохом а теперь стал зумером гигачадом за саморазвитие и тд. круто звучит. особенно заебало с машей общаться бля. столько гсов видосов и тд. и я обязан такое ощущение так же отвечать. меня так это заебало чесн слово. но сухо я не могу ответить. я боюсь в тоже время потерять это еждневное общение обо всем. я могу маше буквально все рассказать. никому больше нет такого человека. хотя я чувствю как мы не всегда на одной волне находимся. постоянно у нее резкая реакция на событие неприятные. типо ссор или тд, что человек пидор и не надо с ним общаться. заебала эта резкость честно говоря. побывал сегодня впервые в крутом т корпусе. в ахуенной аудитории так еще и знатно похавал. ахуенно. обожаю мисис. завтра дебаты будут и в бункер поиграю. думаю пропущу занятие по вокалу потому что бункер как то перспективнее звучит. а то вокал меня сильно разочаровал. преподша лоускилл в преподавании. только с умелыми работает. никакого фидбека не дает. пошла нахуй.

пошел нахуй никита мой одногруппник. такой противный пидор. сука засел в мне в голову после своего неявного обзывания меня лохом и своей мимикой и реакциями на мой новый цвет волос. как же он меня заебал ты не представляешь. такой сука токсик вонючий. уебище конченное. как он вообще себе девушку найдет я не знаю. это невозможно. он душнила токсичный. аааа бесит меня хуйлуша"
2022-11-27,,"November 27, 2022 10:44 PM","# 27.11.22

Created: November 27, 2022 10:41 PM
Last Edited: November 27, 2022 10:44 PM

сегодня отличный день был. кайфово провели время с братом за игрой. 4 чааса играли кайф. рассказал ему про одежду новую и показал потом он спросил вопрос друга своего типо есть ли у меня девушка. я такой а зачем ему а он отвечает да просто интересно типо ты раньше таким додиком был а сейчас вон волосы красишь с девушками тусуешься постоянно. приятно очень. еще пообсуждали былые времена рейдов и доты. как я понял что проблемой токсичности всегда был я. я всегда разрушал боевой дух команды свои отвратительным поведенеием. что сейчас играя в доту я впервые начал слышать приятные слова в войс чате и даже “спасибо за игру парни” после проигрыша!!! я бы такого никогда раньше представить не смогу бы. правда опять почти ничего полезного не сделал… но хотя бы не полную хуйню делал. составил расписание на неделю. посмотрел тед токи. полтора часа ужасных историй для закалки ментакли. ща еще жесть посмотрю и спать в 23 00. хочу режим 23 00 - 7 00. буду соблюдать! ввел в расписание уже"
2022-11-22,,"November 22, 2022 11:20 PM","# 21.11.22

Created: November 22, 2022 11:18 PM
Last Edited: November 22, 2022 11:20 PM

ебать меня маша любимым называет, сердечки шлет. вообще лапочка такая. так мне нравится. такая приятная девушка. закупился еще раз в викдей. впервые с розовыми волосами съездил. имам оценил. приятно очень. бля такие шмотки пиздатые в викдей снова закупил и по таким ценам сладким аааааа. вместо 16к 8к отдал. опять в долгах на месяц повяз ну ничего. главное что отдать смогу и наконец то исполнил мечту - модно одеваться и в ахуенные шмотки. спасибо карине и викдею. обожаю и люблю. так уверен в себе стал теперь. кайфую дико. жоско прямо от себя и своей уверенности. такой модный прямо стал"
2022-11-21,,"November 21, 2022 12:02 AM","# 20.11.22

Created: November 21, 2022 12:00 AM
Last Edited: November 21, 2022 12:02 AM

очередные проебанные выходные в плане бота. опять я до ночи терпел ничего не делал два дня а ночью просыпается продуктивность и все делаю за час. ну не все далеко а не все а прямо необходимые задачи. а так у меня еще дохуя чего делать чего накопилось… пиздец просто дядя. пиздец мне это не нравится и расстраивает меня. такими темпами я так и останусь лохом без работы и лето проебу или работать буду в маке или у матери… пиздец плакать хочется. я так не хочу туда обратно. хочу в яндекс на стажировку. очень хочу. но для это надо работать и ботать. прогать. пет проекты делать… а я только прокрастинирую и мечтаю гуляю"
2022-11-20,,"November 20, 2022 2:11 AM","# 19.11.22

Created: November 20, 2022 2:07 AM
Last Edited: November 20, 2022 2:11 AM

вчера так кайфово потусили это жесть. люблю своих друзей. фотки выложил кайфовые. еще и экономно вышло я со своим пивом и виски. чисто на себе себя вытащил. как же я собой реально гожрусь епта. пиздец . просто жестко ебашу. 5 лет назад был максимальной пуськой а теперь буквально мега чад альфач уверенный. теперь я понимаю галича. просто кайфую от жизни и от всего. сегодня устроил себе марафон ментального усиления от страшилок. 3 хоррора один в темноте посмотрел. ща еще раз пересмотрю жесткий челлендж где жесть всякая и спать. завтра деловой день. много всего интересного. бля как же я кайфую от своих зимних ботинок новых это пизда. такие ахуенные дядь. люблю свою жиззнь. люблю себя. КАК ЖЕ Я ГОРЖУСЬ И ЛЮБЛЮ СЕБЯ Я ПРОСТО МАШИНА ЕБУЧАЯ МОНСТР. пытаюсь стать мужчиной как его видит питерсон. хочу быть опасным агрессивным челом у котрого это под контролем. иду к этому. маша из импрова сказала что любит меня прямые слова"
2022-11-17,,"November 17, 2022 9:53 PM","# 16.11.22

Created: November 17, 2022 12:21 AM
Last Edited: November 17, 2022 12:27 AM

мать крыса. играет в крысиной гонке блять. нихуя о жизни не знает. буквально всю жизнь работает на засранской работе и ее все устраивает пиздец. презираю ее за это такой стыд и слабость боже. даже не пыталась улучшить что то

сегодня день грустно начался, тяжело проснулся проспал до часу и сука самое обидное что первый пропуск по англу получил((( пиздец. я хотел без пропусков закрыться. а по итогу облом ебаный. грусть. ладно бывает осечки что есть то есть. потом узнал про вокал с кайфом и посидел на лекции яндекса. а затем еще на занятии по ораторскому искусству. мне преподша сказала что мой голос похож на Левитана и сказала, что у меня очень крутой тембр голоса! приятно дико. еще я много полезного сделал за сегодня вон вызвался спокойно выступить на занятии с текстом получил кучу фидбека полезного. завтра тоже крутой день будет. даже ахуенный. еще и маше отдал долг. теперь только кате 4к закину за часы 23ого и со всеми долгами рассчитаюсь! 3/4 закрыл уже еееее. купил еще билет на годную тусу мисис. а то я еще ни разу не ходил на тусы мисиса. первая будет. нетворкинг расширю. правда у меня 900 рублей осталось… а я хотел краску розвоую купить, оксигент, бинты для бокса, постричья, кейс для вилки и еще оставить деньги на цветы Карине, на встречу с Олей и на тусу саму… пиздец с бюджетом тяжело. нужны деньги. Ваня еще меня начал просвящать в теме денег и бизнеса. вообще мн енравится. хорошии инсайты. про деньги что государство как крыс нас пасет чтобы мы работали и была рабами. спасибо Ваньку. посмотрю все и буду королем своей жизни и в приницпе главным героем. начну кучу денег зарабатывать"
2022-11-17,,"November 17, 2022 12:27 AM","# 16.11.22

Created: November 17, 2022 12:21 AM
Last Edited: November 17, 2022 12:27 AM

мать крыса. играет в крысиной гонке блять. нихуя о жизни не знает. буквально всю жизнь работает на засранской работе и ее все устраивает пиздец. презираю ее за это такой стыд и слабость боже. даже не пыталась улучшить что то

сегодня день грустно начался, тяжело проснулся проспал до часу и сука самое обидное что первый пропуск по англу получил((( пиздец. я хотел без пропусков закрыться. а по итогу облом ебаный. грусть. ладно бывает осечки что есть то есть. потом узнал про вокал с кайфом и посидел на лекции яндекса. а затем еще на занятии по ораторскому искусству. мне преподша сказала что мой голос похож на Левитана и сказала, что у меня очень крутой тембр голоса! приятно дико. еще я много полезного сделал за сегодня вон вызвался спокойно выступить на занятии с текстом получил кучу фидбека полезного. завтра тоже крутой день будет. даже ахуенный. еще и маше отдал долг. теперь только кате 4к закину за часы 23ого и со всеми долгами рассчитаюсь! 3/4 закрыл уже еееее. купил еще билет на годную тусу мисис. а то я еще ни разу не ходил на тусы мисиса. первая будет. нетворкинг расширю. правда у меня 900 рублей осталось… а я хотел краску розвоую купить, оксигент, бинты для бокса, постричья, кейс для вилки и еще оставить деньги на цветы Карине, на встречу с Олей и на тусу саму… пиздец с бюджетом тяжело. нужны деньги. Ваня еще меня начал просвящать в теме денег и бизнеса. вообще мн енравится. хорошии инсайты. про деньги что государство как крыс нас пасет чтобы мы работали и была рабами. спасибо Ваньку. посмотрю все и буду королем своей жизни и в приницпе главным героем. начну кучу денег зарабатывать"
2022-11-15,,"November 15, 2022 11:53 PM","# 15.11.22

Created: November 15, 2022 11:50 PM
Last Edited: November 15, 2022 11:53 PM

моя мать тупая непонимающая сука. пошла ты нахуй просто. как ты меня заебало животное тупое безмозглое бесполезный мешок денег да и только. нихуя не умеет общаться не умеет воспитывать детей. боже как же ты меня нахуй бесишь мразь ебаная. пошла нахуй просто. ПОШЛА НАХУЙ МАМ. дура блять. пришел после тяжелого дня так она начала сразу же нахуй с интонации наезда и потом еще перешла в атаку. мразь сука. блять. просто нет сил и желания с ней разговаривать хоть слово сказать лишнее ей. просто нет сил. ничего доказывать. хочется только выслушать поток говна да и молча уйти заниматься своими делами."
2022-11-13,,"November 13, 2022 11:40 PM","# 13.11.22

Created: November 13, 2022 11:37 PM
Last Edited: November 13, 2022 11:40 PM

крч дома сдиел сегодня. проснулся весь утсавший и вялый после бухича. спал мало. лег в 6 проснулся в 11. поделал дела домашние. прибрался пропылесосил погладил помыл обувь. потом даже хз что я делал но там покушал поспал и уже 8 вечер наступило… написал эссе по английскому. боже какой это кайф писать его было ты не представляешь. я себя таким умным ощущаю когда смотрю на него. горд собой что сегодня впервые спланировал ивенты на неделю раньше никогда так не делал. прям рад за себя! круто очень. потихоньку продвигаюсь в прокачке тайм менеджмента и баланса работы жизни. за режимом слежу. за едой стараюсь следить. книжки умные читаю. прокачиваю софты чтобы стать ебейшим независимым юнитом. one man army. чтобы ни от кого не зависить. стать альфой

везоде всегда со всем

я чувствую я двигаюсь в правильном направлении и с отличной скоростью"
2022-11-13,,"November 13, 2022 5:46 AM","# 13.11.22

Created: November 13, 2022 11:37 PM
Last Edited: November 13, 2022 11:40 PM

крч дома сдиел сегодня. проснулся весь утсавший и вялый после бухича. спал мало. лег в 6 проснулся в 11. поделал дела домашние. прибрался пропылесосил погладил помыл обувь. потом даже хз что я делал но там покушал поспал и уже 8 вечер наступило… написал эссе по английскому. боже какой это кайф писать его было ты не представляешь. я себя таким умным ощущаю когда смотрю на него. горд собой что сегодня впервые спланировал ивенты на неделю раньше никогда так не делал. прям рад за себя! круто очень. потихоньку продвигаюсь в прокачке тайм менеджмента и баланса работы жизни. за режимом слежу. за едой стараюсь следить. книжки умные читаю. прокачиваю софты чтобы стать ебейшим независимым юнитом. one man army. чтобы ни от кого не зависить. стать альфой

везоде всегда со всем

я чувствую я двигаюсь в правильном направлении и с отличной скоростью"
2022-11-12,,"November 12, 2022 1:12 AM","# 11.11.22

Created: November 12, 2022 1:10 AM
Last Edited: November 12, 2022 1:12 AM

Пиздатый день. Получу пизды что пропустил Сашу по своему пропуску. Оказывается это серьёзного блять. Отправили мои данные пропуска в отдел службы безопасности. Интересный опыт, проверю пределы доступного. Выпил хуча перед второй матешлй. Не советую. Нихуя не соображаешь. Потом импровизация прошла. Кайф был только от того что там Маша была. Такая она классная и милая, смешная. Хочу ее узнать побольше. Начал с ней диалог. Круто очень пообщались. Ч ей нравлюсь. Сама продолжала диалог, подерживала, активно участвовала. Все круто. Могу дожать. Ч прямо реально хочу ее своей девушкой сделать. Надо деньги найти"
2022-11-11,,"November 11, 2022 12:47 AM","# 10.11.22

Created: November 11, 2022 12:43 AM
Last Edited: November 11, 2022 12:47 AM

Сегодня был просто Мега ахуенный и продуктивный день. Я прям горд собой все что хотел успел и так классно тайм менеджил себя в коллективе и не боялся действовать и говорить что я то то то то сделаю. В итоге поговорил соло со всеми стендами на ярмарке, со школой 21 вообще час пизде соло, мерча налутал, инфы налутал, у девушки спросил была ли она вожатой - не в мдкц, но была, сходил на мастер класс, на все репетиции и отыграл в квн, увидел вживую Богдана комика с ютуба и он сказал именно нашей команде что типо мы его смысл жизни и напоследок прослушал фидбек. Мечта а не жизнь! Еще и с девушкой Марией начали коннектиться классно. Мне она прямо очень нравится. Мы даже без слов, просто взглядом, улыбаемся взаимно без слов. Она милая и смешная. Может у нас что то с ней получится"
2022-11-09,,"November 10, 2022 12:01 AM",
2022-11-08,,"November 8, 2022 12:51 AM",
2022-11-05,,"November 5, 2022 11:07 PM",
2022-11-04,,"November 4, 2022 11:25 PM",
2022-11-03,,"November 3, 2022 11:49 PM",
2022-11-02,,"November 2, 2022 11:51 PM",
2022-10-31,,"October 31, 2022 11:31 PM","# 31.10.22

Created: October 31, 2022 11:26 PM
Last Edited: October 31, 2022 11:31 PM

сегодня был очень продуктинвый день. оооочень много вышел сегодня из зоны комфорта. особенно в коммуникационном плане. просто дохуя всего. и написал сразу всем челикам важным и вопрос на всю аудиторию спросил на лекции и на квн сходил и шутки свои рассказал вслух и с командой познакомился. супер. и реакт поботал. жаль так и не разобрался и я хз что с сайтом делать((( пизда. надо ботать начать.

я уже прямо чувствую как я стал машиной коммуникации. мне вообще все по плечу в социальном плане. надо теперь становиться машиной в плане самообразования, и я имею в виду именно бота. то есть техники обучения. привычки для изучения новой информации, на практике применять, пет-проекты делать, изучать актуальные и нужные технологии айти. все вот это. надо делать! давай брат

так еще и на курсы оратроского искусства влетел в мисисе. просто жесть как круто. и ораторское искусство и курсы импровизации и квн и встречи с проф юмористами и курсы по млю и курсы по фронту и курсы по бэку. бля обожаю мисис. главное на все чтобы хватило меня. так еще и центр карьеры!"
2022-10-30,,"October 30, 2022 11:35 PM","# 30.10.22

Created: October 30, 2022 11:30 PM
Last Edited: October 30, 2022 11:35 PM

сук опять я почти проиграл битву прокрастинации и лени. снова по сути ничего не сделал за день. должен был как минимум страницу сайта сделать к нашему хакатону, а по итогу просидел весь день, посмотрел пару туториалов по реакту, переписал код оттуда, че то даже работало… но толку то. если потом сам я ничего написать дельного не смог((( грустно все это. как то вот я всегда ищу поделать что угодно, кроме сидеть и ботать что то. постоянно я думаю что я даун и мне скучно, еще сука спать хочется сразу. да в чем же дело блять. объясните. помогите кто то. меня это так заебало. еще эти мысли “да ладно васьки иди хотя бы в клуб сходи или поговори с другом или попизди в чатике о хуйне или девушек в тиндере полайкай или с рандомной бабой проеби два+ часа все равно же ничего не сделаешь, ничего не заботаешь мы же тебя знаем прекрасно так что так хоть время проебано не будте” и сука это очень неправильный настрой но он однозначно присутсвтует и это сука плохо очень. блять. нахуй. надо убирать срочно его. меня это бесит. я хочу стать богом тайм менеджмента и ворк лайф бэлэнса. а для этого надо закрыть сферы карьеры и самообразования и учебы. а для этого надо победить прокрастинацияю, лень, негативный настрой, прокрастинационный настрой, устовяшиеся негативные привычки и моедли поведения. и тогда я буду непобедим епта. идеальная боевая единица. и мы обязательно победим брат. идем до конца. чего бы и сколько бы нам это не стоило!"
2022-10-29,,"October 29, 2022 11:04 PM","# 29.10.22

Created: October 29, 2022 10:58 PM
Last Edited: October 29, 2022 11:04 PM

сегодня такой ахуенный день был в плане эмоций и какого то удовольствия радосити. по крайне мере краткосрочной. потому что с точки зрения долгосрочной я жестко проебался. я нихуя полезного не сделал за сегодня из того что планировал. у меня снова горит дедлайн по важной таске. снова прога. нихуя не ботаю. блять. вася. соберись. ты опять уходишь в софты с головой и нихуя не качаешь харды. надо это срочно исправлять

а с хорошей стороны что к бабушке сходил. она дала 5к. в викдей поехал закупаться. господи какой же ахуенный магазин. обоожаю его. жаль что закрывается правда. но за это спасибо что они скидку 50% на весь ассортимент сделали. пиздец приятно. я столько всего закупил. блять да я почти весь викдей скупил. мне тамм только трусы осталось купить из того что хочу. ну и худи синее. хотя у меня итак 5 худи есть… но не важно))) владос занял 5к чтобы я все шмотки купил. по итогу я две недели буду голодать и жить на 400 рублей. вот она цена красоты и моды. но я не жалею. правда придется еще найти косарь где то. потмоу что некст чт я отдам паше 4к, затем мне дадут только 4к а надо 5к отдать… я думал еще у кооо то косарь занять и отдаь им владу долг))) гений просто. ну а хули хочешь жить умей вертеться знаешь ли. вооот потом домой приехал покушал, пока ехал туда сюда слушал музыку, особенно a thousand years и так кайфовал боже. сука обожаю такое. визуализировал себя в будущем ахуенным. идеал мой. к кому я стремлюсь и хочу стать. девушки. деньги. слава. характер принципы. смех. так кайфанул. поиграл чутка. топ1 в апексе взял между прочим. а затем выложил просто пиздатейший пост в инсту по итогам октября и с подписью ахуенной. поема прямо. я так кайфанул когда написал ее в заметках в себе. она отражает очень важные мысли для меня сейчас. конечно они обрывачно соединены но не суть. главное высказаны во вселенную"
2022-10-23,,"October 23, 2022 11:14 PM","# 23.10.22

Created: October 23, 2022 11:07 PM
Last Edited: October 23, 2022 11:14 PM

Сегодня проебал первую половину дня до 2. Сначала проспал будильник лёг в 3 потому что. А потом медитировать пока поел и еще спать лег… после уже что то полезное сделал. Конспекты написал. Сделал канвас по истории, по англу доделал. Отправил лабу списанную 1 в 1 лол. Посмотрел параллельно лекции Джордана Питерсона. Покрасился сегодня в синий цвет. Вышло пиздато, правда кожа лица много где окрасилась и теперь хуй смоешь ее… мучаюсь вот все. Так нравится делать конспекты на этих белых листах это пизда. Кайф реально. Так гляди и билеты распишу для чего нибудь. Для вычмаша например.

Нще кря Лида с парнем рассталась. И она делает кажется какие то знаки внимания мне, и я вот думаю нужно мне как то тоже планку поднять и активизироваться или это херня. Просто она мне очень нравится и как человек и внешне очень красивая. Все на месте. Так что хз. Посмотрим что будет 

Карина чет мне очень подолгу отвечает( ну ладно

Завтра поеду снова в викдей выбирать новый шмот, чтобы купить и в среду поеду закупаться по полной. Выпрошу у матери 5-7к еще, потом она скинет мне 4к и я еще займу у Пашки 2-3к и отдам в чт следующий. Так около 11к выйдет!!! Это две пары джинс и езе 3 крутые вещи купить можно по 3-3,5к каждая тк акция 3 по цене 2 и минимальная бесплатно дается!!!! Аааа кайф. Мне так нравится мой новый стиль. Господи благослови Карину. Иншала. Реально вывезла меня из говна. И уже результат есть. Инга подметила и похвалила меня, что стильно одеваться начал!!! И мне самому в кайф. Очень идет так еще и удобно. Как же быстро у меня поменялся весь гардероб прямо. Впечатляет и радует. Еще Антон с Никитой начали толерантно ко мне относиться в плане цвета волос, клипс и тд. Спокойно уже относятся. Да кстати мы с Никитой помирились, снова общаемся. Ч рад. Правда не уверен что смогу когда либо ему снова полностью так доверять…"
2022-10-21,,"October 21, 2022 4:07 AM","# 20.10.22

Created: October 21, 2022 4:03 AM
Last Edited: October 21, 2022 4:07 AM

аааа сегодня был такой пиздатый день. просто лучший. все было ахуенно просто. и сеанс с психотерапевтом. и записался к психотерапевту в поликлинике. и заботал кр по ангему. и поиграл на гитарке. и аудиокнигу послушал. и лекции Джордана Питерсона посмотрел. и конспекты клевые сделал по ангему и матану. потом поехал тусить и блять как же мы ахуенно посидели просто. мне Лешка столько приятных вещей сказал видно от души. обожаю и люблю его. просто а. еще и денег нафармил с таксы что позволило сразу пашке скинуть все деньги и на завтра шмотки спокойно хватит. потом приехал в 12 ночи и у меня чет такое настроение пиздатое было и самочувствие что я сел до 4 утра писать дальше конспекты по матану. блять как же это ахуенно было. я прямо дико кайфанул от этого. так красиво эстетично удобно и полезно. так круто писать конспекты на а4 белых жестких листах. прям удовольствие одно. ща пойду спать. завтра насыщенный день очень тоже. кр по ангему, про проект узнать, шмотки купить, на мастер класс съездить. ууууф ОБОЖАЮ СВОЮ ЖИЗНЬ!!!!"
2022-10-20,,"October 20, 2022 12:15 AM","# 19.10.22

Created: October 20, 2022 12:06 AM
Last Edited: October 20, 2022 12:15 AM

седня много очень прочитал и прослушал аудиокниги. только пересказать я нихуя особо не смогу… очень печально на самом деле. я гонюсь за скоростью потому что считаю что я медленно читаю и по итогу нихуя не запоминается. но ладно я буду продолжать в нажедле что я привыкну и начну лучше читать. иначе я не могу. мне становится скучно и я никогда не дочитаю ни одну книгу. а так я очень резво так начал книги читать хоть. хотя бы 1% для себя вынести уже неплохо для текущего этапа

завтра с психотераповтем сеанс наконец то. очень жду. будет круто. обсудим насущные вопросы. как круто что он бесплатный и платить не надо. а то они стоят от 3-5к за час пиздец

еще сегодня попросил у мамы деньги на худи и джинсы белые. куплю в пятницу. думаю еще тысячу вытрясти из мамы потому что мне немного не хватает а у меня итак денег нет потому что я купил две шапки себе ахахпхахпапа. но пиздатые шапки. а то я вчера потерял свою клевую из викдей и очень расстроился. такие вот дела. по итогу еще и 3 дали в подарок. взяли белую черную и синюю в подарок по акции как раз к куртке моей зимней синей. после останется только купить еще одну пару кросово крутых только черных, зимние ботинки годные, трусы, термобелье нормальное и вроде все. ебать у меня гардероб как сильно поменялся за два месяца. совершенно другой. не узнать уже совсем

с братиком ламповов попереписывались

с юлей в мисисе поговорили за обедом и впервые обнялись

как же я люблю английский в мисисе. очень нравится. у меня ни одного пропуска нет и хочу до конца семестра так оставить. ачивка. мне даже ольга владимировна хотела поставить автомат но нельзя типо. она прямо уверенна у меня проблем не будет с баллами и это очень приятно на самом деле. прям очень

мне очень нравится в мисисе. тут очень круто. прям вайб совершенно другой чем в мифи. нет отягощяющего ощущения что пиздец. современные здания и все вокруг, тоже классные ребята, конечно до моей группы далеко, но сойдет. приятно что  с физрой вообще не ебут особо. главное 10 раз сходи на физру пару и все зачет у тебя. а на самой физре можешь выбирать че делать играть в валик баскет или пойти в бесплатную тренажерку покачаться и еще там секции. клево очень клево. хочу подкачаться. хочу к концу года 70кг лежа поднимать. пока только 40кг 5 раз поднимал. даааа помню когда 40-45кг весил поднимал 65кг рекорд вроде. сбросил мышечную массуу

за что я благодарен

1. что учусь в ахуенном вузе
2. что не ебут на учебе
3. что по физре лайтово
4. крутой английский в вузе
5. купил шапки крутые
6. мама дала денег на новые шмотки"
2022-10-19,,"October 19, 2022 12:30 AM","# 18.10.22

Created: October 19, 2022 12:25 AM
Last Edited: October 19, 2022 12:30 AM

сегодня был хороший день. написал уверенно кр по матану. правда эта сука математичка меня заебала с идз все возвращает да возвращает я хуею. как она меня заебала то нахуй. обосновать ей блять что-то надо нахуй. потом на физру сходил. меня похвалил егор что я круто играю в волейбол и чтобы я чаще ходил играть с ними. потом на прошлой физре мне женщина тренер сказала что “ой, какой у тебя голос четкий!”. приятно очень. так же была уебанская пара по введению в специальность где препод просто конченный. худшие дебаты в моей жизни где он сам с собой пиздел и пол часа разворачивал простую мысль. некрасиво воду льет. поиграл в волейбол классно. нужно составить программу тренировок в тренажерке. а то че я зря хожу получается. так хоть подкачаюсь. на дизигн сходил от итма было тухло. не понравилось. зря просидел. баба просто как будто пришла в детский сад какой то. улыбчивая конечно, но бля я хочу знания получить какие то а не всю пару обсуждать определение дизайна. с аминой хороший вайб чувствую. можно поднажать с ней думаю. она классная красивая. да и я ей нравлюсь. хотя конечно я видел как она с парнем гуляла когда мы с тимохой в пг были. но да ладно. как грится парень не стенка - подвинется. так что ебашь брат. люблю тебя сильно сильно. горжусь и верю!

за что я благодарен

1. за возможность получить высшее образование
2. что я не в армии
3. что я живой
4. что у меня восхитительные друзья и жизнь"
2022-10-17,,"October 17, 2022 10:39 PM","# 16.10.22 (eng)

Created: October 17, 2022 12:37 AM
Last Edited: October 17, 2022 12:50 AM

i will ocasionally write in english to practice my writting skills and to get in english environment even more. will test this idk how long it will last but i hope this experiment will be a succesful one but mb it is not a very good idea for reflections bc when i write those there don’t need to be an intend of thinking about how to say it in english, about grammar and etc… but who knows

so today i like i did million times wasted bigger part of my weekend on procrastination, sitting home and scrolling through instagram while guilt-tripping myself that i do not do anything… fuck this shit dude. then night started i was able to something useful like watch scientific videos on youtube, practice japanese, practice typing skills, make review of the book i listened to. but i think this is still some kind of procrastination. bc i didn’t do any task of first priority - my uni education. i didn’t do hw for math or got ready for a test. i didnt do lab for computers… fuck. but at least smth i guess

i need to srly work on my procrastination, discipline, commitment and taking responsibilities because i lack pretty hard in all those areas. they are even non exsistent for fuck sake

but i like doing review and notes for language, review of the book. it is useful and good to so. so that later i can watch my notes and remember key things from the book, or language etc and also this helps me to remember things bc of muscle memory. and it is cool than you have a lot of sheets of paper with something useful information on it. i feel smart.

i also need to really get deep into how to study effectively. get done course on coursera learn how to learn, make my theory knowledge about that subject into practice. bc i have a lot of knowledge from self-helping books but i just dont do anything with it. i only learn but dont practice. thats my problem dude. we need to fix that. i know we can. we have a lot of work.and actually it good bc it means i can grow significantly

i love you brotha. keep going

i feel grateful for these things

1. that im in good health and my family
2. that i have lots of really cool friends around me
3. that i have opportunity to study in moscow
4. that i have such a great sense of humour
5. for people that surround me and motivate me to grow to become the better version of myself

i just love my friends very much"
2022-10-17,,"October 17, 2022 12:50 AM","# 16.10.22 (eng)

Created: October 17, 2022 12:37 AM
Last Edited: October 17, 2022 12:50 AM

i will ocasionally write in english to practice my writting skills and to get in english environment even more. will test this idk how long it will last but i hope this experiment will be a succesful one but mb it is not a very good idea for reflections bc when i write those there don’t need to be an intend of thinking about how to say it in english, about grammar and etc… but who knows

so today i like i did million times wasted bigger part of my weekend on procrastination, sitting home and scrolling through instagram while guilt-tripping myself that i do not do anything… fuck this shit dude. then night started i was able to something useful like watch scientific videos on youtube, practice japanese, practice typing skills, make review of the book i listened to. but i think this is still some kind of procrastination. bc i didn’t do any task of first priority - my uni education. i didn’t do hw for math or got ready for a test. i didnt do lab for computers… fuck. but at least smth i guess

i need to srly work on my procrastination, discipline, commitment and taking responsibilities because i lack pretty hard in all those areas. they are even non exsistent for fuck sake

but i like doing review and notes for language, review of the book. it is useful and good to so. so that later i can watch my notes and remember key things from the book, or language etc and also this helps me to remember things bc of muscle memory. and it is cool than you have a lot of sheets of paper with something useful information on it. i feel smart.

i also need to really get deep into how to study effectively. get done course on coursera learn how to learn, make my theory knowledge about that subject into practice. bc i have a lot of knowledge from self-helping books but i just dont do anything with it. i only learn but dont practice. thats my problem dude. we need to fix that. i know we can. we have a lot of work.and actually it good bc it means i can grow significantly

i love you brotha. keep going

i feel grateful for these things

1. that im in good health and my family
2. that i have lots of really cool friends around me
3. that i have opportunity to study in moscow
4. that i have such a great sense of humour
5. for people that surround me and motivate me to grow to become the better version of myself

i just love my friends very much"
2022-10-15,,"October 15, 2022 11:51 PM","# 15.10.22

Created: October 15, 2022 11:44 PM
Last Edited: October 15, 2022 11:51 PM

сегодня был хороший день. поботал японский шведский и немецкий язык. решил их понемногу изучать. немного спланировал план на семестр, какие курсы буду проходить. задела шутка мамы что “как же ты дорого мне обходишься”. неприятно очень. надо найти работу. надо зарабатывать деньги. как же дохуя друзей у меня. что меня не хватает на все а еще и денег не хватает со всеми погулять потусить. просто не хватает ни физически ни морально((

как же я люблю своих друзей. если я умру то у меня хотя бы останется страница памяти в инсте, где запечатленны одни из самых счастливых моментов моей жизни. как же я благодарен Вселенной за людей в моей жизни. я так их люблю. с мамой что то гораздо мнеьше начали общаться. и мне так лень это исправлять. дома хочу просто молчать. вообще нет желания ей что то рассказывать или шутить. потому что она совершенно меня не понимает и несет дичь какую то. тип шутки она просто не выкупает. а истории она куда то тоже не в ту сторону уходит. в итоге мы просто молчим сидим когда кушаем. и как бы мне норм но в тоже время не очень((

с братом давно не разговаривали. зато с последнего раза мое психологическое состояние гораздо улучшилось и суицидальные мысли ушли, депрессия прошла. мне лучше. я рад. но еще есть над чем работать. я все так же ленюсь и отсуствует какая либо дисциплина и отвественность. взрослость. как я заебался у мамки деньги брать. 

блять еще узнал что ваня тоже купил военник но за 300к и уже получил его, хотя заплатил летом где-то… пиздец обидно очень. и еще он дохуя там ходил справки получал, даже регистрацию менял в другое место. прямо запарился. красавчик. и это получается он учится в моем же вузе, на моем же направлении, только на 3 курсе так еще и у него есть военник… блять как же я надеюсь что с военником все удачно сложится. господи как же я молюсь. я не хочу умирать и не хочу на войну и не хочу в армию. в пзиду. 

сегодня еще смотрел жестчайшие видосы даркнета. самое жесткое как челу член собака сожрала… пиздец полный. как пальцы ломали, член отрезали ножовкой… жесть полная. хочу себя морально усилить. чтобы когда в жизни такое увижу меня это не травмировало"
2022-09-03,,"September 4, 2022 12:12 AM",
2022-08-28,,"August 28, 2022 9:21 PM","# 28.08.22

Created: August 28, 2022 6:25 PM
Last Edited: August 28, 2022 9:21 PM

такое чувство похуизма тотальное. то есть я ВООБЩЕ ничего не хочу делать. абсолютно. ни читать ни смотреть ни спать ни заниматься ни общаться ничего. просто буквально ничего не хочу. впервые оно настолько сильное. думаю это обусловленно тем, что завтра у меня 2 собеседования к которым я нихуя не готов нихуя не знаю и нихуя не помню уже. и мне пизда тотальная и я обосрусь и опозорюсь жестко. просто мега страх. мега страшно. я думаю это перекрыло мой мозг. и я спал хуего снова. в очередной раз я вчера мылся 2 часа. уснул в 3 часа ночи. проснулся в 10 часов. блять как меня все заебала эта ебатория. просто пиздец. ну можно же нормально ложиться во время. просыпаться спокойно без будильника и тоже вовремя. быть полном энергии. не хотеть спать в течении дня. не быть сонной сукой в течении дня. быть дееспособным и обладать энергией постоять за себя и мыслить адекватно и зрело соотвествовать себе а не быть пустой куклой которой лень лишний раз рот открыть. как меня все это заебало

как я заебался блять. завтра пиздец страшно. так хочу слиться. так не хочу идти туда. никуда. первый собес лично будет в компашку с тестом. а второй будет в сбер блять хуй знает в какую команду даже. хуй знает что меня даже спрашивать будут. просто пизда. мне пизда. я же нихуя не знаю. ладно что-то по проге ответить. но блять по высшей матеше я нихуя не шарю и не помню без интернета, лекций и семов. сам я полнейший ноль. я так жидко обосрусь что отмываться буду долго ещё. ссссука. господи как же я хочу слиться и не идти никуда и просто выбрать сейфовую опцию пойти на погружение в вуз мой. там завтра и 30ого будут дни погружения в атмосферу и знакомство. и я еще плохо себя чувствую что проебу первый день. полностью. просто пиздец. ладно проебать с толком знаешь. если бы я был уверен в себе и обладал верой. но нет. у меня нихуя этого нет. я нихуя этим не обладаю. я просто себя сейчас сижу и хейчу хуесосю. дизморалю еще сильнее. и это получится что я просто проебу два собеса нихуя без шанса на получении работы, так еще и главный день из двух в которых знакомятся с вузом. пиздец дизмораль дикая

еще блять меня общага напрягает до сиз пор. прям сильно терзает меня. я не могу. у меня документы нихуя не готовы все. эта справка 086/у нахуй. я БЛЯТЬ НЕ МОГУ ЗАПИСАТЬСЯ К ТЕРАПЕВТУ ПОТОМУ ЧТО СУКИ ЗАБИРАЮТ ВСЕ СЛОТЫ ЗА СЕКУНДУ ПОТОМУ ЧТО ЕБАНАЯ БОНДАРУК РАБОТАЕТ ОДНА НАХУЙ НА ЦЕЛУЮ ПОЛИКЛИНИКУ. я просто хуею с этого мира. одна шлюха там уволилась одна в отпуск ушла другая сдохла и тд. я просто в шоке тотальном. просто в ебучем шоке. ебаный стыд. и я не могу даже попроситься на начатие деланья этой справки ебаной. а ее делать долго она сказала. больше недели видимо. понимаешь ты нахуй? а я даже записаться не могу. я хотел максимально оперативно записаться когда только открывается запись к врачу но я или просыпал или вчера вот день новый был - суббота выходной. кайф. это пиздец. а мне же потом еще к ней записываться чтобы забрать эту справку еще. просто сука хуйня. как я устал от взрослой жизни реально. я не могу. я не выношу. я не вывожу. это слишком сложно. мать нихуя не помогает. мы с ней все дальше и дальше отдоляемся. мы уже не общаемся почти нихуя. только доброе утро спокойной ночи и буду ли я кушать и тд помой посуду… блять я сейчас заплачу. я не знаю что делать уже. у меня нет сил. я не могу себя вернуть в норм форму. следить за собой. хорошо хоть моюсь хоть и по 2 часа… мудак. дрочю кажддый божий день. сука по часу на дрочку в день только уходит… какой ты сперматоксикозник. я просто не могу заниматься физухой. вот просто никак не могу. я такую слабость постоянно ощущаю. просто пиздец. мне 5 раз подтянуться дико сложно и отжаться. просто хотя бы растяжку сделать уже я устаю и лень дикая. слабость. апатия. как же это хуего. не ем нормально еще. мое состояние потихоньку хуже и хуже тсановится. так еще и я сплю я мега хуего. засыпаю часа в 2 ночи. утром встаю такой сонный будто я не  спал совсем и не важно что просыпаюсь я там 8 или 11 или 2 часа дня. всегда я сонный и уставший без энергии. просто пиздец дядь. все мега хуего

хочу читать книгу в неделю а по итогу я даже раз в неделю не могу прочитать хоть 10 страниц. отрабатываю быстрое чтение и по итогу абсолютно нихуя не помню из того что прочитал. я прост обезнадежный. я просто так не могу больше. я устал от такой жизни

я просто хочу любимую девушку и работу. разве это много? я 3 года не могу себе никого найти. да даже сексом позаниматься боже. если бы мы тогда на др не сходили бы в бордель то я бы до сих пор был бы девственником… у меня первый и последний секс мой был со шлюхой старой уродиной. ни с кем больше не трахался. не было отношений никогда серьезных. все меня френдзонят. все меня посылают. я так устал от этого. я крутой смешной харизматичный умный добрый парень. соблюдающий границы и уважающий девушку ее время и желания. что я блять должен сделать чтобы меня полюбил кто то? не как друга… 

все девочки такие шлюхи позорные. вика нахуй мне пиздела столько. когда я ее звал в клуб на тусовку что она не такая девушка простая что так не поебется, что ей не нужны серьезные отношения, что она хочет быть одной пока и тд. а по итогу что? по итогу мы пошли в клуб компанией и она за 3 часа уеахала к незнакомому парню домой трахаться. я хуею. хотя чему удивляться? спрашивается. все они говорят что они не шлюхи. что они не такие. что не все так просто. а по итогу все одинаковые. все потрахаются в клубе. дадут потрогать себя. только сделай пару правильных мувов. напои алкоголем. имей хату в москве и все готово. тупые нахуй шаболды. я так ненавижу девок. я не хочу становиться гандоном. я не хочу быть манипулятором. ну это просто не мое. я просто хочу здоровых отношений. но блять они никому не нужны. тупые девки несут хуйню. творят хунйю незодровую

лена дура ебаная. нон стоп пиздит про своих бывших. про друга мертвого. про знаки зодиака. как ее ебали. просто про секс и парней постоянно. про анальный секс. дура ебаная госопди закрой рот ты хоть иногда умнее и приятнее. как она меня бесит. пиздела в начале общения что она такая преисполнилась в отношениях блять что она теперь гуру отношений такая крутая чикса все дела. а по итогу что? ей пять лет ментально. такая тупая дура, пустышка

алиса меня заебала. просто дура ебучая. постоянно пиздит что вон мы друзья хорошие. а как ей не напишешь она тебе нихуя не расскажет. не ответит. занятая дохуя. позовешь гулять тоже не может. постоянно повтоярет как аффирмацию вслух что мы друзья друзяь и от любого тактильного контакта как от огня отходит. иди нахуй

что я должен сделать. как. чтобы получить девушку. тчо блять. 3 года я трачу основные усилия только на это. на коммуникацию как быть интересным собеседником, хорошим человеком. уметь распологать людей. слушать их и тд. и даже это мне нихуя не дало. просто пиздец. просто ни одна девушка не захотела со мной встречаться. ни одна… блять

я устал так жить. я дрочу каждый божий день чуть ли начиная с карантина начала 2020. просто жалкое создание. не трогал пизду. ничего не было особо. лдано бы мне 15 лет было там но нет мне 21 год уже… стыдно. позорно. упустил столько. причем казалось бы я ахуенный и когда слышу как какой то уебищный илья трахнул жанну просто потому что был в нужный момент в нужном месте… то я просто уже не выдерживаю этой жизни. просто у чела есть общага и все. он проявилс минимальное сострадание минимально затратил время и получил ключик к пизде жанны. нужный тайминг и удобные обстоятельства. я же живу в подолське. кого я сюда приведу? даже девка ебаная из пд не захотела ко мне идти. хотя я ее за сискьки жопу трогал. мы сосались 4 раза сочно. боже. ну что я должен сделать

просто пошли девки нахуй все. все они такие шлюхи и ощущение что только я не знаю как этим воспользоваться.

ощущение будто я один понимаю шлюхшскуую натуру девок, но не знаю как на этом капитализировать. а другие парни не видят этой истины и у них просто это натурально полчается ебаться с ними… это все из за того что у меня не было отца?? или из за чего

как же я часто использую слово “просто”. мега часто

мне срочно надо найти работу. сейчас главная проблема - деньги. даже не то что просто деньги. если бы у меня был богатый папа… да хоть просто папа, ладно, богатый папа, то все равно была бы проблема. потому что отсуствовала бы независимость, самостоятельность, рутина, которую я делаю, развитие, опыт жизненный. все это дает работа. уверенность в завтрашнем дне. столько вещей которые я хочу купить себе, ох, столько вещей… потом с деньгами на изи решается проблема секса - я сразу пойду к шлюхам. я начну снимать квартиру. или хотя бы комнату в отеле на время ночи похода на тусу/ в клуб. будет куда девок хоть водить и трахать. потом буду интереснее провдить время с девушками более захватывающие свидания. внутреннее спокойствие появится, в том плане что сейчас я постоянно волнуюсь как бы хватило денег, как бы не взять лишнего, как бы потом хватило на себя денег, на свои нужды и тд. как бы не упасть впросак, не было неловкости, стыда, как когда я просил Аню оплатить счет в баре… ох, пот идет. все это заебывает дико и выматывает. с деньгами гораздо легче. путешествовать смогу куда угодно. поднимется уровень окружения, ведь я буду ходить по гораздо более крутым и элитным местам. смогу делать значимые подарки близким, а не сранские шампуни и гели для душа… ох ох ох. 

поэтому надо перебарывать себя и ходить ходить и еще раз ходить как можно чаще по собеседованиям всяким. собирать фидбек. привыкать к ним. развиваться на основе полученного опыта. закрывать пробелы и становиться лучше. я должен найти работу до зимы или хотя бы до начала лета. Я ДОЛЖЕН. Я СДЕЛАЮ ЭТО. мне нужны деньтги. и первым делом, что я сделаю - это начну ходить регулярно каждую неделю к психологу. это точно. мне это необоходимо. мне нужно проработать мое прошлое, мое детство, взгляд со стороны, поддержка, рука помощи в становлении взрослым не только внешне, но и духовно, морально. усилять в ускоренном темпе мой психологический разум

че то я хотел важное написать еще но забыл. инвестициями нормально займусь. буду большие суммы вкладывать. вдиимо еще справку придется все же покупать а это -4400 с инвестиций потому что я не хочу у мамки денег еще просить…. мне стыдно и хватит уже. надо становиться полностью самостоятельным. у людей раньше в моем возрасте уже жена дети были и они все уже жили полностью взрослой жизнью, а я что. я не могу сам себя обеспечить даже. даже базовые свои потребности. приходится на мамку с братом полагаться. ХВАТИТ ЭТОГО. ПРИШЛО ВРЕМЯ ПОЛАГАТЬСЯ НА СЕБЯ И ТОЛЬКО НА СЕБЯ.

а я вспонмил че хотел написать. мне еще нужно собратться с силами и все же как то объявить всем о том что я отчислился из мифи. а то меня это будет гложить. не хочу пиздеть что я в академе. надо придумать как элегантно и лпавно сообщить, что я еще весной отчилслися. хз как эт осделать, но этот вопрос надо решить в срочном порядке. чтобы все понимали это но в тоже время чтобы особого внимания, акцента на этом не было. а то я не хочу каждому объясняться, оправдываться, рассказывать как что почему так получилось. просто пусть знают сам факт и этого хватит.

а еще нужно пересилить себя говорить правду про то где я летом работал. что я работал барменом в якитории а потом неделю во вкусно и точка. а то я постоянно приукрашиваю всем все. хватит пиздеть - я давно понял что это хуевая идея. правда всегда рано или поздно вылезет наружу и чем позднее тем больнее и неприятнее последствия будут. это я усвоил еще давным давно. так что говори честно и открыто, что да, я работал барменом в якитории недели 2 и неделю во вкусно и точка летом. все. больше ничего. честно прямо открыто. без стеснения и зазрения совести.

еще нужно преркатить играть. максимум с братом. потому что я уже замечаю изменения в моем мышлении. когда у меня случаются ситуации где не получается что-то или мне скучно то вместо чтения книги или медитаций там или чего-то полезного я сразу склоняюсь к играм… это очень хуего. нельзя такого допускать. еще один важный урок который я давно и сильно усвоил - это что игры бесполезная трата времени их стоит насовсем убрать из жизни.

че то я снова забыл о чем хотел сказать. так много всего в голове о чем я тревожусь и думаю. еще я давно очень ничего не писал в дневник, не рефлексировал. а вспомнил. необходим развивать в себе дисциплину. она у мнея на низчайшем уровне. надо усердно и усиленно над ней работать. она необходима в жизнию без нее я далеко не уйду. поэтому займись этим. а то хуего будет"
2022-08-25,,"August 25, 2022 10:54 PM","# 25.08.22

Created: August 25, 2022 10:04 PM
Last Edited: August 25, 2022 10:54 PM

хуясе я давно не писал в дневник. уже 2 месяца прошло ебнуться. жесть. 400 друзей в вк нафармил  сегодня. круть. жаль денег ни работы нихуя нет а так пиздато конечно. позвали завтра на собес а я нихуя не знаю грусть печаль очень грустно лень писать а блять как быть просто заебался мать тупая дура нахуй манипуляторша тупая и сука с загонами которые не решает как была так и осталось такой тупой зажимкой блять бесит меня я больше не могу с ней находиться еще и сука общагу не дали мне сказали 10 сентября решают давать ли общагу тем кто живет в ближайшем подмосковье сука ну шанс есть конечно но блять как же я хочу общагу а если дадут но в пизде какой то отдельно от своих …. блять какая сложная жизнь я не могу мне нужны деньги срочно очень нужны деньги нужна работа но я ссу ходить на собесы потому что я знаю что я додик и меня унизят как суку тупую и я обложаюсь и опозорюсь потому что нихуя не знаю нахуй

реально просто пиздец и я хз как быстро закрыть это провал. единственный варик это начать нормально постоянно регулярно усердно и отвественно учиться и развиваться. смотреть лекции яндекса майти оксворда и тд, проходить курсы по проге матеше и разделам разным, читать книги технические, делать задания, решать задачи. проходить отборы постоянно на стажировки и работы. делать пет проекты для резюме. улучшать резюме. ходить постоянно на собесы как на дейты. другого варианты нет. просто нет. по быстрому не получится. наебывать работодателя сликшмо сильно хуевая идея. это быстро обнаружится что я долбоеб и нихуя не умею на самом деле и не знаю базовых вещей. так что учись. развивася. самообразовывайся. ебошь. меняй приоритеты и ценности с принципами. иди в клубы хакатонов геймдева и связанным с чем то полезным для карьеры а не для поиска девок и секса.

для секса достаточно будет получить общагу. это ты сделаешь я знаю. ты заставишь их дать тебе ее. я в тебя верю безаговорочно. ты все сделаешь. изучишь все нюансы и способы и найдешь решение. все будет заебись братик. главное оставайся заряженным и зажигай еще сильнее огонь в глазах. и фокусируйся уже на карьеру и взрослые вещи. НЕ  только на девок. они тоже нужны, баланс. но ты слишком сильно упустил карьеру с деньгами. нужно сделать максимальный фокус на них. найти работу где развиваться можно будет где график удобный где мне интересно будет и денег норм платить будут. коллектив крутой. условия классные. думать надо, а не стоять по 8 часов и хуйней заниматься

я так все ебал. пошла нахуй мать. как она меня заебала со своеими вонючими манипуляциями. я просто ебал в рот ее за это. господи как она меня заебала. какая она мерзкая сука. совершенно не умеет общаться здорово. одна желчь. которую она держит в себе а потом просто выливает делая вид что я виноват и хуесос а она такая бедная и хорошая. пошла ты нахуй мам. иди нахуй. убирай нахуй свои манипуляции и следи за своим базаром дура блять

я так устал. я так хочу много секса. найти девушку любимую и ахуенную. жить в своей квартире. быть полностью самостоятельным. иметь хорошую и стабильную работу по специальности. развиваться постоянно. читать книги регулярно. проходить курсы. делать пет проекты свои постоянно. основать стартап свой. начать свой бизнес. научиться деловому общению. уметь добиваться чего хочу любым методом. научиться грамотно и умело манипулировать. уметь флиртовать и знакомиться познать искусство пикапа. чтобы было миллон метчей в тиндере. аааааааааааа. чтобы быть крутым как мои друзья. много путешествовать. отдать долги семье. чтобы они от меня отъебались. не зависеть ни от никого. быть главным персонажем в своей жизни.общаться с умными людьми. радоватсья жизни. как же я этого всего хочу…. 

я устал быть бомжом. я устал дико экономить и покупать самые дешманские вещи. усердно следить за бюджетом. не мочь нихуя себе купить. жить на гроши. зависеть от матери и брата. зависеть от других людей. я заебался быть слабым. 

я заебался быть зависимым

я заебался быть тупым

я заебался быть фокусированным онли на девках и сексе

я заебался что я нихуя не читаю

я заебался что я нихуя не делаю пет проекты для себя 

я заебался что я нихуя не прохожу курсы для карьеры

я заебался что я не прхожу отборочные на стажировки и вообще пропускаю их

я заебался уже"
2022-07-21,,"July 21, 2022 10:22 PM","# 21.06.22

Created: July 21, 2022 10:22 PM
Last Edited: July 21, 2022 10:22 PM

получил сегодня свою первую зарплату"
2022-07-14,,"July 14, 2022 11:50 PM","# 14.07.22

Created: July 14, 2022 11:31 PM
Last Edited: July 14, 2022 11:50 PM

очень много осознаний и боли жизни в последнее время открывается. надо ебашить. нельзя ни на кого пологаться слишком сильно даже если это твой близкий человек. нельзя говорить всегда правду. приходится порой да даже часто пиздеть чтобы проще было всем жить и плавнее шло. а то пока объяснишь тебя не поймут лишняя суматоха и тд. так что пиздешь очень классное средство вместе с манипуляциями

в дайвинчике познакомился с деревенской тупой шаболдой. она буквально как воробушек тупая. зарабатывает 11к в 24 года собирая ягоды с отцом которые мать продает. стыд. 24 года человеку. она пиздец жаба но я ее на нюдсы развел. хз зачем но подрочил по итогу. но боже какое же мерзкое видео где она себе вареник наяривает. я чуть не блеванул. вот ей быть просто ужас. никаких целей. никакого содержания в человеке. просто потрахаться и все. она максимально десперет. боже ей все наверное отказывают. она мне сказала что часто в клубы ходит у себя в городе. но никто не хочет знакомиться, серьезных отношений, телефон дает не тот.. да потому что ты уродина ебаная. зато полезный опыт был. я понял насколько секстинг возбуждает и говорить ласковыми словами. да и мне легче стало их прозносить по типу зайка солнце малышка сладкая и тд. полезно

вообще я весь день сдиел в дайвинчике и с телками общался. как же много там пытаются наебать. по любому парни сидят блять и пытаются нажиться на тупых парнях которыми члены управляют. получается ведь. я даже спустя весь свой опыт чувствую как мне тяжело отказывать бабам пусть даже нахуй мне ненужным и незнакомым блять. тупые бабы и слабые мужики со своими пенисами. я преодолеваю страх банального общения с девушками. хочу на расслабоне общаться с ними. не показывать зависимость и надобность от себя. будто я только и сижу потею как бы придумать как поддержать диалог. нет, я должен быть доминантом. я должен быть в контроле и вести ситуацию. для этого длоно быть похуй полностью. не ответит - похуй. отвечает сухо - похуй. я просто забил и иду общаться с другой. я делаю это в любом случае джаст фор фан

главное во всем этом не стать кринжменом полнейшим и посмешишем как юсуп… я только этого боюсь но не знаю другого пути как преодолеть свой барьер. знакомиться лично в ровеснике можно конечно но там все же поадекватнее вести себя надо да и это не так часто бывает. да и денег нет нихуя. поэтому почему бы не восопльзоываться средствами нынешних технологий. глупо было бы ими не воспользоваться

хуй найдешь работу. брат меня еще разозлил дико своим говном изо рта. отца встретил и бортанул его. после того как он хуйню пизданул просто закончил разговор и ушел. он начал свои манипуляции использовать но  я даже не обернулся. пошел нахуй отец. с братом ввсе заебись уже. правда с работой я дико обдрестался. и бармена ушел и не берут обратно потому что уже взяли нового стажера тип 3 лишний будет буквально слова руслана. да и там свои проблемы Оксана Александровна директор уходит. со скандалом все дела. тиньк хуесос меня наебал жестко. никуда не берут потому что не хватает знаний и опыта… просто пиздец. осталось полтора месяца до конца лета а я до сих пор не ебу че делать и где работать то. кто возьмет на полтора месяца? а дальше я не уверен что сомгу совмещать. надо уже на деле проверять как сильно по учебе ебать будут. надеюсь хоть отдадут деньги за отработанные часы барменом. там тыщ 8 выйдет. и то хорошо будет

очень тяжело мне. я еще слабый. поддаюсь стрессу и панике и в итоге нихуя просто не делаю. тотальная прокрастинация. учиться не могу думаю что нахуй учиться когда работу нужно найту уже. не всю жизнь же сидеть на жопе и спокойно обучаться. читать тоже не могу по той же причине. что то продуктивное другое делать тоже не получается потому что думаю нахуй я это делаю когда денег нет. потусить тоже не могу. опять таки потому что нет нихуя денег… просто пиздец замкунтый круг. я обязан найти какую то работу. любую. круто было бы онлайн. как же я заебался

как тяжело быть взрослым. что то дико сложно. прям реально. ощущение будто я один. хорошо брат мать и бабушка есть. они мне очень помогают и поддерживают. не знаю чтобы я делал без них. правда.

к деду на могилу ходил вчера. поговорил с ним. интересный опыт

хочу бизнес свой построить или стартап начать. дико хочу. это нужно сейчас уже шишки набивать чтобы потом свой эпл создать и круче даже. книги читать. знакомства нужные строить. ходить на митапы бизнесовые. займусь этим в этом году

еще в этом году я просто обязан наконец то начать вести активную половую жизнь. мне похуй будет это со шлюхами, в общаги, на одну ночь, друзья с привилегиями или девушка или что то еще. мне поебать. я хочу трахаться. я дико хочу трахаться. я дрочу каждый день и не один раз. даже на жабу ебаную четверку подрочил… о чем ты? вопросы еще? я хочу трахать.ся нужно еще ментальный барьер убрать будто говорить и предлагать девушке недавно знакомой секс это неправильно постыдно и некрасиво. похуй. все это правильно и нормально. у нее есть пизда. у тебя есть хуй. все. больше ничего не нужно объяснять. это природа с эволюцией. в них же нет ничего постыдного. вон вика блять через два часа поехала к парню незнакомому ебаться. о чем речь вообще. я с ней год дружу пытался отношения а тут появляется парень хуй пойми откуда и ебет ее в пизду, трогает ее сиськи всего через два часа… да и познакомились они из за меня по сути потому что я проигнорил запрос вики о зажигалке и она подошла к нему. я хуею. как же влияют маленькие детали в жизни. возможно реально в них и есть смысл жизни

я в ахуе. я хожу в клубы уже раз сто и ни разу не было даже малейшего шанса на секс. вика же впервые приходит потому что я ее уговорил и тут же трахается… у меня нет слов. как тяжело без хаты… и без денег…. сука все упирается в деньги. и соотвественно в работу… надо найти работу и придумать как зарабатывать много денеъ"
2022-07-08,,"July 8, 2022 12:29 AM",
2022-06-16,,"June 16, 2022 10:57 PM","# 16.06.22

Created: June 16, 2022 10:54 PM
Last Edited: June 16, 2022 10:57 PM

Сегодня был мой первый в жизни рабочий день! Ехууу. Вообще было прикольно и интересно. Люди классные и добрые все. Очень помогли. Ещё девчонки красивые есть, причём с одной бок о бок работаю. На год всего меня младше, а она уже менеджер! Крутая. Завтра с ней до 2 ночи работаю. Надеюсь сдружимся с ней, она классная. Будет круто если мы с ней вместе после работы пойдём и я ее провожу, мы разговоримся, будем смеяться вместе и в конце обнимемся. Эх, мечты мечты. Скорее всего такого нихуя не будет, а просто она мне скажет что я могу идти раньше и потом одна уйдёт или чёт такого. Ну посмотрим 

Хорошие вещи

1. Мой первый в жизни рабочий день
2. Много нового узнал 
3. Получил опыт работы бармена, чтобы быть барменом на пэрэдайсе"
2022-06-15,,"June 15, 2022 11:00 PM","# 15.06.22

Created: June 15, 2022 10:58 PM
Last Edited: June 15, 2022 11:00 PM

Сегодня сделал вкуснейшие сэндвичи с мясом из фарша. Ещё котлетки сделал. Написал много кого и спросил интересующие вопросы. Мне очень страшно и сложно спрашивать людей важные и серьёзные вещи. Постоянное ощущение что я навязываюсь достаю и мешаю только им, что я такой тупой сам не могу найти ответы на эти вопросы, а потом ещё комплекс зажим как прощаться и благодарить

Хорошие вещи

1. Впервые сделал котлеты 
2. Сделал бургеры
3. Превзошёл страхи и написал всем кому хотел!"
2022-06-14,,"June 14, 2022 12:03 AM","# 13.06.22

Created: June 14, 2022 12:00 AM
Last Edited: June 14, 2022 12:03 AM

Сходил на собес в вебкам лол. Меня взяли. Буду телочек клеить и вербовать в вебкам. Ну тип надо общаться с девушками, психология уговаривать давить на травмы, манипулировать и вот это мне все очень очень интересно. Поэтому я согласился. Там ещё много полезной инфы довольно. Книги годные посоветовали. Причём которые даже советовал препод курса оратлрсогоко мастерства. И классику снов - Дейла Карнеги 

Хорошие вещи

1. Погулял на природе 
2. Послушал 5 выпусков подкаста 
3. Взяли на работу 
4. Много полезной инфы про пикап, флирт получил"
2022-06-12,,"June 12, 2022 10:38 PM","# 11.06.22

Created: June 12, 2022 12:14 AM
Last Edited: June 12, 2022 12:17 AM

Сука опять проебал час+ жизни на дрочку. В итоге и спать лёг позже и не почитал перед сном и не помедитировал пищлец ты олень дядь. Заклад уже письку теребоеькать. Найди уже себе девушку наконец то или на шлюху накопи. А так день неплохой. Хороший, если бы не концовка

Хорошие вещи

1. Сам приготовил нам с мамой второе курицу с картошкой жаренной
2. Сделал себе завтрак 
3. Изучил инфу по военкомату и получил опыт в работе
4. Погладил все вещи, которые до этого сам постирал"
2022-06-12,,"June 12, 2022 12:17 AM","# 11.06.22

Created: June 12, 2022 12:14 AM
Last Edited: June 12, 2022 12:17 AM

Сука опять проебал час+ жизни на дрочку. В итоге и спать лёг позже и не почитал перед сном и не помедитировал пищлец ты олень дядь. Заклад уже письку теребоеькать. Найди уже себе девушку наконец то или на шлюху накопи. А так день неплохой. Хороший, если бы не концовка

Хорошие вещи

1. Сам приготовил нам с мамой второе курицу с картошкой жаренной
2. Сделал себе завтрак 
3. Изучил инфу по военкомату и получил опыт в работе
4. Погладил все вещи, которые до этого сам постирал"
2022-06-10,,"June 10, 2022 11:57 PM","# 10.06.22

Created: June 10, 2022 3:46 PM
Last Edited: June 10, 2022 11:57 PM

сука как меня поджиммает время найти работу. я еще ее уже месяц где то это просто трындец. как же это сложно. даже обычную работяжную найти непросто. что делать то. я не могу пойти на какую то хуйню я не хочу идити к мамке барменом и работат с 8 до 8… пиздец я умру. там еще и график вроде 6 1. ебанешься. и все это за около 30к в месяц… кайф конечно

Крч поговорив с мамой про работу, про истории других людей с ее работу, про опыт Никиты в работе, то я понимаю что у меня все ещё не так все плохо то. Я как то воодушевился даже. Легче стало определённо. А то когда перед тобой только крутые челы уже зарабатывающие по 80к с физтеха, то тяжело не упасть духом и думать что ты лох последний. Надо пробовать, надо работать где угодно по началу, просто деньги чтобы были на жизнь, на одежду, на себя. Даже не по профессии. Главное работать, получать опыт, а потом уже и работу в айти найдёшь Васька. Главное продолжай бороться до конца. До самой смерти. Все будет у нас с тобой брат. Все будет обязательно. У Никиты же есть, а у него путь гораздо труднее твоего. И ты посмотри кем он только не работал и оператором и рекламщиков и кремлеботом и кем только не работал, лишь бы деньги были на столе. И жил он в уебанских условиях, в каких то помойках трущобах, жил в одной комнате с незнакомцем каким то, просто пиздец. Так что такое у всех было и все через это проходили и успешно прошли. Ты то тем более справишься с этими трудностями жизни. Я верю в тебя брат 

3 хорошие вещи

1. Написал и отправил тестовое задание по плюсам
2. Дослушал подкаст
3. Приготовил себе рис, обед 
4. Поговорил с мамой о взрослых вещах и работе 

Грустно стало что мать сказала «у нас работают те у кого трудности в жизни и как они исчезают то они уходят от нас» потом я в шутку сказал почему она ещё у них работает и она ответила так вскольз «да это моя карма наверное»… нет слов одни эмоции. Грустно очень. Человек там проработал лет 20+ я думаю. Пиздец. За 80к всю жизнь батрачить в одном месте. Как ее не заебало там и как не захотелось получать больше этого. Расти куда то. Развиваться. Чтобы найти место или карьеру гораздо лучше. Ведь было же время. Были же возможности… очень грустная и что самое главное поучительная история. Учись на ошибках других людей, чтобы самому через такое не пройти не дай бог…"
2022-06-09,,"June 9, 2022 10:14 PM",
2022-06-08,,"June 8, 2022 11:54 PM",
2022-06-07,,"June 7, 2022 11:36 PM",
2022-06-06,,"June 6, 2022 9:40 PM",
2022-06-04,,"June 4, 2022 11:40 AM",
2022-06-02,,"June 2, 2022 10:54 PM",
2022-05-11,,"May 11, 2022 10:39 PM","# 11.05.22

Created: May 11, 2022 10:37 PM
Last Edited: May 11, 2022 10:39 PM

бахнул сегодня пивка полтора литра ливунбрау. такой кайф. ради таких моментов хочпется жить. я такое счастье испытаывал и расслабление. кайф. еще и приготовил вкусненькое блюдо сам. помысля. уснул в ванне. ааах хороший день

3 хорошие вещи

1. один сходил в подружку и купил что хотел
2. вернул сам деньги по чеку из за того, что не засчитали акцию
3. приготовил сам блюдо"
2022-05-07,Дневник,"May 7, 2022 1:35 PM",
2022-05-07,Дневник,"May 7, 2022 1:29 PM",
2022-04-29,Дневник,"April 29, 2022 11:18 AM","# 29.04.22

Created: April 29, 2022 11:12 AM
Last Edited: April 29, 2022 11:18 AM
Tags: Дневник

пиздец боже я подсел на очко. вчера базарили с артемом я ему рассказал как дела, про армейку в вк а потом в дисе и сегодня блять мне два раза звонит неизвестный номер нахуй... я не ответил, явно военкомат. блять НЕ ОБСУЖДАЙ АРМИЮ И ДАЖЕ НЕ УПОМИНАЙ ЕЕ ОНЛАЙН СУКА. пиздец. возможно конечно совпадение, но ВК ебаная помойка кажется. сука. я хз что делать с армией. боже как же я хочу решить с ней вопрос ты не представляешь. сука. поскорее бы у меня оказался военный билет. я его получу я уверен это. надо подождать только немного и все будет окей. но сука такие моменты меня пугают дико. полтора месяца как меня оф отчислили. аааах. не хочу в армию. не хочу умирать. вот бы просто откосить уже и все спокойно жить дальше. не думать хотя бы о том что ты проебешь год или того хуже умрешь на войне... поступить заного в норм место. осознанно выбрать программу обучения. изучить качественно и подробно вузы интересующие и потом выбрать самый подходящий. а не как с мифи вышло. учиться хорошо, а не на похуй. поглощать знания. стать качественным специалистом. найти работу легонькую. пойти на стажку в тиньк. потом в яндекс на стажку. пойти к ним в штаб джуном и начать свой путь. начать ебашить. начать наконец то зарабатывать деньги и быть счастилвым и полноценным взрослым человеком. как же я этого хочу. хватит веселиться и бездельничать прокрастинировать и тратить жизнь на одни удовольствия чтобы потом оказаться у разбитого корыте - нет, такого не будет. я взялся за голову. я достигну своих целей. я буду работать на престижной и хорошо оплачиваемой работе прогера. я изучу все нужные дисциплины. я буду усердно учиться. я буду отвественно подходить к выполнению дз и подготовке к эзкаменам. у меня все получится я в этом уверен. я справлюсь. я смогу. я все  преодолею. все трудности провалы ошибки и сложности - я все выживу и стану только сильнее и это зажгет огонь в моем сердце. все будет заебись. я знаю это. главное продолжать идти вперде"
2022-04-28,Дневник,"April 29, 2022 11:18 AM","# 28.04.22

Created: April 28, 2022 6:07 PM
Last Edited: April 29, 2022 11:18 AM
Tags: Дневник

какой же я сейчас ощущаю мир и гармонию после дневного сна. я так хорошо поспал. мне еще такие сны классные снятся в дневное время. как я с любимой девушкой поехал на какую то речку, там еще была моя мать почему то но не суть. ах, я когда очнулся, то даже не понял сразу где я, как будто в другом мире оказался. так силы прибавились и настроение улучшилось. сейчас сижу дома один, ноги на подоконнике, смотрю в окно на садящееся весеннее солнце и читаю статьи на Т—Ж о поиске психотерапевта"
2022-04-19,Дневник,"April 29, 2022 11:18 AM","# 19.04.22

Created: April 19, 2022 10:29 PM
Last Edited: April 29, 2022 11:18 AM
Tags: Дневник

Сегодня я признался маме что меня отчислили. Разыграл спектакль типо комиссия была сегодня придумал легенду и приехал поздно ночью грустный и рассказал легенда. Пиздец ты олень ебаный…"
2022-04-18,Дневник,"April 29, 2022 11:18 AM","# 18.04.22

Created: April 18, 2022 2:52 PM
Last Edited: April 29, 2022 11:18 AM
Tags: Дневник

БЛЯЯЯТЬ БЛЯТ ЬВАЛПХАХПХА БЛЯТЬ БЛЯТ сука я пишу и у меня пиздец руки трясутся все тело трясется все тело в полнейшем ужасе и страхе сука. просто пиздец. сидел спокойно играл в апекс и тут мне звонит незнакомый номер отвеча. а это ВОЕНКОМАТ БЛЯТЬ СПРАШИВАЕТ ОТЧИСЛЕН ЛИ Я НАХУУУУУЙ сука блять......... АААААА я так обосрался просто максимально присел на очко. я молчал долго пизда думал что ответить и в итоге решил сыграть что не слышно говорящего. потом еще раз позвонили я еще раз ответил и продолжил с той же легендой боже я не хочу умирать. я в такой панике полнейшей блять. я не знаю что делать. я просто не хочу умирать не хочу на войну не хочу в армию БЛЯЯЯЯЯТЬ ПОЖАЛУЙСТА ЗАБУДЬТЕ ПРО МЕНЯ УМОЛЯЮ ПРОШУ ВАС ГОСПОДИ НАХУЙ. я готов в Бога поверить лишь бы мне не звонил военкомат отстал от меня нахуй и все просто не надо мне ничего блять писать звонить просто забудьте потеряйте мое дело я умоляю вас на коленях. бляяять как же руки трясутся такой страх и ужас господи. я так боюсь. никогда так не боялся. лишь бы они к нам домой не пришли. ААААААААААА госопди. что делать. как что зачем как мне все это сделать. как не умереть? как не попасть в армию. я так босюь я в такой панике страхе беспомощности. Я НЕ ЗНАЮ ЧТО ДЕЛАТЬ НАХУЙ. спасите меня кто нибудь пожалуйста. ааааааа......

надо менять симку походу. нахуй их. надо менять симку. как это сделать... я же нихуя не знаю я омеба ебаная блять. я нихуя не готов я нихуя не знаю что как откосить от всей это залупы господи. какие права какие последствия настигнут сука. как же страшно нахуй мне. блять я умоляю. пощадите. как мне спастсиь. что мне делать. дайте совета. скажите как мне сделать. заплатите за меня. отмажьте. кто нибудь... я в смятении беспомощности я не знаю что делать. я такой ребенок все еще в душе... я такой беспомощный ребенок. аааа

АААА БЛЯТЬ а вдруг они приедут с полком ко мне дверь в квартиру выламывать??? пизда а как мамке с братом скзаать. сука. блять пожалуйста. как им сказать. как что делать. они же меня убьют. я позорище. полное позорище. блять нахуй. я так боюсь. я такой слабый. я такой вялый иду по инерции и не сражаюсь совершенно

Мне так спокойно стало, когда наступил вечер и пришла мама. Не могу объяснить почему конкретно, но я такое спокойствие ощутил. Возможно потому что она меня защитит…

Я начал искать работу и чуть проходить курсы. Я горжусь собой. Начать уже значительный шаг. Надо продолжать, не важно какими шагами, главное не останавливаться и уже через 2 года я буду вспоминать этот день, будучи уже сеньером на работе 500к+ и думать эх какой же я молодец, что начал сегодня а не завтра

Прошло блять уже 4 года как я прошёл курс по плюсам. Боже, как же это давно было. Стыдно, что за это время я прошёл лишь один курс и все… просто стыд, насколько же я пал в плане получения новых знаний

Как же сильно я люблю своего Брата я просто его обожаю и я просто хочу чтобы он был счастлив, прожил долгую и счастливую жизнь. Он достоин лучшего что есть в этом мире. Спасибо ему, что был есть и будет в моей жизни. Он мой кумир, герой, брат, отец, пример для подражания, мотиватор, вдохновитель, друг. Я люблю тебя, Брат

Очень сильно люблю свою маму с бабушками! Я не умею выражать свою любовь, но я очень их люблю и ценю"
2022-04-17,Дневник,"April 29, 2022 11:18 AM","# 16.04.22

Created: April 17, 2022 2:40 AM
Last Edited: April 29, 2022 11:18 AM
Tags: Дневник

Ебать я такой пиздатый пхуенный паренек я хуею я бы себя трахнул Боже какой же я красивый смешной бляяя я теку. Я серьезно говорю это не аффирмация. Пиздец посмотрел старые фотки, фотки в инсте, видосы, ответы, сообщено людей про меня и просто я такой счастливый у меня такая насыщенная жизнь просто пиздец!!!! И я понял какой же я сука ахуенный харизматичный веселый и сука красивый бляяя. Пизда. Просто лучший братик. Люби себя и цени и не забывай о том что ты стоишь всего ты ахуенный. ТЫ ПИЗДА КРАСИВЫЙ"
2022-04-15,Дневник,"April 16, 2022 12:16 AM","# 15.04.22

Created: April 15, 2022 11:49 PM
Last Edited: April 16, 2022 12:16 AM
Tags: Дневник

прошло пол года уже как я скрываю от родаков что я отчислился. еще в декабре решил, а отчислил уже оф в марте

чет меня подзаебвает уже тема с лерой. хуй поймешь баб реально. ебнутые они. так все усложнять я хуею просто. нежно ее не называть там зая солнце. не трогать лишний раз, не обнимать. не торопить события. я в ахуе парни. просто горю. спасибо хоть в щечку целует. приятно дико. хуй знает что с ней делать и как себя вести. она сама говорит что все 100/10 у нас и ей очень нравится все и что мы ходим по таким классным местам и я крутой очень, но тип она такая сложная девушка с характером непростым поэтому тяжело входить в отношения ей... просто ахуеть. все идеально - это все равно хуего. надо искать подвох блять. по итогу потмо скажет что я ее не трогаю и посчитает что я друг и очередная френдзона будет... вангую нахуй. мне не привыкать как гвоорится. 4 раза уже было, че бы 5ый не стать. сука как заебала эта хуйня с отношениями. нашел бы я просто бабу красивую с которой бы мы трахилась хотя бы раз в неделю у нее или в отеле и все, больше мне нихуя не нужно. или норм отношения без этой спасательной хуйни и терапии. просто нахуй я ебал

пришло осознание что я нахуй никому не нужен кроме себя и так с каждым. только если ты не девочка конечно, особенно если красивая. как я рда что научился справляться с психологическими трудностями самостоятельно посредством этого самого дневника, медитаций, дыхания, взросления и просто мудрее и опытнее стал. независим ни от кого могу сам спокойно общаться с девушками 10/10 без чьей либо помощи. моя недостижимая мечта каких то 3 года назад стала обыденной реальностью. так и бывает. ты все можешь брат

даже кожу на пальцах перестал грызть

такие пальцы аккуратные и красивые стали. даже кожа защитная у подножия ногтей почти восстановилась. кааайф. 15 лет привычка была и кажется я начинаю побеждать ее. еще бы победить привычку дрочить каждый день и возможно не по одному разу еще... а то действительно вполне возможно именно поэтому я такой тряпка с девочками что нет этого животного, дикого секс драйва. поэтому и смелости не появляется для таких мувов как поцеловать или хотя бы предложить встречаться. просто хотя бы попытаться, похуй на результат. страх побеждает. возможно вполне это дрочка меня делает слишком похуистичным в этом плане и это дико хуего. так нельзя. я хочу ебать. 

Я ХОЧУ ЕБАТЬСЯ 

Я ДИКО ХОЧУ КОГО ТО ТРАХНУТЬ В ПИЗДУ

ПРОСТО ДИКО ВЫЕБАТЬ

СУКА КАК ХОЧЕЦА СЕКСА ТО НАХУЙ

так горит 

так раздражает меня все

я так устал хотя нихуя не делаю

я так устал нихуя не делать

я так слаб

я такой прокрастинатор

я такой лентяй

я такой слабак

мне надо срочно найти работу. начать саморазвиваться. и наконец придумать историю и сказать что меня отчислили родакам а то вечно скрывать это нельзя. 

надо найти работу

надо найти работу

надо найти работу

надо найти работу

пфффф как я заебался от своего же невежества и бездействия. просто апатичен совершенно

даже читать перестал совсем. каждый мой день последнии 3 недели думаю - это переписываюсь с Лерой, гуляю, сплю, сижу в тиктоке, играю в иксбокс, ем. ВСЕ БОЛЬШЕ НИЧЕГО. как перестать быть хуйлом таким? чего мне не хватает?

где взять мотивацию?

какая у меня цель?

нужна цель

нужно к чему то идти

что за цель поставить? вот вопрос всем вопросам

режим так и не восстановил

заниматсья физ упраженниями так и не начал

так и не читаю нихуя...

никак не саморазвиваюсь получением новых знаний

я хочу съехать от мамки. не хочу с ней жить больше. меня бесит с ней жить. хочу жить один. абсолютно один в москве. сам готовить. сам убирать. мыть посуду. стирать. гладить. все все все сам делать. чтобы не кайфовать до 8 часов когда мать приходит и не слушать ее блятские разговоры  с самой собой нахуй как они меня вымораживают божееееее. она постоянно с собой пиздит и в такой манере негативной как будто злится на что то постоянноо. так заебало. так неприятно. хочу просто спокойно приходить в свою квартиру когда хочу и с кем хочу и не париться ни о чем. надо деньги зарабатывать начинать. чтобы и ингридиенты самому покупать. и одежду на свои деньги. и бытовые вещи и все все все. технику. комп новый собрать мб. на машину накопить. ээээх вот она цель блять. далеко идти не надо даже. хочу стать взрослым независимым мужчиной."
2022-04-09,Дневник,"April 9, 2022 11:41 PM",
2022-04-09,Дневник,"April 9, 2022 1:27 AM",
2022-04-04,Дневник,"April 4, 2022 10:37 PM",
2022-03-14,Дневник,"March 14, 2022 9:15 PM","# 14.03.22

Created: March 14, 2022 8:17 PM
Last Edited: March 14, 2022 9:15 PM
Tags: Дневник

чет я немного себя свиньей чувствую из за того что мы с ксюшой ходили на бухай танцуй и там мы с 3 до 6 где то стояли танцевали постоянно в объятьях, она у меня спала в них, жопой на члене лежала, хуй стоял пизда кстати. как будто палка, мы еще сидели на полу а она спиной облакатилась и тааак хуй стоял пиздец хапхап. потом еще сама переворачивалась чтобы стоять спиной ко мне и я хуем об ее жопу терся и руки вокруг шеи положил. кайф. так вот я чет думаю использовал ли я ее? тип мог бы пригласить куда нибудь. но нихуя не написал мы и не общались после этого особенно. хз. по идеи она была пьяна и я был пьян так что все по честному. потом она сама инициировала наш контакт, когда я нашел ее у стойки барной и она мне отдала свой коктейль и облакатилась на меня прям, уставшая, а я ее обнял ну и потом мы так стояли такой кайф был и понеслось. я думаю объектинво нам обоим было хорошо и приятно, мы классно провели время и не было никаких обязательств и гарантий тип такого чего то, так что глупо себя чувствовать виноватым я считаю. тип да я не белый пушистый пуси нерд который боится девочку за руку взять потому что только если мы встречаемся я себе омгу это позволить. нет, нихуя. я далкео блять не такой лох. ей блыо в кайф, она принимала участвие, никак не показывала неприязнь или такое что то. так что все заебись. в кайф сходили. такая у нее жопа сочная пиздец. я ее еще целовать раз сто пытался, постоянно еще за спину опракидовал и надеясь на подъеме поймать ее губы но она блять постоянно их отваричивала с головой своей, причем не резко а так гладко у нее получалось. эх, видимо это для нее уже было слишком.а  жаль. я так хотел ее засосать. странные бабы блять. за жопу трогать, тереться об мой хуй как стержень котоырй, позволять руками грудь касаться, целовать в волосы - это ок, а целоваться нет. ну пиздец. зотя под конец где то, когда я лежал губами на ее плечах то я так начал целовать ее немного в шею по чуть чуть усиливая интенсивность поцелуев и она меня начала силой руками прижимать, чтобы я голову не убрал. вот тогда был наверное мой шанс но я им как то не особо воспользовался, потому что прошло уже куча попыток поцелуя и я потерял уверенность. мда, обдино васька. я все же думаю надо было силой целовать ее, на увереничах. такое девки любят. но я не смог. не хотел, боялся все испортить, что облажаюсь или что как с дашей будет знаешь или она обидется и уйдет просто... крч чет такого тип. подсел на очко я. 

жанна с андреем рассталась походу. и вся в депрессии уже долгое время видимо. ни с кем не общается говорит, разучилась говорить с людьми по ее словам. и мы с ней идем гулять в четверг. и я подумал. бля ахуеть это мой шанс с ней. потрогать. может трахнуть ее. поцеловать или хотя бы просто потрогать за талию, опложить руку на ножку в чулках, потом глубже по ноге... прижать ее к себе и ощутить на себе ее огромную грудь. аааааа. а возможно в мечтах трахнуть ее. это идеальный вариант, я думаю это легко будет сделать если я закомичусь прям до конца. потому что она в отчаянии, это легкая добыча из девок. у нее никого нет. не с кем поговорить. парень не понимает ее. она закрылась полностью. пьет одна ночью целую бутылку вина. мы с ней знакомы уже 3 года почти. отличные друзья. она знает меня. знает что я классный и веселый парень. так что трахнуть ее просто напросто должно быть если все карты правильно раскрыть и правда это искренне захотеть. я просто не хочу все еще начинать манипуляциями и обманами заниматься, а стоило бы уже я думаю. тогда бы проблем вообще не было. хочется знаешь сделать это естественно чтобы не было так что я свинья предал дружбу ради пизды и сисек ее. хотя я очень хочу это сделать. хочу ее жестко трахнуть. потрогать ее грудь оч хочу. ааааааа. как же хочеца. у ани кста пизда грудь сочная тоже. побольше даши такое ощущение. вот, в принципе наша дружба уже не так важна для меня, поэтмоу я готов рискнуть думаю чтобы трахнуть ее, даже если это будет стоить нашей дружбы и общения. похуй. все равно уже почти не общаемся. а шанс потрахаться с ней очень велик. раз она с даней сосалась когда с андреем все хорошо было и там массажи. киношки совместные... мда. так что сейчас она еще и в отчаянии и без друзей рядом и без парня. джекпот, Вась. не проеби

боже как же я хочу кого то трахнуть ты не представляешь. каждый день дрочу. на подруг дрочу. представляю как трогаю их груди. как трахаю их. сценарии разнообразные. аа а хочу секса ооооочень хочу. я не могу уже

я хотел трахнуть ксюшу

я хотел трахнуть дашу

я хочу трахнуть машу

я хочу трахнуть жанну

я хочу трахнуть алису

я хочу трахнуть аню

я хочу трахнуть дашу

я хочу трахнуть ангелину

я хочу трахнуть вику

я хочу трахнуть аню

я хочу трахнуть марину

я хочу трахнуть лию

аааааааааа я не могу так больше, кто то дайте мне уже. нельзя бы таким спермотоксикозником"
2022-03-01,Дневник,"March 1, 2022 6:41 PM",
2022-02-21,Дневник,"February 21, 2022 11:18 PM","# 21.02.22

Created: February 21, 2022 11:17 PM
Last Edited: February 21, 2022 11:18 PM
Tags: Дневник

мне страшно. происходит хуйня с украиной и россией. пиздец какой то. страшно очень страшно. маша заебала пиздец. иди нахуй. устал. ничего не хочу делать. на все похуй. никакого желания что либо делать нет"
2022-02-19,Дневник,"February 19, 2022 10:39 PM","# 19.02.22

Created: February 19, 2022 10:33 PM
Last Edited: February 19, 2022 10:39 PM
Tags: Дневник

чет у меня очко начало дико поджимать из за суеты между украиной и россией. сука если война будет то пиздец полный настанет. они там обстреливают друг друга. уже эвакуировали территорию блять... пиздец все серьезно че то. меня как раз вот отчисляют и все нахуй сразу заберут и я умру за хуйню какую то. ебаный сыр блять. за что умирать то. нахуй мне оно надо. я еще ничего в жизни толкового не сделал и идти непонятно за что жизнь на кон ставить. заебись люблю росиию. надо быстрее нахуй отсюда съебывать куда подальше в нормальные страны типо норвегии и швеции. а эту помойку с путиным нахуй покинуть. ебал я ваш рот. суууука. как же вовремя сука отчисляюсь я. прямо под начало войны. буквально блять. вчера путыга подписал закон о призыве резерва на военную подготовку... я блять даже не резерв, я блять основа.111!! у меня идеально здоровье... просто нахуй пизздец страшно. за что нахуй. за что блять. пощадите пожалуйста. не надо меня забирать бля. умоляю. дайте пожить еще. дайте добиться чего то стоящего. дайте мать прежде всего за все старания отблагодарить и брата. за все что они сделали для меня. а то они всю мою жизнь занимались мной и вот коогда наступает возраст для начал отдачи им я сразу же пойду умру и все нахуй конец истории... нахуя рожали и деньги тратили со временем???? ааааааааааа. не надо. нахуй это война бессмысленная нужна. мы же друзья. братские народы. почему нельзя мирно жить то. сука. давайте мирным путем решать. какие войны еще в пизду. у нас атомное оружие есть. куда кто. пизда миру крч. пизда мне. умирать самое обидно что непонятно за что... за хуйню для меня совершенно ничего не стоящую... за путина и его пидорасов... ага кайф. за хуйланов крадущих всю россию. ПОШЛИ ВЫ НАХУЙ СВИНЬИ ПОЗОРНЫЕ. СИДИТЕ ТАМ КАЙФУЕТЕ А НАРОД УМИРАЕТ. просто ненавижу сука путина и его педико ебаных"
2022-02-16,Дневник,"February 16, 2022 10:58 PM","# 16.02.22

Created: February 16, 2022 10:58 PM
Last Edited: February 16, 2022 10:58 PM
Tags: Дневник

блять марина сука тупая ненавижу как она меня выбешивает своим отношением. сука. игнор ее ебаный отвечает хуй когда, делат на похуй и даже не извиняется искренне. пошла нахуй шлюха"
2022-02-15,Дневник,"February 15, 2022 11:40 PM","# 15.02.22

Created: February 15, 2022 4:57 PM
Last Edited: February 15, 2022 11:40 PM
Tags: Дневник

уже прошло два месяца где то как я решил что хочу отчислиться а я состояние вещей все тоже... я еблан полный. я так боюсь общаться почему то писать по поводу перевода, а уж тем более наглеть и звонить кому то. звонок кому то это пиздец страх для меня... я уже представляю как я буду заикаться при ответе... я слова ни скажу нахуй. я заранее думаю что там будет злая тетка которой похуй на свою работу потому что ей платят копейки и она ненавидит свою работу поэтому ей похуй. меня такие ситуации в полнейший шок и страх вгоняют... я не знаю что делать с этим. я даже боюсь зайти на хом мифи посмотреть что то потому что в голову появляются мысли вот зайду а там весь деканат ректор хуектор директор напишут что я хуила и все меня убьют щас мать в суд и тд... просто ужас я знаю. ничего не могу поделать с собой. я просто выяснил что я все еще слабак морально и психологически. вообще не могу контролировать себя а уж тем более свою речь. не могу вот я собраться с силами взять яйца в руки и написать хотя бы просто. я как напишу кому то то потом боюсь на почту заходить смотреть ответ... я не шучу мне реально страшно заходить. пиздец. я еле еле себя пересиливаю. меня только на письмо и хватает. потом какой страх искать кабинет нужный нахуй. это треш ебучий. я так боюсь. это же надо пропуск получать звонить договариваться наглеть стоять на своем поджимать порой и тд. я не умею это все просто. я мямля. я тряпка полная. нет у меня такого стержня... стыд и позор честно. тебе 20 лет, почти 21. а мямля как в 15 лет все так же... и отчислят меня уже скоро. думаю числа 20ого. как матери об этом сказать? как она отреагирует? что будет с моей жизнью дальше? что с армией? если заберут все же то все конец моей успешной жизни что ли? так много вопросов и так мало ответов. мне очень страшно и одиноко. меня еще бросили все друзья мои близкие. даже лучший друг меня предал... ни с кем не хочу гулять идти вданнй момент может только с машей. как о чем я буду говорить с ним? они по любому спросят про вуз и что я скажу? что меня отчислили моя жизнь идет под откос а я тут с ним пошел гулять? это я еще больший раздолбаем чем кажусь буду. сука. сука сука сука сука блять. какой я еблан. какая ебучая система сука. почему все мужики должны в армию идти. Я ЕБАЛ ЭТО ОБЩЕСТВО ДОЛБОЕБОВ. почему нельзя не идти. почему девки могут не идти... единственно что положительно это что у меня последний год бви еще действует т.е. я могу по нему поступить еще раз в вуз нормальный... нет не так, хоть в какой то... егэ то тоже 4 года действует. было бы весело пиздец отчислиться на послденем курсе без егэ и бви... просто на помойку жить сразу идти. потому что егэ я не сдам на 60+ даже за каждый... таким я долбоебом стал. стыд позор. мать убьет

еще сука стыдно за себя. за мать обидно очень. она столько вкладывает в меня. а я в итоге скажу ей что буду еще 4 года висеть у нее на шее.. кайф балдеж во она обрадуется конечно. сука. страшно что она меня нахуй пошлет и будет мега агрессивной теперь и заставлять меня там идти в мак работать. приходить злой. что атмосфера в доме будет очень плохой и злой. что будет обращаться со мной как с говном уже а не как сейчас на равных... заслуженно конечно но я точно так сломаюсь... я не выдержу такого давления на себя. я уже нихуя не выдержу потому что я тряпкой и слабаком стал совсем. я сука не могу встать раньше 11... а даже вставая в 11 я чувствую такую дикую слабость и желание спать что как будто я вообще не спал ни секунды. это пиздец полный. 

еще и на фоне этого речь заметно ухудшилась. стал почти постоянно заикаться запинаться точнее. треш. перестал делать урпажнения на дикцию совершенно. уже наверное месяца три точно не делал ничего. даже обычную утреннюю разминку для тела и рта не делаю... потому что просыпаюсь сука к 12 мудила тупая. а про физическую нагрузку какую то я вообще молчу. мне даже подтянуться раз сложно и физически и просто морально подойти к турнику сука. какое позорище. раньше я был таким сильным а сейчас раз подтянуться - болят руки три дня. буквально. АААААААААА ЧТО СО МНОЙ СТАЛО. сука. девушки нет. некого даже обнять. чтобы почувствовать запах близость с девушкой какой нибудь. с машей не видимся нихуя. с жанной общение на ноль сошло. аааах так хочу их крепко обнять и прочувствовать прикосновение их большой груди ко мне... как же хочется этого простого прикосновения ощущения женской груди на себе даже через одежду при обнимашках. у них такая грудь большая и идеальная боже... повезло же их парням. трахать их то... завидую честно завидую. я так хочу 

кого то трахнуть божечки мой уже два года хочу кого трахнуть. пиздец хочу. ты не представляешь как хочу. это не описать словами. я каждый день дрочу без преувеличения. не могу без этого. моя писька уже плохо себя чувствует из за этого. не такой кайф получаю. потому что дрочу постоянно и виртуальная хуйня меня не так сильно возбуждает уже или очень редко это происходит. мне нужно живое личное прикосновение а не это вот все через экран телефона... я хочу потрогать большую сочную грудь... пососать сосочек сочный. жестко трахнуть в пизду в разных позах красивую и с хорошей фигурой тяночку. чтобы она минет мне сделал годный. позу 69 попробовать. разные позы. все позы. секс два часа. в жопу выебать. раком... аааах мечты мечты...

какой же я убогий. звучит как хикки какой то бля. долбоеб живи иди а не ной

марина сука тупая как она меня легко может выбесить то...

хочу кататься на машине но лень кататься проводить время за практикой на машине...

хочу перевестись но страшно общаться с деканатами...

хочу заниматься вокалом но типо нет времени...

хочу начать бегать но лень подниматься и просто лень в принципе...

надо купить зимние ботинки пока они по скидке, а мне так лень и я боюсь просто напросто, боюсь ошибиться, что будут очень дорогие или неудобные или там вырасту из них или в них холодно будет (например там зимние кросы) и тд. боюсь ошибиться сильно, ведь новые не купят мне уже явно... 

не знаю что делать с моими страхами. они в послденее время начали ярко выражаться очень. или я на них активное внимание обратил хз... даже не суть, просто пиздец у меня страхов и зажимов оказывается ментальных. я ебал рот. надо это исправлять в срочном порядке, потмоу что так жить нельзя - это жизнь для слабаков."
2022-02-02,Дневник,"February 2, 2022 7:06 PM",
2022-01-09,Дневник,"January 9, 2022 2:35 AM",
2021-12-31,Дневник,"December 31, 2021 12:33 AM","# 30.12.21

Created: December 31, 2021 12:31 AM
Last Edited: December 31, 2021 12:33 AM
Tags: Дневник

завтра нг. меня кинули с хатой. друзей нет или они уехали, да и навряд ли я с ними бы отмечал если бы они остались. грустно очень на самом деле. некит пытается помириться. позвал на хату а потом послал тип с кем то из уже гостей у меня “натянутые отношения”. ладно, выбор он сделал кого позвать из нас. ясно все.все равно уже ничего не вернуть к тому, как было раньше

чтож буду с семьей отмечать. потом мб погуляю с тусой андрея. возможно

грустное окончание года вышло конечно у меня нихуя не скажешь

надо что ли завтра какие то итоги года подвести хмм а то я итак нихуя не записываю почти, потому что лень или нет настроения"
2021-12-22,Дневник,"December 22, 2021 12:32 AM","# 21.12.21

Created: December 22, 2021 12:28 AM
Last Edited: December 22, 2021 12:32 AM
Tags: Дневник

сегодня разнылся жесок в середине дня. давно очень так долго и сильно не плакал. представил что у меня мама бабушка брат умерли. так плохо стало. еще подумал о том как я больно делаю маме что не разговариваю с ней. игнорирую избегаю контакта дома... как раньше было еще хуже когда я малой был. как она плакала в отпуске из за меня гандона ебаного... боже как много боли я ей сделал. а она ведь меня так любит сильно

хочу найти кого то для секса. хочу ебаться жоско прямо. очень сильно хочу кого то трахнуть

люблю брата своего

маму люблю

бабушку люблю

почему я такой плохой сын внук? гандон такой уебище последнее...

чет вспомнился диалог с дашей на др моем... какая же она была искренняя. ах, все могло быть совсем по другому..."
2021-12-21,Дневник,"December 21, 2021 2:16 AM","# 20.12.21

Created: December 21, 2021 2:15 AM
Last Edited: December 21, 2021 2:16 AM
Tags: Дневник

пизда опять день вникуда проебал. кожу еще сука згрыз на пальцах опять всю...

сделал впервые коктейль алькогольный дома - белый русский. по рецепту васи. годно годно я скажу

хочу языки изучить"
2021-12-19,Дневник,"December 19, 2021 12:43 PM","# 19.12.21

Created: December 19, 2021 12:40 PM
Last Edited: December 19, 2021 12:43 PM
Tags: Дневник

увидел сейчас что у антона 3 подарка в вк и одна из них это марина. блять я ей отправил подарок еще дня два назад она нихуя не ответила даже. антону же она его вчера прислала... блять обидно вообще то. у нее вообще любимое занятие нихуя не отвечать на сообщения. круто придумала конечно. наверное и антон ей подарил и кому то еще, хотя я ему тоже дарил а он мне нет в ответ... ясно. вот реально как проще жить когда ты не привязываешься ни к кому и ты у тебя на первом месте. так похуй на все эти личностные отношения становится. максимально похуй. че хотят то пусть и делают. я просто слежу за этим буду и молча делать выводы для себя. ничего не отвечаешь марин - похуй на меня - пренебрежение ко мне - ну и иди нахуй твое дело. я так же буду к тебе относиться. хотя мне похуй, я просто приму эту боль, проведу ее через себя быстро и потом забью. просто ты будешь для меня не иметь ценности."
2021-12-19,Дневник,"December 19, 2021 2:36 AM","# 19.12.21

Created: December 19, 2021 12:40 PM
Last Edited: December 19, 2021 12:43 PM
Tags: Дневник

увидел сейчас что у антона 3 подарка в вк и одна из них это марина. блять я ей отправил подарок еще дня два назад она нихуя не ответила даже. антону же она его вчера прислала... блять обидно вообще то. у нее вообще любимое занятие нихуя не отвечать на сообщения. круто придумала конечно. наверное и антон ей подарил и кому то еще, хотя я ему тоже дарил а он мне нет в ответ... ясно. вот реально как проще жить когда ты не привязываешься ни к кому и ты у тебя на первом месте. так похуй на все эти личностные отношения становится. максимально похуй. че хотят то пусть и делают. я просто слежу за этим буду и молча делать выводы для себя. ничего не отвечаешь марин - похуй на меня - пренебрежение ко мне - ну и иди нахуй твое дело. я так же буду к тебе относиться. хотя мне похуй, я просто приму эту боль, проведу ее через себя быстро и потом забью. просто ты будешь для меня не иметь ценности."
2021-12-12,Дневник,"December 13, 2021 3:31 AM","# 11.12.21

Created: December 12, 2021 5:52 PM
Last Edited: December 13, 2021 3:31 AM
Tags: Дневник

-Do you think it's okay if I go out with Ueda-senpai?

-No

-You're modest, and you put others ahead of yourself. When everyone is happy, you seem happy too.

-If only back then, I could have said something to him... But what's the right thing to say?

-We don't want to laugh without knowing what you're going through. Have you ever thought that you wanted to die?

бля нахуй англ здесь. как же я люблю свою мамочку. боже какой же я уебок что так к ней отношусь. что ничего не говорю. свожу диалог на нет всегда. закрываюсь от него буквально и переносно... за что ей все это? я ее очень сильно люблю свою мамочку! зачем я пишу это здесь, а не говорю ей это в лицо? или показываю действиями как я люблю ее. надо ценить ее, пока есть время. не теряй момент. все когда то закончится.... пока не поздно  сделай каждый ее день счатливым как она того и заслуживает!

Блять как меня Алиса бесить начала это пиздец. Отвечает блять на похуй когда хочет точнее не отвечает. Это меня очеорбляет. Пошла она нахуй крч больше я ей ничего не напишу"
2021-12-11,Дневник,"December 11, 2021 11:06 AM","# 10.12.21

Created: December 11, 2021 12:24 AM
Last Edited: December 11, 2021 11:06 AM
Tags: Дневник

im sad and dissapointed masha seems to ignore me and my feelings. she is now only focused on her dolgi in studies and her bf Seva... she is accurately choosing present to him and then i remember what she gifted me... fucking shampoes and stuff... fucking hell, so you are telling me you gave me that and you are so passionate, worried about the present to your boyfriend? that hurts man... like really hurts... and i like asked her to go walk with me multiple times and she always have a reason to decline. after that she just casually says to me that she is going in obshaga to her friend to party! Like hell, are you kidding me? So you are my bestie and trading me for fucking guys in a hostel? fuck no..."
2021-12-10,Дневник,"December 10, 2021 3:50 AM","# 09.12.21

Created: December 10, 2021 3:48 AM
Last Edited: December 10, 2021 3:50 AM
Tags: Дневник

Today I want to start writing diary on English. Or at least try and make that some of a habit you can say. Now is 4 am (morning)…

Masha seems to be rly upset about her studies and I’m upset that synthesizer piano is too much money :(("
2021-12-08,Дневник,"December 9, 2021 12:02 AM",
2021-12-07,Дневник,"December 7, 2021 11:52 PM",
2021-12-07,Дневник,"December 7, 2021 2:17 AM",
2021-12-03,Дневник,"December 3, 2021 2:03 AM",
2021-12-01,Дневник,"December 1, 2021 1:21 AM",
2021-11-30,Дневник,"November 30, 2021 12:27 AM","# 29.11.21

Created: November 30, 2021 12:25 AM
Last Edited: November 30, 2021 12:27 AM
Tags: Дневник

сегодня закончил отношения с даней. пошел нахуй. игнорь дальше

чуть с мурадом не закончил но он вернул все же деньги.

так кайфого сегодня полежал послужал музыку и поспал. боже такой кайф был

открыл для себя балдежное шоу я себя знаю от азамат бляяя оруу пиздец"
2021-11-28,Дневник,"November 28, 2021 2:43 AM","# 27.11.21

Created: November 28, 2021 2:38 AM
Last Edited: November 28, 2021 2:43 AM
Tags: Дневник

сегодня играл на гитаре и спал снова. такой кайф на гитарке играть. у меня отличный прогресс. уже знаю много аккордов Am E Em G F D C. попытался сыграть коржа стань песню, все аккорды для нее знаю, но играть получается очень мделенно и нелепо. еще много практиковаться надо для исполнения моей мечты - сыграть самому ее нормально и петь научиться надо

думаю что на днях закончу эту историю с даней. хватит с меня этой неопределенности. этого игнора блять нахуй. какая же даня сука сыкливая девочка которая не может по мужски закончить отношение с лучшим другом блять, какой гандон сука. ненавижу блять. надо закончить написать ему что он гандон что решил так поступить так и что мне больно от этого крайне и я разочарован в нем. поблагодарить за все что между нами было, за все моменты, радость, эмоции, впечатления. а их было много и за это я ему благодарен. люблю тебя брат и крайне ценю. лучший. жаль, очень жаль, что все так закончилось... а потом убрать его из моей жизни навсегда - заблочить везде. хватит с меня такого пахабного отношения

завтра фоткаться иду с мариной и за обувью зимней надеюсь съезжу. сука по учебе пизда конечно полная у меня а я все еще ничего не делаю... пиздец мне. какой я еблан

![Screenshot 2021-11-28 at 02.11.08.png](27%2011%2021%202b8c3985ead94036b2df0d388bc98515/Screenshot_2021-11-28_at_02.11.08.png)

![Screenshot 2021-11-28 at 02.11.05.png](27%2011%2021%202b8c3985ead94036b2df0d388bc98515/Screenshot_2021-11-28_at_02.11.05.png)"
2021-11-27,Дневник,"November 27, 2021 5:00 AM","# 26.11.21

Created: November 27, 2021 1:11 AM
Last Edited: November 27, 2021 5:00 AM
Tags: Дневник

кайфовал сегодня играл на гитаре и спал

написал ангелине что у нас ничего не выйдет. ахуенно сформулировал сообщение, даже никите понравилось и марине. оох как же меня это парило на самом деле. она мне сегодня еще днем написала... пиздец я волновался по этому поводу. я оказывается ее поцеловать пытался в такси когда ехали хех

Блять хочу много денег. Мне нужно много денег на мои хобби и нужды"
2021-11-26,Дневник,"November 26, 2021 2:50 AM","# 25.11.21

Created: November 26, 2021 2:39 AM
Last Edited: November 26, 2021 2:50 AM
Tags: Дневник

еба сегодня черная пятница ну прост сейчас 2 40 утра, но пишу я за чт вот. ахуеть это приятно я щас столько ништяков купил ахуенных на озоне и очки проебанные у девки заказал снова. потом в стиме думаю че купить Psychonauts 2 или Little Nightmares II хммм психонатс на консоли так то есть так что не очень вижу смысл его брать, склоняюсь поэтому больше к кошмарам 2

ох ох чет настроение прям пиздец поднялось. давно я что то так для себя чисто не закупал. не развлечения какие то, клубы, девушки, а так чисто для моего кайфа. ааа балдеж нахуй.

еще грущу что друзья кинули меня...((

волновался весь день по поводу свидания нашего с Ангелиной. вроде прошло оно заебато, столько тактилок было. я сделал все что хотел с ней и за руку постоянно держались и на колено руку клал, а она между прочим была в платье и тончайших колготках ааа кайфули и за талию обнимал и она прижималась ко мне и лицо к лицо держались и на плечо голову клал. ооох я прямо сильно вырос за это свидание. очень романтично было. я наконец то понял слова Ришата и Сани с мфти что ""я просто стараюсь сделать романтичными свиданиями и все, а остальное придет"" вот только сейчас осознал эти слова. реально такой кайф испытал от свидания. ля балдеж. надо теперь это внести в привычку такие свиданки. единственное что не сделал это не поцеловал в губы( зассал под конец, не смог собраться хотя момент еще как был и много, мы бля стояли обнимались пол часа с ней у общаги ее... ну да ладно, хоть в щечку поцеловал и она меня в ответ. такие дела вот. а еще когда за талию ее обнимал в театре то рука эта лежала на ляжке прямо на жопе почти кайф бля. так и хотелось хорошенько ее ущипнуть за жепу. трахнуть бы ее конечно эх. так вот я продолжения не хочу, не хочу ее использовать а ничего у нас дальше не выйдет. только секс если чисто. а это сестра алисы блять. я не хочу портить отношения с ней... так вот думал как написать ей это подготовил текст спросил у друзей, но в итоге решил не отправлять. она мне вроде ничего сама не пишет - что заебись, возможно я ей тоже не зашел и все само собой рассосется

начал снова сегодня на гитаре играть. купил подписку в юмюзишан. бля надо начать собой заниматься теперь, раз меня друзья суки ебаные все бросили, то наконец на гитаре научусь играть, петь начну, найду работу себе, схожу на джиу джитсу или мма, на курсы запишусь так актерские (деньги сначала надо найти, работу) спортом нормально займусь оооох столько времени, столько возможностей. надо ебашить братик! ты у меня всегда будешь и будешь моим сааааамым ближайшим корешом на всю жизнь!!!! люблю тебя брат! у тебя все получится нахуй!!! давай, главное двигайся вперед!"
2021-11-24,Дневник,"November 24, 2021 1:31 AM","# 23.11.21

Created: November 24, 2021 1:14 AM
Last Edited: November 24, 2021 1:31 AM
Tags: Дневник

оох что то непросто дается мне сейчас жизнь. такое ощущение что у меня больше нет друзей кроме маши. да и с машей мы как то стали общаться совсем мало мало. ооох а новых друзей уже нет желания заводить как то. это сука снова надо постоянно общаться интересоваться их жизнью и тд. то есть время свое тратить на это. но и понятное дело надо грамотно это сделать чтобы влиться в хорошую компашку в которой мне будет комфортно, как раньше был цирк. типо с олей можно но хз этот даня блять меня бесит, неприятен мне крайне. пидорас ебаный короче. оох хз. ни с кем не хочу общаться. но и тусить очень хочу. но общаться и знакомиться заводить новых друзей совсем нет желания... только если делать это очно, но не онлайн

еще и с учебой пизда. я же нихуя не делал. а сейчас скоро еще контроши и тд... лабы ни по бд ни по числакам не сдал БЛЯЯЯЯЯЯЯЯЯЯЯТЬ нахуй эту учебу в пизду вообще... нахуй я здесь учусь еще. раньше хоть люди были классные, а сейчас с людьми я не вижусь почти и ничего не осталось от того что меня здесь держало...

вообще ничего не хочу делать. вождение сдавать и звонить владиславу. я боюсь. я не уверен в себе. сомневаюсь в себе. боюсь снова выходить из зоны комфорта. боюсь идти против течения. как мне вернуть прежнего ахуенного васяна после последних событий?

столько хуйни произошло... столько близких друзей ушло из моей жизни и поломало оставшуюся с их уходом... ах блять в рот ебал

отдал белый браслет инь яня алисе. эх так бы на самом деле было бы круто если бы мы с ней начали встречаться) она очень классная и красивая девушка. я бы хотел этого сильно. а то я устал искать идеальную для себя девушку - такой не существует. а алиса очень даже отличный вариант

скоро новый год и у меня больше нет с кем его встречать... :("
2021-11-20,Дневник,"November 20, 2021 2:28 AM","# 19.11.21

Created: November 20, 2021 12:36 AM
Last Edited: November 20, 2021 2:28 AM
Tags: Дневник

нихуя не хочу. хочу просто тупить в инете. посмотреть щас фильмец какой нить. нихуя не хочу писать. фиксировать данные в ноушн и фидбек. так сука лень все красиов и аккуратно делать особенно.. нихуя не хочу. хочу тупить просто. а завтра тусить буду с ребятами. по кайфу. как же я все таки сука рад что записываю всю полезную информацию то бляяя. это настолько полезно я ебал рот. мне она так сильно пригождаеся это реально. так что это дело надо продолжать. у меня дохуя всего что записать можно. так что надо собраться с силами

Блять почему ебучая группа с сказками которая сама же на меня подписалась решила от меня единственного сейчас отписаться нахуя???? Что я такого сука нахуй особенного сделал…

![320A5438-038B-44C1-A8D5-8D309E874099.png](19%2011%2021%20d0aafb7c4d834f91ba19f3e5e3fb36e0/320A5438-038B-44C1-A8D5-8D309E874099.png)

![9965EE46-C385-4479-8284-6017D227B22B.png](19%2011%2021%20d0aafb7c4d834f91ba19f3e5e3fb36e0/9965EE46-C385-4479-8284-6017D227B22B.png)"
2021-11-16,Дневник,"November 16, 2021 12:16 AM","# 15.11.21

Created: November 16, 2021 12:04 AM
Last Edited: November 16, 2021 12:16 AM
Tags: Дневник

2 друга осталось в вк до 300 друзей хапхапхап блять что я делаю со своей жизнью. со мной перестали общаться 3 моих ближайжих нахуй друга некит тимыч и даня а я о друзьях в вк ебаном волнуюсь...

дома сидел нихуя не делал

хочу плакать. куртку почти порвал. она чутка порвалась в итоге... сука я так хотел себе ебальник снести. такая ахуенная куртка и я ее уже испоганил почти... сука свинья ебаная ненавижу себя. нехуй пьяным на электро самокате кататься. перчатки полностью порвал правую. мать меня жесть напрягла реакцией. обосрала нахуй. что я ахуел в разнсо блять пошел шмотки свои уничтожать... сука плакать так хотелось но ни слезинки не вышло

пиццу так и не заказали настроение все пропало как мать пришло. еще я просто не могу выдерживать больше разговоры с бабушкой. сука меня они так сука нахуй сильно бесят. они настолько бесполезные никчемные неинтересные что я не могу больше минуты их терпеть. ни о чем. ни для чего. никакой полезности. еще дура эта блять звонит мне потому что мать не отвечае, потому что она посуду моет... сука блять черга старая успокой свое либидо то блять, подожди чутка и мать тебе ответи. этой дуре каждый раз одно и тоже говоришь так она ничему не учится и продолжает делать как делает... боже как хуего быть старым. лучше умереть чем быть таким никчемным. блять как же у меня горит на бабушку. невозможно сука. ААААААА

режим пиздец свой сбил в нулину. до 8 вчера сидел залипал в тиктоке... еще я там залипаю постоянно но не чекаю уже наверное 2 месяца видосы что мне друзьяшки кидают, потому что я заебся мне их столько кидают каждый, дохуя кто кидает и я заебся их чекать все постоянно... поэтому делают вид что я удалил тт хотя постоянно целыми днями буквально в нем сижу

ладно пойду попробую лечь сегодня нормально. до часа хотя бы

бля еще даша мне написала недавно зорина. как дела спросить. я ей ответил норм и тип спросил че это она вдруг. сказала что ой бля вспомнила вот захотела узнать. да пошла нахуй. в итоге я у нее спросил что то че она там отчислиться хочет так она меня день+ игнорила. у меня сгорело нахуй и удалил это сообщения. пошла нахуй просто. не хочешь общаться - не пиши мне не напоминай даже о себе дура ебаная. я с тобой уже наигрался, пошла в пизду со своей шизой блять шлюжа тупая. бесит нахуй. не стал истерику закатывать как раньше потому что сейчас максимально похуй на нее мы никто друг для друга сейчас. поэтому удалил просто похуй на нее

как меня блять последние обстоятельства сделали ранимым уязвимым эмоциональным быстро батхертящим, чувствительным..."
2021-11-15,Дневник,"November 15, 2021 2:23 AM","# 14.11.21

Created: November 15, 2021 2:21 AM
Last Edited: November 15, 2021 2:23 AM
Tags: Дневник

вчера норм так ебнулся ночью с самоката. сука курту задел... надеюсь это все смоется. мать наорала. сука душнила. блять

даня тимыч некит 3 друга за две недели? самых близких друга? потерять? да. круто...

ахуенно ноябрь проходит я скажу вам. антон тоже хуйней занимается какой то. больше всех быкует на меня что я гей, одеваюсь как девочка и тд. блять и этот человек говорит что у меня шутки повторяющиеся... я хуею. я уже нихуя так не шучу, мы даже с ним не виделись лично сто лет. он при любой возможности шутит так

даня 6 дней уже игнорит меня без причины... с нихуя буквально. причем авы в тг меняет то"
2021-11-12,Дневник,"November 12, 2021 4:42 AM","# 11.11.21

Created: November 12, 2021 4:39 AM
Last Edited: November 12, 2021 4:42 AM
Tags: Дневник

блять что за хуйня с даней реально? за что мне это вся хуйня в один миг? некит тимыч даня антон блять. что я сделал? 5 сука дней меня игнорить. этот чувак должен был приехать ко мне на выходные... и просто с нихуя начал меня игнорить, гостить. что за баба ебаная? я хочу плакать. я хочу рыдать. я ничего не хочу. я хочу умереть. я устал. я хочу сдаться. я хочу упасть и не вставать. не хочу двигаться дальше.... я заебался жить

![Screenshot 2021-11-12 at 04.38.50.png](11%2011%2021%202b5f5cffbc2c45bd8e5eb0ad28669ec7/Screenshot_2021-11-12_at_04.38.50.png)

![Screenshot 2021-11-12 at 04.38.56.png](11%2011%2021%202b5f5cffbc2c45bd8e5eb0ad28669ec7/Screenshot_2021-11-12_at_04.38.56.png)"
2021-11-11,Дневник,"November 11, 2021 7:14 AM","# 10.11.21

Created: November 11, 2021 6:25 AM
Last Edited: November 11, 2021 7:14 AM
Tags: Дневник

стендап концерт гурама ахуенный мне понравилось

сука я на него идти не хотел потому что снова все оставил на ласт день и нихуя не сделал в итоге... буквально даже не приступил квантам. но билеты было нельзя вернуть и я решил ладно похуй надо ехать новый опыт для меня и деньги жалко. думал после сделаю. в итоге сейчас 6 26 утра... я еще не ложился держался на энергети и 5 часов я просто прокрастинировал...... бляяяяяять и только с 5 начал делать (списывать) кванты. пиздец все хуего у меня с контролем и волей

пока ехал в эльке с каким то зеком познакомился. саней зовут 37 лет. мужик пизда разговорчивый. только и рассказывал про себя пол часа езды. интересный чел, норм. он блять так смачно перданул на улице я хуею с него сссука там еще поц в это время из магаза вышел ахпхахпахпахпха. но кажется этот пидрила меня заразил. у меня кашель с мокротой пошел чет... самое смешное еще то, что даже блять этот опасный тип зек с разбитым носом, который всю жизнь и пиздется и вот настоящий мужик так называемый, то даже он меня не хуесосил за клипсы в левом ухе. подметил, посмеялся, сказал пару советов как от гопоты отвязаться и все. сказал в итоге что я нормальный паренек. а мои близкие друзья блять меня хуесосят и бабой называют... может и к лучшему что они уходят из моей жизни плавно?

даня меня 5ый день игнорит. у меня окончательно поехала крыша и сгорел пердак. я ему написал что он еблан тупой и если он не объяснится то жить он у меня точно не будет. пошел ты нахуй долбоеб тупой на дане

![86339D86-78AF-4843-BA32-5BD3D611E86F.jpeg](10%2011%2021%207dd0d9d5df0c42bdb1db81785c5e0f1c/86339D86-78AF-4843-BA32-5BD3D611E86F.jpeg)

![D7A91817-D136-4315-9D75-FFE87BA35E43.jpeg](10%2011%2021%207dd0d9d5df0c42bdb1db81785c5e0f1c/D7A91817-D136-4315-9D75-FFE87BA35E43.jpeg)

![DFC0C00D-3DED-4DAE-B93B-0B42C16E5AF7.jpeg](10%2011%2021%207dd0d9d5df0c42bdb1db81785c5e0f1c/DFC0C00D-3DED-4DAE-B93B-0B42C16E5AF7.jpeg)

![FDD4D92E-FE17-4721-8C0C-06D11C7AFF17.jpeg](10%2011%2021%207dd0d9d5df0c42bdb1db81785c5e0f1c/FDD4D92E-FE17-4721-8C0C-06D11C7AFF17.jpeg)

![BA75D353-4C1D-4C41-AA9F-AEFF8659A560.jpeg](10%2011%2021%207dd0d9d5df0c42bdb1db81785c5e0f1c/BA75D353-4C1D-4C41-AA9F-AEFF8659A560.jpeg)

![042EBD04-D105-4183-87E5-9F045DA8F556.jpeg](10%2011%2021%207dd0d9d5df0c42bdb1db81785c5e0f1c/042EBD04-D105-4183-87E5-9F045DA8F556.jpeg)

![DEBDBC9A-DA69-4CB4-A87E-05B34C928933.jpeg](10%2011%2021%207dd0d9d5df0c42bdb1db81785c5e0f1c/DEBDBC9A-DA69-4CB4-A87E-05B34C928933.jpeg)

![828E751B-0565-47C9-A070-710DE3FA54B8.jpeg](10%2011%2021%207dd0d9d5df0c42bdb1db81785c5e0f1c/828E751B-0565-47C9-A070-710DE3FA54B8.jpeg)

![A37340E1-2D97-435B-AFB0-434FE233D1D2.jpeg](10%2011%2021%207dd0d9d5df0c42bdb1db81785c5e0f1c/A37340E1-2D97-435B-AFB0-434FE233D1D2.jpeg)

![D69A0D5F-D34C-4A90-B6F2-78ECAA59E1CB.jpeg](10%2011%2021%207dd0d9d5df0c42bdb1db81785c5e0f1c/D69A0D5F-D34C-4A90-B6F2-78ECAA59E1CB.jpeg)

![0519A69A-A83E-4471-9CD2-0B9686E092DD.jpeg](10%2011%2021%207dd0d9d5df0c42bdb1db81785c5e0f1c/0519A69A-A83E-4471-9CD2-0B9686E092DD.jpeg)

![CF51A275-A54F-4710-9A23-05665EF00283.jpeg](10%2011%2021%207dd0d9d5df0c42bdb1db81785c5e0f1c/CF51A275-A54F-4710-9A23-05665EF00283.jpeg)

![DBC89AB6-3F8C-4210-9446-02CAC8F0D5EC.jpeg](10%2011%2021%207dd0d9d5df0c42bdb1db81785c5e0f1c/DBC89AB6-3F8C-4210-9446-02CAC8F0D5EC.jpeg)

![0FFEBF35-59B4-47B5-A3AD-74AC62CF306F.jpeg](10%2011%2021%207dd0d9d5df0c42bdb1db81785c5e0f1c/0FFEBF35-59B4-47B5-A3AD-74AC62CF306F.jpeg)

![7366C643-FDB5-4145-8AA9-E9C036AA1349.jpeg](10%2011%2021%207dd0d9d5df0c42bdb1db81785c5e0f1c/7366C643-FDB5-4145-8AA9-E9C036AA1349.jpeg)

![A6A199B6-75CC-4CA0-A52C-5DBF275D8E89.jpeg](10%2011%2021%207dd0d9d5df0c42bdb1db81785c5e0f1c/A6A199B6-75CC-4CA0-A52C-5DBF275D8E89.jpeg)

![1FDBE0CD-1F43-45CF-BB0F-8F358389AFF8.jpeg](10%2011%2021%207dd0d9d5df0c42bdb1db81785c5e0f1c/1FDBE0CD-1F43-45CF-BB0F-8F358389AFF8.jpeg)

![02EF1E55-5BE8-4EA2-964E-B9199A041017.jpeg](10%2011%2021%207dd0d9d5df0c42bdb1db81785c5e0f1c/02EF1E55-5BE8-4EA2-964E-B9199A041017.jpeg)

![31B0356B-B209-4B60-B604-00DF28AF482A.jpeg](10%2011%2021%207dd0d9d5df0c42bdb1db81785c5e0f1c/31B0356B-B209-4B60-B604-00DF28AF482A.jpeg)

[IMG_3886.MOV](10%2011%2021%207dd0d9d5df0c42bdb1db81785c5e0f1c/IMG_3886.mov)

![FB8D78CD-AD08-43A1-89EF-7E52D58E50AE.jpeg](10%2011%2021%207dd0d9d5df0c42bdb1db81785c5e0f1c/FB8D78CD-AD08-43A1-89EF-7E52D58E50AE.jpeg)"
2021-11-10,Дневник,"November 10, 2021 1:41 AM","# 09.11.21

Created: November 10, 2021 1:30 AM
Last Edited: November 10, 2021 1:41 AM
Tags: Дневник

блять даня мудила до сих пор нихуя не ответил. сука как меня это вымораживает блять ааааааа. надеюсь он сдох блять долбоеб. сука ну так нагло игнорить и даже нихуя не сказать чем ты сука блять таким важным занят что 3ий день игноришь. И БЛЯТЬ ЕЩЕ ЖЕ НАДО МОМЕНТ ПОДОБРАТЬ когда меня все друзья кидают еще один близкий друг кидает... Некит походу тоже все - минус. больше мы не друзья. похуй ладно. я хочу быть самим собой.

сегодня подстригся просто ахуенно. блять обожаю моего парикмахера - Анну. лучшая в своем деле еще и за 300 рублей. аааа богиня нахуй

завтра на стендап один иду гурама амаряна. будет кайф. надеюсь удастся с ним сфотаться тогда вообще заебок будет!!! еще интересно будет посмотреть насколько сильно у него изменится материал, я же был на его пробном стендапе летом или весной с антоном.

блять как меня сейчас бесят все люди, а сука что самое хуевое - меня максимально бесят мои друзья блять. сука ненавижу их. что за хуйня с ними случилась вдруг в один момент? я в ахуе просто блять. пидорасы гандоны ебучие суки. все меня так бесят. я уже еле сдерживаюсь чтобы не превратиться в истеричку ебучую и ноющую. блять АААААААААААААААААААА УЕБАНЫ Я ВАС НЕНАВИЖУ БЛЯТЬ НАХУЙ ВЫ МНЕ ТАКИЕ ДРУЗЬЯ СДАЛИСЬ?????? пмс что ли у всех. или это жизнь просто. сменяет мой круг, время пришло может? как шкурку и ящериц... сезон наступил

новых друзей, новую компашку так лень искать нахуй. а придется, потому что цирк почти точно распался. вчера вон антон тоже из него ливнул после моего коммента про то, что я жопу побрил. долбоеб. минус компашка парней... очень жаль на самом деле

![7C83D433-7911-47C7-A5B1-EAF90999AAC9.jpeg](09%2011%2021%20e8c404f6101f4f659091310043907a66/7C83D433-7911-47C7-A5B1-EAF90999AAC9.jpeg)

![E5645A1E-B90A-4DF6-95C5-A57258589D6D.jpeg](09%2011%2021%20e8c404f6101f4f659091310043907a66/E5645A1E-B90A-4DF6-95C5-A57258589D6D.jpeg)

![C5F0F564-CB07-4870-A3A3-514C3A1E9312.jpeg](09%2011%2021%20e8c404f6101f4f659091310043907a66/C5F0F564-CB07-4870-A3A3-514C3A1E9312.jpeg)"
2021-11-08,Дневник,"November 9, 2021 12:59 AM",
2021-11-08,Дневник,"November 8, 2021 4:31 AM",
2021-11-06,Дневник,"November 7, 2021 4:17 AM",
2021-11-05,Дневник,"November 5, 2021 2:57 AM",
2021-11-04,Дневник,"November 5, 2021 4:33 PM",
2021-11-02,Дневник,"November 3, 2021 2:32 AM",
2021-11-02,Дневник,"November 2, 2021 3:11 AM",
2021-10-31,Дневник,"October 31, 2021 6:45 PM","# 31.10.21

Created: October 31, 2021 6:04 PM
Last Edited: October 31, 2021 6:45 PM
Tags: Дневник

расстались сегодня с той девкой. похуй. девочка на день чисто, да и ачивку получил - девушка была, теперь она моя бывшая"
2021-10-31,Дневник,"October 31, 2021 3:01 AM","# 31.10.21

Created: October 31, 2021 6:04 PM
Last Edited: October 31, 2021 6:45 PM
Tags: Дневник

расстались сегодня с той девкой. похуй. девочка на день чисто, да и ачивку получил - девушка была, теперь она моя бывшая"
2021-10-30,Дневник,"October 30, 2021 1:44 AM","# 29.10.21

Created: October 30, 2021 1:39 AM
Last Edited: October 30, 2021 1:44 AM
Tags: Дневник

что то мне лень ААААА МНЕ ВСЕГДА ВСЕ ЛЕНЬ. всегда что то кому то от меня надо. вот бы уехать в отпуск на неделю где меня никто не будет доставать. писать. или что то еще. где я ничего не должен буду сделать и тд. аааа а то то ответить комуто, то сделать что то... заебало. 

пиздец эта севочка мне фоток накидала. сиськи сегодня скинула. я в ахуе. секс намечается явно. надеюсь она не шрек в жизни, а хоть похожа на фото чутка... пиздец я стрессую немного и мне стыдно очень сильно. хз как будто я что то плохое делаю. как будто что то неправильно. безвозвратное. хотя как бы мы просто общаемся и секстим друг с другом. займемся сексом возможно. пососемся. ну типа и что в этом плохого? если меня другие бабы к тому же динамят. то хули и нет то собсна. опыт как минимум. все нормально расслабься брат

а так я конечно хотел бы очень сильно встречаться с катей с клуба. ля она ахуенна я чикса. только еслиб меня не динамила мразь ебаная сука нахуй блять. хуйней пахнет. занятая она дохуя видите ли. истории с тус выклыдывает. ох если бы хотела нашла время... ладно похуй я уже привык нахуй

так сука лень заметки заносить в ноушн. вот пиздец как лень искать то се, красиво оформлять чтобы потом легко можно было воспользоваться и тд. искать точные имена, фразы точные, делать скрины и вставлять их... я когда думаю об этом мне уже пиздец плохо а когда начинаю делать то от осознания сложности и долгости процесса я забиваю хуй просто... как обычно"
2021-10-29,Дневник,"October 29, 2021 2:05 AM","# 28.10.21

Created: October 29, 2021 1:30 AM
Last Edited: October 29, 2021 2:05 AM
Tags: Дневник

пиздец че происходит нахуй. тимыч меня везде удалил в инсте и вк из друзей, из групп наших ""цирк"" вышел везде... пиздец. пошла нахуй диана. тимыч что ты блять творишь за хуйню?

сегодня был мой первый настоящий sex talk с девушкой в тг. причем мы с ней неделю знакомы, сама меня нашла в тг как то, из подольска оказалсь. в сб идем с ней гулять и такое ощущение, что если продолжать в том же духе то секс буде ооооочень скоро! у меня так хуй встал во время нашей бесуды. там реально разврат. она мне еще нюд фоточку в купальнике прислала. оооох дядь, первый ахуенный такой опыт вот. чекни в тг диалог наш ""Севда (Севочка)"" ооох там конечно приколдесы. у нее еще секс по дружбе был, вот буквально ее последний секс это секс по дружбе 3 недели назад

посидели так же сегодня всей семьей : я брат мама и бабушка. классно было! я даже в этот раз впервые остался за столом после того как поел, чтобы поговорить. интересно было. еще никита орнул с моей шутки и такой ""какой ты харизматичный вась. я бы с тобой встречался. харизма так и прет"" это не цитата, но что то очень похожее. аааа как приятно то бляя! в последнее время очень много людей подмечают, что у меня ахуенная харизма!

а еще очень зачастили хвалить мой голос!!!1 ааа причем еще и девачки!!! бляяяя как же сука приятно нахуй. пиздееец кайф и балдеж

еще хуйня с некитом какая то я в ахуе. после разговора про клубы в тг, где мы как бы не срались вроде он в очный день в мифи странно вел себя. раздраженно очень со мной, пассивно агрессивно, на похуй слова подбирал и неуважительно. не пошел есть со мной в мак и мариной. я в ахуе. потом меня игнорит в тг до сих пор дня 3 уже... че за хуйня? может меня нахуй все друзья за эту неделю бросят и откажутся от меня???? будет просто ахуеннно НАХУЙ БЛЯТЬ ДА БЛЯТЬ ЧТО ЗА ЗАЛУПА ЧТО Я СДЕЛАЛ? Я ЖЕ НЕ УЕБАН НАХУЙ Я ДОБРЫЙ ЧЕЛОВЕК. ДА блять я часто мб щучу кринжого, нагло, но никогда у меня нет оскорбительного мотива!!!1 аааа блять и они это знают.... ну что за хуйня. почему от меня начали так много людей из моего самого близкого круга общения отворачиваться...? :((( feels very sad man 

пока мы сектокали с той девчонкой мне еще маша написала что ей очень грустно и не с кем погвоорить. я сразу увидел, но решил подождать, довести наш разговор до конца и написал ей через 15 минут. позвонил несколько раз в тг и по телефу. в итоге с 3ого раза взяла и сказала уже все норм она с севой поговорила. завтра сказала расскажет че было.

я хуею правда. надеюсь завтра мне все мои друзья скажут что я пошел нахуй и они заканчивают со мной общение

еще блять даня пидрила ебаный нихуя меня не поддержал и максимально похуистично отнесся к моей новости про тимыча.... спасибо брат нахуй

марина вообще меня дохуя лет игнорила, сначала поныла что с ней никто не общается я предложил со мной поговорить и блять 5 часов игнора... и после тоже похуистичная реакция...

нахуя вообще спрашивается мне тогда друзья? у меня кажется так много реальных друзей, в основном из ближайшего моего круга общения и такое ощущение что им всем похуй на меня... или они просто отказываются от меня... что за хуйня блять?

Да, похоже это конец нашей дружбе… он не просто отписался, он меня заблочил…

![51742F05-F880-49DD-B7DD-3431CEA6849A.png](28%2010%2021%20d64f5ae3646848c1afe0f5a10cb4dce5/51742F05-F880-49DD-B7DD-3431CEA6849A.png)

А в тг вот не заблочил…

![BF1EC82C-591E-4A20-925B-11779C786504.png](28%2010%2021%20d64f5ae3646848c1afe0f5a10cb4dce5/BF1EC82C-591E-4A20-925B-11779C786504.png)

![D174F109-788F-4DC7-A433-2E64729BEF8C.png](28%2010%2021%20d64f5ae3646848c1afe0f5a10cb4dce5/D174F109-788F-4DC7-A433-2E64729BEF8C.png)

Это нюдсы этой девчонки 

![13BCF7E1-3743-47D2-AF58-8F80DB815FE6.jpeg](28%2010%2021%20d64f5ae3646848c1afe0f5a10cb4dce5/13BCF7E1-3743-47D2-AF58-8F80DB815FE6.jpeg)

![63CE3172-358E-4A8A-92F1-ABA2571E8316.png](28%2010%2021%20d64f5ae3646848c1afe0f5a10cb4dce5/63CE3172-358E-4A8A-92F1-ABA2571E8316.png)

![E6237EDF-4A1C-4111-BF55-1605728428BF.jpeg](28%2010%2021%20d64f5ae3646848c1afe0f5a10cb4dce5/E6237EDF-4A1C-4111-BF55-1605728428BF.jpeg)

это парень сонечки кстати! рад за нее что она счастлива!

![9340B981-EB2E-4567-92D8-F764D76A2258.png](28%2010%2021%20d64f5ae3646848c1afe0f5a10cb4dce5/9340B981-EB2E-4567-92D8-F764D76A2258.png)

![D772ADD8-1F22-445F-980D-D6B153EAC052.png](28%2010%2021%20d64f5ae3646848c1afe0f5a10cb4dce5/D772ADD8-1F22-445F-980D-D6B153EAC052.png)

![731D8574-E7E4-4E1D-9394-13775D7C1C3F.jpeg](28%2010%2021%20d64f5ae3646848c1afe0f5a10cb4dce5/731D8574-E7E4-4E1D-9394-13775D7C1C3F.jpeg)

![97B62C62-2A50-41BD-9E74-A163A87C157B.png](28%2010%2021%20d64f5ae3646848c1afe0f5a10cb4dce5/97B62C62-2A50-41BD-9E74-A163A87C157B.png)

![162CBBBA-189C-401C-B5DB-94A8F465C7F4.png](28%2010%2021%20d64f5ae3646848c1afe0f5a10cb4dce5/162CBBBA-189C-401C-B5DB-94A8F465C7F4.png)

![53230737-3B2B-4463-B735-86FBF5081230.png](28%2010%2021%20d64f5ae3646848c1afe0f5a10cb4dce5/53230737-3B2B-4463-B735-86FBF5081230.png)

![DA11C28A-3D8C-4D05-8E64-4FC4BA6B1212.png](28%2010%2021%20d64f5ae3646848c1afe0f5a10cb4dce5/DA11C28A-3D8C-4D05-8E64-4FC4BA6B1212.png)

![964B1E35-B6A8-4056-A415-C0E620AF4B4E.png](28%2010%2021%20d64f5ae3646848c1afe0f5a10cb4dce5/964B1E35-B6A8-4056-A415-C0E620AF4B4E.png)

![273E10AE-91C0-415C-9FCA-B5F86F8FDD2A.jpeg](28%2010%2021%20d64f5ae3646848c1afe0f5a10cb4dce5/273E10AE-91C0-415C-9FCA-B5F86F8FDD2A.jpeg)

![663E39DB-6605-4127-8A85-76B1DA62095E.png](28%2010%2021%20d64f5ae3646848c1afe0f5a10cb4dce5/663E39DB-6605-4127-8A85-76B1DA62095E.png)

![F1612AE9-3EA3-4F97-9C39-211E815F2A14.png](28%2010%2021%20d64f5ae3646848c1afe0f5a10cb4dce5/F1612AE9-3EA3-4F97-9C39-211E815F2A14.png)

![5E7C15CA-5CE4-4553-99D9-73AE715C733B.png](28%2010%2021%20d64f5ae3646848c1afe0f5a10cb4dce5/5E7C15CA-5CE4-4553-99D9-73AE715C733B.png)

![EE311B8E-977D-41C4-B307-003E7E7F755D.png](28%2010%2021%20d64f5ae3646848c1afe0f5a10cb4dce5/EE311B8E-977D-41C4-B307-003E7E7F755D.png)

![BCC13024-2E8B-4554-A0D9-97435D60679C.png](28%2010%2021%20d64f5ae3646848c1afe0f5a10cb4dce5/BCC13024-2E8B-4554-A0D9-97435D60679C.png)

![49A10453-DA86-46B5-BCD8-D5C7D83B934D.png](28%2010%2021%20d64f5ae3646848c1afe0f5a10cb4dce5/49A10453-DA86-46B5-BCD8-D5C7D83B934D.png)"
2021-10-28,Дневник,"October 28, 2021 12:18 AM","# 27.10.21

Created: October 28, 2021 12:17 AM
Last Edited: October 28, 2021 12:18 AM
Tags: Дневник

пиздец тимыч прекратил общение со мной. почти два года дружим... пожелал мне просто удачи после всего что между нами было :( блять хуего

диана шлюха тупая ненавижу ее. как же я жалею что позвал ее на др"
2021-10-27,Дневник,"October 27, 2021 2:46 AM","# 26.10.21

Created: October 27, 2021 2:44 AM
Last Edited: October 27, 2021 2:46 AM
Tags: Дневник

Седня был отличный день. По итогу все написал только за лабы пиздюлей от Паши получу. Записали потом сказку. Заебись, классный опыт был! Слава богу ещё и не мне это монтировать!!!

![9C36A4D1-4F0F-4794-90B7-01F4EC14B03C.jpeg](26%2010%2021%20847da685b784440ca456c68f90ba1d86/9C36A4D1-4F0F-4794-90B7-01F4EC14B03C.jpeg)

![9C19D271-065E-493F-A401-1862DE07282E.jpeg](26%2010%2021%20847da685b784440ca456c68f90ba1d86/9C19D271-065E-493F-A401-1862DE07282E.jpeg)

![E086010D-44DC-45BA-B343-E2B9145F2649.jpeg](26%2010%2021%20847da685b784440ca456c68f90ba1d86/E086010D-44DC-45BA-B343-E2B9145F2649.jpeg)

![1B20CE5E-5571-4817-B83A-4FBFD0F32EAC.jpeg](26%2010%2021%20847da685b784440ca456c68f90ba1d86/1B20CE5E-5571-4817-B83A-4FBFD0F32EAC.jpeg)

![C6083D19-E7D8-4999-B371-F754A2493A62.png](26%2010%2021%20847da685b784440ca456c68f90ba1d86/C6083D19-E7D8-4999-B371-F754A2493A62.png)

![A016EFFF-ED52-4850-B1ED-86F76473D4A9.png](26%2010%2021%20847da685b784440ca456c68f90ba1d86/A016EFFF-ED52-4850-B1ED-86F76473D4A9.png)

![CA0238D9-0734-4FEF-9911-C17C3F3D2FEE.png](26%2010%2021%20847da685b784440ca456c68f90ba1d86/CA0238D9-0734-4FEF-9911-C17C3F3D2FEE.png)

![FBE3333D-A453-49A2-BF5A-C40303A9FDA7.png](26%2010%2021%20847da685b784440ca456c68f90ba1d86/FBE3333D-A453-49A2-BF5A-C40303A9FDA7.png)

![826649B5-9370-4F09-9F73-FD2625DE41D7.png](26%2010%2021%20847da685b784440ca456c68f90ba1d86/826649B5-9370-4F09-9F73-FD2625DE41D7.png)

![F74ED693-7650-4798-8F0D-C37C50179EA4.png](26%2010%2021%20847da685b784440ca456c68f90ba1d86/F74ED693-7650-4798-8F0D-C37C50179EA4.png)

![5F9FC53E-72E3-46A8-8B17-5B01A3D3409B.png](26%2010%2021%20847da685b784440ca456c68f90ba1d86/5F9FC53E-72E3-46A8-8B17-5B01A3D3409B.png)

![C6ED8911-D922-4A81-8C5D-28E5F673E86D.png](26%2010%2021%20847da685b784440ca456c68f90ba1d86/C6ED8911-D922-4A81-8C5D-28E5F673E86D.png)

![FDA31BDA-6ABA-40A6-85A3-4BEC78C6D63C.png](26%2010%2021%20847da685b784440ca456c68f90ba1d86/FDA31BDA-6ABA-40A6-85A3-4BEC78C6D63C.png)

![46239C93-D453-41FE-BE4C-13FA281E5BB6.png](26%2010%2021%20847da685b784440ca456c68f90ba1d86/46239C93-D453-41FE-BE4C-13FA281E5BB6.png)

![D3DC61DF-9A95-4428-9165-7456CDB86602.png](26%2010%2021%20847da685b784440ca456c68f90ba1d86/D3DC61DF-9A95-4428-9165-7456CDB86602.png)

![41C5E4A5-D5C1-4DEE-A620-D0E584FF099E.png](26%2010%2021%20847da685b784440ca456c68f90ba1d86/41C5E4A5-D5C1-4DEE-A620-D0E584FF099E.png)

![3DEA82E2-C08C-4B19-B316-2B330BE6EF89.png](26%2010%2021%20847da685b784440ca456c68f90ba1d86/3DEA82E2-C08C-4B19-B316-2B330BE6EF89.png)

![1A2AD1DF-D247-4327-8E9C-B73857A4486E.png](26%2010%2021%20847da685b784440ca456c68f90ba1d86/1A2AD1DF-D247-4327-8E9C-B73857A4486E.png)

![AC77E6F8-7F75-4A6F-91D5-673C1DEEB0A6.png](26%2010%2021%20847da685b784440ca456c68f90ba1d86/AC77E6F8-7F75-4A6F-91D5-673C1DEEB0A6.png)

![3C733E99-FB82-4EBB-A0C7-10694E194B9B.png](26%2010%2021%20847da685b784440ca456c68f90ba1d86/3C733E99-FB82-4EBB-A0C7-10694E194B9B.png)

![2B3C56B0-729E-4D71-985C-0F7C52AA2F8D.jpeg](26%2010%2021%20847da685b784440ca456c68f90ba1d86/2B3C56B0-729E-4D71-985C-0F7C52AA2F8D.jpeg)

![23E27D91-11F2-420D-8839-E62FC2AA96F7.png](26%2010%2021%20847da685b784440ca456c68f90ba1d86/23E27D91-11F2-420D-8839-E62FC2AA96F7.png)

![165F50FD-3C9B-4FB2-809E-0C06EEF067B2.png](26%2010%2021%20847da685b784440ca456c68f90ba1d86/165F50FD-3C9B-4FB2-809E-0C06EEF067B2.png)"
2021-10-26,Дневник,"October 26, 2021 3:26 AM","# 25.10.21

Created: October 26, 2021 2:54 AM
Last Edited: October 26, 2021 3:26 AM
Tags: Дневник

ой пиздец целый день ничего не делал а завтра (сегодня уже, сейчас 3 часа ночи) кр по терверу тфкп урматы бдз защищать и лаба ебаная с пашей.долбоеб блять. причем ладно бы я записал хоть подкаст с любителем карпов, так нет, он сука мразь слился за 2 часа до записи, когда я уже собирался выезжать. в итоге я как то выбился из колеи и только дай бог дофиксил запись к репортажу шм. 

еще мне вторая девочка за неделю написала с предложением познакомиться. приятно. неплохие девочки. одна в 10ом учится правда в сибири ебаной где +5 от мск, а второй 20 лет и учится она в мск а живет в пд!!! говорит тип случайно меня нашла, просто в тг искала новые знакомства и на меня вышла лол. допустим я верю в такие чудеса. достаточно неплохо выглядит. пойдем в кино в конце неедли, надеюсь все пройдет зашибись и мы хоть подержимся с ней за руки, а то и пососемся. в перспективе надеюсь что мы будем трахаться с ней у меня дома. потому что ну бля нельзя такое терять. прямо в пд сука даже ехать никуда в пизду не нужно!!! кайф.

столько всего нужно занесит полезного в ноушн но мне сука лень все... от чего только? я нихуя не делаю кроме как рефлексирую, сплю, медитирую, размышляю, общаюсь с девушками, знакомлюсь и залипаю в соцсетях блять... слава богу хоть дистант введут и это возможно будет моим спасением очередным!

кста та девчонка из 10ого она такая говорит ""устраиваю ли я тебя как девушка"" и в итоге мы хотели начать встречаться на расстоянии... блять какая же это хуйня. естественно я не согласился. потому что я не могу так. это хуетень полная. мы даже особо то и не общались с ней, мало того что вживую общались... и пообщались бы лишь через два года и то если бы она в мск поступила... заебись))) но факт остается фактом что она была согласна и даже очень хотела встречаться со мной. но в итоге мы с ней видимо больше не будем общаться, потмоу что я забыл поздравить ее с др ее... да просто блять она мне пишет по 100 сообщений сука... я не могу столько обрабатывать инфы нахуй. типо она просыпается пишет мильон сообщений, потом я когда чекну она снова мильон сообщений и тд... цикл. ну это пиздец меня вымораживает. я извинился конечно. но она включила обиженку и манипуляторшу и такая ""да классно что вы сделали бургеры""... да блять пошла нахуй. мне так похуй на тебя честное слово. мне нахуй не нужно это общение, потому что оно мне почти ничего не дает

да вообще я прихожу к мысли что все люди в какой то степени - эгоисты. все что они делают, имеет какую то для них выгоду. удочку закинул - думай. потом еще поговорим

еще канал чет стало лень вести пизда. мыслей новых нет как то, а то что я там накидывал то как то лень размышлять над ними да и ушло вдохновение(((

грустно, че со мной интересно?

еще лера (проститутка) от меня отписалась в инсте лол. ну вот и пообщались называется, ладно ее дело. настя, подруга зориной, тоже отписалась. ну и пошли в пизду дуры блять

бля ну хоть с братом мы ахуенно просто время проводим. такой балдеж чесн слово. в бар и калик в пд с ним ходили! он за меня еще заплатил ахпхапха. в баре прямо очень сильно разоткравенничались - это круто. я ему про поход в бордель рассказал, как на бухай танцуй к милфе подкатил, как там сосался с ахуенной мини милфой очень красиовй всю ночь. это так ахуенно, я давно хотел чтобы у нас с братом был такой уровень общения, где мы обо всем можем поговорить, как с лучшим другом. и наконец то этот уровень был достигнут, я потихоньку к нему шел и там рассказывал про девушек, но сейчас просто вершина айсберга, я самое сокровенное ему рассказал. было не прямо супер изи, но легко довольно + еще под алкашкой оба были. в итоге заебись поговорили. он мне свои пирколы рассказал и приколы друзей. как там два друга его ходили в бордель в питере и сняли типо мать и дочь там хапхахапахпа. скорее рофл, но они был две негритянки и рил похоже будто мать и дочь

по учебе пизда сука. пингвин снова.... (не все поймут)

занеси уже инфу в ноушн блять, а то ведь забудешь что то, а дохуя всего интересного надо занесит и зафиксировать. очень дохуя всего! столько полезного фидбека да и просто инфы. да и сука обнови и занеси данные в списки свои. а то ты столько раз гулял с девушками уже, а этот список блять пустой у тебя... да и последние прогулки ты тоже долбоеб не заносишь...

еще прикол такой всю жизнь стеснялся того что я использую там гель для волос, думал это плохо. а сейчас я такой секс себя считаю, когда волосы укладываю ляяяя какой. еще и девушка из клуба сказала, что я очень красивый! я был с черными волосами, клипсами, белый свитер крч мой новый образ. до сих пор помню как мы гуляли с машей у вднх и я спросил ее тип гейское ли это занятие укладывать волосы парню? а она сказала что нет конечно, типо если надо - то делай, никаких проблем, это совершенно нормально и что мне идет очень с укладкой! так что расслабься дядь. ты ахуенен! продолжай будь уверенным в себе!

ааа еще меня бесит даша блять, которая так просит помощи с прогой но в итоге я ей буквально в течении недели предлагал каждый день к ней домой приехать (она сама меня приглашала домой к себе чтобы я там ей объяснил) и объяснить. так у нее всегда были причины отказать. то кр блять то ученик то они ботают к кр.... я хуею блять. так ты хочешь чтобы я приехал или нет? реши блять. такое ощущение что она динамит, но вроде и нет как будто. типо она мне че то пишет первой, мило отвечает и даже взаимно подписалась в споти... крч я хуй знает че у нее в голове. я ее не видел уже недели две... может хоть на выходных недельных увижу ее и наконец сходим нормально куда нить погулять? надежда умирает последней...

еще блять я хуею насколько дяна дура тупая пиздец. начала хуйню заливать мне что у нее не было ко мне чувств и типо она такая ахуенная не хотела меня обижать, да и вообще из за меня такого уебка она ну никак не могла страдать... блять пошла нахуй? что это за хуйня то вообще??? я хуею, вот и все ее говно наружу вылилось. дура ебанутая сука. вот этого одного сообщения хватит понять насколько это все тупо :

![Screenshot 2021-10-26 at 03.23.35.png](25%2010%2021%20fa0246d8123e454e945f71777c57827a/Screenshot_2021-10-26_at_03.23.35.png)

и она это написала на серьезке походу... 99%... блять я хуею. иди нахуй реально. сори тимыч. у нее походу комплексы какие то и мб я разрушил ее идеальный мир, когда ее зафрендзонил. и она придумала эту историю и решила сейчас ее наружу вылить. блять... тут просто совершенно нет логики. даже если это правда, то как можно меня обидеть было, когда я блять не испытывал к ней чувств? сказала бы сразу тоже самое и все. заебись же. но она же сказала, что испытывает. мммм понятно. нихуя непонятно. это так тупо я хуею. тупые деффки нахуй"
2021-10-22,Дневник,"October 22, 2021 2:47 AM","# 21.10.21

Created: October 22, 2021 2:34 AM
Last Edited: October 22, 2021 2:47 AM
Tags: Дневник

ой бля ну и день. съездил в мифи проебал пару из за ивента мц. ладно похуй. потом посидел покушал с тимуром и андреем они ушли на кр по квантам а я ее проебал потмоу что нихуя буквально не знаю и не готовился...

приехал и спал часа 3 наверное... никита меня еще не заметил когда пришел и говорит там голый ходил матерился и тд а потом зашел в мою комнату за подставкой для планшета и меня замети лахпахпахпахпах потом говорит сидел на кухне минут 5... ору

приготивл нам с мамой бургеры ммм вкусные! поиграли с ним чутка, поговорили. потом опять меня начинает душить такое количества соц контакта что то. причем не по делу а просто искренний интерес к моей персоне. это конечно дико приятно но бля каждый отнимает у меня силы и в итоге я ни с кем не могу адекватно поговорить про что то онлайн. лично то вообще без б - там все заебись

потом пиздец нахуй меня диана выбесила. ААААА БЛЯТЬ ДУРА я ебал. сука. как меня забомбило. какую то полную хуйню несла. намеками блять какими то боже, причем вообще не в то русло вела диалог... я нихуя не понимал. ааа блять как у меня горит нахуй с нее пиздец. потом в итоге насрала мне про то, что тип она психолог ахуенный и говорит у меня точно проблемы с самооценкой, раз я крашу волосы, клипсы юзаю, кольца и тд... боже блять иди нахуй. действительно, аухенный психолог. потом говорит что обычно этот период у всех давно заканчивается уже... блять ну даже если так то и что? я просто ищу себя и эксперементирую с внешностью. мне это нравится. она еще так это сказала, меня вынесло с того ""как"" она сказала это. будто она все знает. пошла нахуй реально. такое ощущение что у нее обидка что я ее зафрендзонил и это до сих пор ее задевает и она не может полностью отойти от этого. взбесила меня. потом наконец то прямо сказала что у меня изо рта говном воняла когда мы гуляли с ней месяц назад и тип за этим надо следить... я хуею она мне до этого какими то ебейшими намеками это говорила... боже, меня взбесила что это даже диана делает.. казалось бы человек тоже топит за прямолинейность... я хуею блять. АААААААААААА похуй. просто похуй реально окей ее мнение пусть думает так. меня просто бесит то как она это все преподнесла. типо сказала бы он просто прямо тип ""у тебя воняет изо рта бывает"" и про волосы и тд - но это пиздец. типо она так говорит как будто она ЗНАЕТ КАК НАДО И КАК ДОЛЖНО БЫТЬ я хуею. ""у всех заканчивается давно"" ""у тебя явно низкая самооценка"" я хуею диан ну конечно ты все знаешь ты же Бог. ей не приходило в голову что мне просто нравится с внешностью эксперементировать, потому что я могу. и я пока пытаюсь найти то, что мне прям очень нрав. пока что мне все хорошо заходит. 

ладно похуй

потом я блять мильон лет мыл посуду послей готовки нашей. еще труба под раковиной отсоединилась и нихуего так воды налило напол... я еще стою в наушниках и слышу как что то массивное упало, смотрю но не вижу что где и решил ""Ладно, похуй"" а потом вижу вода льется из под раковины... вытер все слава богу и починил трубу

СУКА ПОТОМ Я 3 РАЗ ЗА НЕДЕЛЮ ЕБНУЛСЯ ГОЛОВОЙ. в этот раз об дверь шкафа прям об угол.... сука. это очень дохуя. я сука так все мозговые клетки потеряю... я в ахуе. в автобусе, дома об шкаф, еще раз в автобусе... голову пожалей брат. меня это так сука бесит я из за злости и неосторожности бьюсь. береги голову блять

завтра надеюсь поеду к даше на хату помогать с прогой. я мало верю, но надеюсь что мы потрахаемся... или хотя бы пообнимаемся там за кинохой и пососемся. так что удачи тебе брат!!!! 

ТЫ МОЛОДЕЦ Я ТОБОЙ ДИКО СИЛЬНО ГОРЖУСЬ! ПРОДОЛЖАЙ ДВИГАТЬСЯ ВПЕРЕД!"
2021-10-19,Дневник,"October 19, 2021 1:32 AM","# 18.10.21

Created: October 19, 2021 1:11 AM
Last Edited: October 19, 2021 1:32 AM
Tags: Дневник

ох блять как я устал что то. учиться вообще нет желания никакого. трахаться никто не дает, даже шлюха блять не дает. хоть за руки с ней подержались и пообнимались, да и то не много. зато начал приходить к выводу что держаться за руки это такой же нормальный тактильный контакт как и обняться с девушкой - это отличная новость. с таким подходом будет гораздо проще брать за руку девушек.

но блять реально с учебой пизда полная... нихуя не хочу делать. хочу отчислиться вообще похуй что 3 курс и пойти туда где халява и где заточено на прогу одну...... но сука армия нахуя блядская.... АААААА СУКА ЕБАНАЯ АРМИЯ ЕБАНАЯ РАШКА СУКА НАХУЙ. АААААА. И РАЗГОВАРИВАТь с матерью стало очень тяжело и до такой степени лень, вообще ничего не хочу ей рассказывать и почти уже ничего не делюсь с ней. ооооох. устал я очень сильно. постоянно мне кто-то пишет в соцсетях и я не могу не ответить. так вот меня тянет поговорить, не хочу игнорить.

ладно я пизжу. пишет мне дохуя и правда, но я так устал от всего, что мне слишком много людей пишет что на полноценный разговор с кем то меня не хватает. вот девочка написала мне познакомиться из другого города. так она мне там 50 сообщений настрочила и ее два дня игнорил. пиздец. потом просто поддерживать разговор, сдерживать эмоции, злость, гнев, похуизм тяжело становится. шутить впадлу в моем стиле. ооох кажется я морально или психически или скорее всего эмоционально перегорел. дохуя всего было за неделю. прямо очень дохуя всего. столько соц контакта, жаль не секс контакта.... 

еще сука я опять как свинья написля и я блевал на себя же... на свое лицо ууууф фуууу блять как противно нахуй. свинья. и толчок весь облевал буквально. полу досталось тоже... причем я вроде себя контролировал и помню что вообще происходило, там мелкие детали может не помню но в общем я отлично все помню. просто лег спать и посреди ночи сука просыпаюсь и блять блевать начинаю. сука. ну да я выпил дохуя разной алкашки, понижал градус, кушал пиццу, роллы, чипсы... организм ахуел видимо, переварил за ночь и решил избавиться от всего этого говна нахуй. оооох как стыдно чет перед ребятами. слава богу в этот раз меня никто не фоткал и не снимал...

я хуею. сколько впечатлений. еще сука подкаст меня выбешивает. с тем поговри договорись тому напишу кому когда удобно когда мне удобно. а мне нахуй это надо мне никогда уже не удобно у меня 8ая неделя на дворе... к которой надо готовиться но я же знаю что я не буду..... АААААААААА СОБЕРИСЬ ТРЯПКА НАХУЙ ТЫ ВСЕ МОЖЕШЬ ПРИДИ В СВОЕ НОРМАЛЬНОЕ СИЛЬНОЕ МЕНТАЛЬНОЕ СОСТОЯНИЕ!!! 

пожалуйста брат, начни снова медитировать - это поможет. и записывай в дневник записи. а то каждый день пишу себе в ту ду лист делать записи, читать немного, немного заниматься физ подготовкой, медитировать и НИХУЯ СУКА НЕ ДЕЛАЮ. хотя буквально каждый день эти пункты пишу... когда я ласт раз читал....?????? очень давно, год наверное. не ну дочитал одну книгу но это исключение скорее

оооооох вась совсем ты погряз в своем общении, желании соц статуса, знакомств, девушках, отношениях человеческих короче

хз хорошо ли это или плохо... может реально пойти в психологи??? я не шучу... может прогерство матеша и физика это не мое.... я не знаю что делать...

маша пожелала мне ""споки"" а не ""сладких снов"" и у меня загорелось что она меня не любит как лучшего друга.... вот просто тебе пример состояния моего. это прямо нихуего меня раздрожило так то"
2021-10-15,Дневник,"October 19, 2021 1:23 AM","# 14.10.21

Created: October 15, 2021 5:20 AM
Last Edited: October 19, 2021 1:23 AM
Tags: Дневник

Ахуенно посидели на фанвстрече сегодня. Марина была и Валерия подруга Маши. Пиздато. Ебать Валерия шлюшка конечно я хуею

Но после фв мы чёт сильно разговорились с Лерой и часа два пиздело в итоге завтра идём гулять кек. Ебать у меня хуй встал от нашего с ней диалога это пиздец. Когда она называет меня зай и бесится когда я называю ее солнцем - ааааа сука такое чувство приятное будто мы парень и девушка да и вообще диалог был очень насыщенный! Посмотрим что будет завтра на прогулке

Сейчас 5:27 блять я ей написал часа в 2…

![69A3E8D0-E8DB-4B90-85C5-2BCED15BC282.png](14%2010%2021%200fbe6d492f8045d6b70adedacaa82b70/69A3E8D0-E8DB-4B90-85C5-2BCED15BC282.png)

![959EAD4C-7588-4A78-AD61-05B21A0F1F36.jpeg](14%2010%2021%200fbe6d492f8045d6b70adedacaa82b70/959EAD4C-7588-4A78-AD61-05B21A0F1F36.jpeg)

![CEEECF4C-D939-4990-A482-9D1D53018727.jpeg](14%2010%2021%200fbe6d492f8045d6b70adedacaa82b70/CEEECF4C-D939-4990-A482-9D1D53018727.jpeg)

![08017017-168D-4A18-82A0-367DE8AB6427.jpeg](14%2010%2021%200fbe6d492f8045d6b70adedacaa82b70/08017017-168D-4A18-82A0-367DE8AB6427.jpeg)

![5C62F13E-6CDF-407D-A6F3-BED58089E4D2.jpeg](14%2010%2021%200fbe6d492f8045d6b70adedacaa82b70/5C62F13E-6CDF-407D-A6F3-BED58089E4D2.jpeg)

![959960C6-7AF0-4D6D-AB87-679CA2BFEC3B.jpeg](14%2010%2021%200fbe6d492f8045d6b70adedacaa82b70/959960C6-7AF0-4D6D-AB87-679CA2BFEC3B.jpeg)

![0E75D9C9-BD26-4750-BD1F-C462E96AD17E.jpeg](14%2010%2021%200fbe6d492f8045d6b70adedacaa82b70/0E75D9C9-BD26-4750-BD1F-C462E96AD17E.jpeg)

![8C67B0A7-EAA6-45B1-96C4-C92E76A10064.jpeg](14%2010%2021%200fbe6d492f8045d6b70adedacaa82b70/8C67B0A7-EAA6-45B1-96C4-C92E76A10064.jpeg)

![27FA2B9A-4CE3-424C-8E90-3951A8487B5E.png](14%2010%2021%200fbe6d492f8045d6b70adedacaa82b70/27FA2B9A-4CE3-424C-8E90-3951A8487B5E.png)

![3C971CB4-EC20-48A6-AE79-8B0413D9393A.png](14%2010%2021%200fbe6d492f8045d6b70adedacaa82b70/3C971CB4-EC20-48A6-AE79-8B0413D9393A.png)

![B1C2C4CF-3A4E-46C4-9FE1-031C4396DC24.png](14%2010%2021%200fbe6d492f8045d6b70adedacaa82b70/B1C2C4CF-3A4E-46C4-9FE1-031C4396DC24.png)

![4A163C60-A97F-4E43-9C74-0FB3FB59C4E2.png](14%2010%2021%200fbe6d492f8045d6b70adedacaa82b70/4A163C60-A97F-4E43-9C74-0FB3FB59C4E2.png)

![5CE1AC3D-9739-4FBC-BD0F-FE7BDF933C1D.png](14%2010%2021%200fbe6d492f8045d6b70adedacaa82b70/5CE1AC3D-9739-4FBC-BD0F-FE7BDF933C1D.png)

![76C09A4D-DB04-496B-96B5-8496BF1B8DE6.png](14%2010%2021%200fbe6d492f8045d6b70adedacaa82b70/76C09A4D-DB04-496B-96B5-8496BF1B8DE6.png)

![03231662-2D23-44B0-A14D-44F1A9FA805B.png](14%2010%2021%200fbe6d492f8045d6b70adedacaa82b70/03231662-2D23-44B0-A14D-44F1A9FA805B.png)

![64579E6C-1C38-4D0B-A914-A12A0F2C7141.png](14%2010%2021%200fbe6d492f8045d6b70adedacaa82b70/64579E6C-1C38-4D0B-A914-A12A0F2C7141.png)

![B15F475F-AA9A-4C20-BA1C-E26358463671.png](14%2010%2021%200fbe6d492f8045d6b70adedacaa82b70/B15F475F-AA9A-4C20-BA1C-E26358463671.png)

![F5FA2E75-2D5C-4CA6-8729-89EECDC9C154.png](14%2010%2021%200fbe6d492f8045d6b70adedacaa82b70/F5FA2E75-2D5C-4CA6-8729-89EECDC9C154.png)

![AD2A390C-17F2-4F9A-A6D0-FC0B609BD47B.png](14%2010%2021%200fbe6d492f8045d6b70adedacaa82b70/AD2A390C-17F2-4F9A-A6D0-FC0B609BD47B.png)

![E06F2E01-9EB8-4866-9C62-422402E79082.png](14%2010%2021%200fbe6d492f8045d6b70adedacaa82b70/E06F2E01-9EB8-4866-9C62-422402E79082.png)

![93609783-E1CF-4E91-855B-3C5FAE3E90B4.png](14%2010%2021%200fbe6d492f8045d6b70adedacaa82b70/93609783-E1CF-4E91-855B-3C5FAE3E90B4.png)

![BD4C318E-F5C5-48B0-8296-20D545AB6851.png](14%2010%2021%200fbe6d492f8045d6b70adedacaa82b70/BD4C318E-F5C5-48B0-8296-20D545AB6851.png)

![CEA38B90-0A6C-43EB-B36C-47024C71F3FE.png](14%2010%2021%200fbe6d492f8045d6b70adedacaa82b70/CEA38B90-0A6C-43EB-B36C-47024C71F3FE.png)

![223EA726-38A8-49D8-B8F6-D46576AE1DA0.png](14%2010%2021%200fbe6d492f8045d6b70adedacaa82b70/223EA726-38A8-49D8-B8F6-D46576AE1DA0.png)"
2021-10-14,Дневник,"October 19, 2021 1:23 AM","# 13.10.21

Created: October 14, 2021 1:49 AM
Last Edited: October 19, 2021 1:23 AM
Tags: Дневник

Завтра будет пиздатый день. Как же я охуенно выгляжу в своём новом Луке и с чёрными волосами. Приехали так же аксессуары все и наушники!!!! Аааа кайф типовые цепь, кольца и очки, правда снова размер не угадал мой где то между 18 - 20.5. Завтра ахуеет все от меня аааа клипсы клипсы пиздатые очень!!!! Аааа секс.

Завтра идёт на фанвстреча и Марина впервые придёт к нам, я ее позвал 

Завтра надо ещё купить подарок на др тимычу и Ване и Машу поздравить 

![819D9C20-1BBE-4443-8354-3B760FDA3420.png](13%2010%2021%202fab9ca8fa624ae9be5357025dec999a/819D9C20-1BBE-4443-8354-3B760FDA3420.png)

![07425843-8195-4D63-A582-8D0B709FE088.png](13%2010%2021%202fab9ca8fa624ae9be5357025dec999a/07425843-8195-4D63-A582-8D0B709FE088.png)

![BF9DB34A-7C4E-4A91-AC72-FC2CF2F0A34E.jpeg](13%2010%2021%202fab9ca8fa624ae9be5357025dec999a/BF9DB34A-7C4E-4A91-AC72-FC2CF2F0A34E.jpeg)

![9150ABA5-CA3A-4809-B7DF-AEA53D53BE37.jpeg](13%2010%2021%202fab9ca8fa624ae9be5357025dec999a/9150ABA5-CA3A-4809-B7DF-AEA53D53BE37.jpeg)

![E05AC4FE-C2AF-47ED-B44F-5C482F322D68.png](13%2010%2021%202fab9ca8fa624ae9be5357025dec999a/E05AC4FE-C2AF-47ED-B44F-5C482F322D68.png)

![73D9C92D-07BB-4ECB-BE42-3967B119A2A7.png](13%2010%2021%202fab9ca8fa624ae9be5357025dec999a/73D9C92D-07BB-4ECB-BE42-3967B119A2A7.png)

![3B3664AC-86BD-4271-AC77-B4E1A56E7166.png](13%2010%2021%202fab9ca8fa624ae9be5357025dec999a/3B3664AC-86BD-4271-AC77-B4E1A56E7166.png)

![55F333CF-2D95-43D7-81CC-FF9BD3042A49.png](13%2010%2021%202fab9ca8fa624ae9be5357025dec999a/55F333CF-2D95-43D7-81CC-FF9BD3042A49.png)

![59DA2231-9CAF-4B43-B3CD-2A53D08DE5E1.png](13%2010%2021%202fab9ca8fa624ae9be5357025dec999a/59DA2231-9CAF-4B43-B3CD-2A53D08DE5E1.png)

![582B787B-2F27-4577-91D2-16D5149B1A90.png](13%2010%2021%202fab9ca8fa624ae9be5357025dec999a/582B787B-2F27-4577-91D2-16D5149B1A90.png)

![99AED8C8-F1AB-4665-914E-4FD0D2E1A9EC.png](13%2010%2021%202fab9ca8fa624ae9be5357025dec999a/99AED8C8-F1AB-4665-914E-4FD0D2E1A9EC.png)

![86E9B61D-356D-4DD3-BE5F-BAB03A956339.png](13%2010%2021%202fab9ca8fa624ae9be5357025dec999a/86E9B61D-356D-4DD3-BE5F-BAB03A956339.png)

![B2D902C6-9732-42FD-9273-3635A7B02301.png](13%2010%2021%202fab9ca8fa624ae9be5357025dec999a/B2D902C6-9732-42FD-9273-3635A7B02301.png)

![0C486A51-547B-4E7E-9D5D-4606EA53CDA3.png](13%2010%2021%202fab9ca8fa624ae9be5357025dec999a/0C486A51-547B-4E7E-9D5D-4606EA53CDA3.png)

![E88CAC14-CAEB-4993-8D06-FC4F8C016AB5.png](13%2010%2021%202fab9ca8fa624ae9be5357025dec999a/E88CAC14-CAEB-4993-8D06-FC4F8C016AB5.png)

![F5B76868-541E-4D13-863C-CB4CFE3353C2.jpeg](13%2010%2021%202fab9ca8fa624ae9be5357025dec999a/F5B76868-541E-4D13-863C-CB4CFE3353C2.jpeg)

![6D53034E-BC54-4A77-B493-458E862E40E5.png](13%2010%2021%202fab9ca8fa624ae9be5357025dec999a/6D53034E-BC54-4A77-B493-458E862E40E5.png)

![E9DBCED7-997C-4445-A2D1-9ECD5B928B5E.jpeg](13%2010%2021%202fab9ca8fa624ae9be5357025dec999a/E9DBCED7-997C-4445-A2D1-9ECD5B928B5E.jpeg)

![156F7AFA-4836-4369-B0BF-BD01413C86AF.jpeg](13%2010%2021%202fab9ca8fa624ae9be5357025dec999a/156F7AFA-4836-4369-B0BF-BD01413C86AF.jpeg)

![B15924F2-DF07-469B-8687-FFE655E03513.jpeg](13%2010%2021%202fab9ca8fa624ae9be5357025dec999a/B15924F2-DF07-469B-8687-FFE655E03513.jpeg)

![65199365-FECF-4A4B-9A69-2FCD0D99E527.jpeg](13%2010%2021%202fab9ca8fa624ae9be5357025dec999a/65199365-FECF-4A4B-9A69-2FCD0D99E527.jpeg)

![0CEFE813-716E-431E-AB62-D1BAFDD9616D.jpeg](13%2010%2021%202fab9ca8fa624ae9be5357025dec999a/0CEFE813-716E-431E-AB62-D1BAFDD9616D.jpeg)

![3E509992-8EF6-46C2-9446-38FDA42728F2.jpeg](13%2010%2021%202fab9ca8fa624ae9be5357025dec999a/3E509992-8EF6-46C2-9446-38FDA42728F2.jpeg)

![33503FA1-70D9-4727-9A7D-7F3B60C0B3D8.png](13%2010%2021%202fab9ca8fa624ae9be5357025dec999a/33503FA1-70D9-4727-9A7D-7F3B60C0B3D8.png)"
2021-10-13,Дневник,"October 19, 2021 1:23 AM","# 12.10.21

Created: October 13, 2021 2:42 AM
Last Edited: October 19, 2021 1:23 AM
Tags: Дневник

Поехал на пары а в итоге пил пиво с Некитом и кушал втроём с Мариной ага…

Съездил забрал куртку. Ахуенная куртка!!! Купил себе ещё свитер и штаны. Пиздец я штаны буквально 4 часа выбирал так сука хотелось чёрные, но чёрные все были слишком короткими и я боялся что будет холодно в них(

![354FE373-785A-41CC-B3AF-3055B0D0F56C.jpeg](12%2010%2021%2078cec2bd19514ba78293fee72b5e3c77/354FE373-785A-41CC-B3AF-3055B0D0F56C.jpeg)

![9915CD53-42C7-4AB4-971F-01A4646184F9.jpeg](12%2010%2021%2078cec2bd19514ba78293fee72b5e3c77/9915CD53-42C7-4AB4-971F-01A4646184F9.jpeg)

![CDF00906-54BF-4F6C-83C9-916FB85DB675.png](12%2010%2021%2078cec2bd19514ba78293fee72b5e3c77/CDF00906-54BF-4F6C-83C9-916FB85DB675.png)

![E5F23CAD-18F9-4FBA-8A99-555D425ACFDB.png](12%2010%2021%2078cec2bd19514ba78293fee72b5e3c77/E5F23CAD-18F9-4FBA-8A99-555D425ACFDB.png)

![65DC90C6-0A56-4326-B04B-1D76E8DDCBDE.png](12%2010%2021%2078cec2bd19514ba78293fee72b5e3c77/65DC90C6-0A56-4326-B04B-1D76E8DDCBDE.png)

![11D53F56-AC52-4A1E-BA73-AC0C384DEC4A.jpeg](12%2010%2021%2078cec2bd19514ba78293fee72b5e3c77/11D53F56-AC52-4A1E-BA73-AC0C384DEC4A.jpeg)

![8EF32302-99DC-4320-A1E2-CD65C28C095D.jpeg](12%2010%2021%2078cec2bd19514ba78293fee72b5e3c77/8EF32302-99DC-4320-A1E2-CD65C28C095D.jpeg)

![8476D976-6510-4FDD-AD68-6593C96AE91A.jpeg](12%2010%2021%2078cec2bd19514ba78293fee72b5e3c77/8476D976-6510-4FDD-AD68-6593C96AE91A.jpeg)

![57CF4F66-2663-4940-99AD-7F692A5CD51E.jpeg](12%2010%2021%2078cec2bd19514ba78293fee72b5e3c77/57CF4F66-2663-4940-99AD-7F692A5CD51E.jpeg)

![15CD7AD4-2C04-4275-A16F-D5BA212283CF.jpeg](12%2010%2021%2078cec2bd19514ba78293fee72b5e3c77/15CD7AD4-2C04-4275-A16F-D5BA212283CF.jpeg)

![C6810A3E-9E8E-410D-BBC7-E4BF61C4F3C5.jpeg](12%2010%2021%2078cec2bd19514ba78293fee72b5e3c77/C6810A3E-9E8E-410D-BBC7-E4BF61C4F3C5.jpeg)

![D69C55B5-6AF7-41E2-A49C-95AF3D344CC7.jpeg](12%2010%2021%2078cec2bd19514ba78293fee72b5e3c77/D69C55B5-6AF7-41E2-A49C-95AF3D344CC7.jpeg)

![42003A67-FEB3-4091-8AA7-2B44D4528397.jpeg](12%2010%2021%2078cec2bd19514ba78293fee72b5e3c77/42003A67-FEB3-4091-8AA7-2B44D4528397.jpeg)

![1DC768E0-E291-4CCA-817E-2E41B51F5273.jpeg](12%2010%2021%2078cec2bd19514ba78293fee72b5e3c77/1DC768E0-E291-4CCA-817E-2E41B51F5273.jpeg)

![C61285F5-24D8-439D-A62F-4329B5254582.jpeg](12%2010%2021%2078cec2bd19514ba78293fee72b5e3c77/C61285F5-24D8-439D-A62F-4329B5254582.jpeg)

![3C4E1FCF-550C-46F8-B45B-E876573FBEDE.jpeg](12%2010%2021%2078cec2bd19514ba78293fee72b5e3c77/3C4E1FCF-550C-46F8-B45B-E876573FBEDE.jpeg)

![CF4BA151-6022-4FCF-B196-B9FB54C3871A.jpeg](12%2010%2021%2078cec2bd19514ba78293fee72b5e3c77/CF4BA151-6022-4FCF-B196-B9FB54C3871A.jpeg)

![C754631E-5394-4237-9A7C-06545856386C.jpeg](12%2010%2021%2078cec2bd19514ba78293fee72b5e3c77/C754631E-5394-4237-9A7C-06545856386C.jpeg)

![9887A703-6418-494C-A58D-B755F8BEE61B.jpeg](12%2010%2021%2078cec2bd19514ba78293fee72b5e3c77/9887A703-6418-494C-A58D-B755F8BEE61B.jpeg)

![6B6D1FCE-347A-4DAE-878D-C522C81D1358.jpeg](12%2010%2021%2078cec2bd19514ba78293fee72b5e3c77/6B6D1FCE-347A-4DAE-878D-C522C81D1358.jpeg)

![D9329F18-1D66-4084-8C2B-199F388F3763.jpeg](12%2010%2021%2078cec2bd19514ba78293fee72b5e3c77/D9329F18-1D66-4084-8C2B-199F388F3763.jpeg)

![2C36B34E-444D-4280-9D91-83AF181BC652.jpeg](12%2010%2021%2078cec2bd19514ba78293fee72b5e3c77/2C36B34E-444D-4280-9D91-83AF181BC652.jpeg)

![03D3908F-53DF-4E42-B8F6-7ABEC681EC72.jpeg](12%2010%2021%2078cec2bd19514ba78293fee72b5e3c77/03D3908F-53DF-4E42-B8F6-7ABEC681EC72.jpeg)"
2021-10-11,Дневник,"October 12, 2021 1:27 AM","# 11.10.21

Created: October 11, 2021 4:24 PM
Last Edited: October 12, 2021 1:27 AM
Tags: Дневник

отлично, цель в 100 подарков - выполнена 

сегодня из ниоткуда Марина спросила меня про мое отношение к сексу по дружбе 🤔 🤔  интересно... а потом когда услышала мое мнение, то пошутила про то что гоу сексом займемся тогда а потом ретировалась. еще потому записала голосовуху с риторическим вопросом типо ""мне теперь интересно стало, я странная но тип если бы не было дена то ты бы согласился на секс по дружбе со мной аххапха"" тип такого и потом написала что можно на это не отвечать... 🤔 🤔  любопытной оборот набирает это. надо иметь в виду этот наш диалог.

марина сегодня прям ааа тепло от слов ее стало, когда она сказала что на мои шутки не обижается потому что мы общаемся больше и я просто другой чем саня бойко. ооох реально стало так приятно

![Screenshot 2021-10-11 at 16.24.42.png](11%2010%2021%200ac7e25e88f44567a726c5d8fe0d1dc5/Screenshot_2021-10-11_at_16.24.42.png)

![Screenshot 2021-10-11 at 16.24.38.png](11%2010%2021%200ac7e25e88f44567a726c5d8fe0d1dc5/Screenshot_2021-10-11_at_16.24.38.png)

![Screenshot 2021-10-12 at 00.39.09.png](11%2010%2021%200ac7e25e88f44567a726c5d8fe0d1dc5/Screenshot_2021-10-12_at_00.39.09.png)

![Screenshot 2021-10-12 at 00.38.58.png](11%2010%2021%200ac7e25e88f44567a726c5d8fe0d1dc5/Screenshot_2021-10-12_at_00.38.58.png)"
2021-10-11,Дневник,"October 11, 2021 3:46 AM","# 11.10.21

Created: October 11, 2021 4:24 PM
Last Edited: October 12, 2021 1:27 AM
Tags: Дневник

отлично, цель в 100 подарков - выполнена 

сегодня из ниоткуда Марина спросила меня про мое отношение к сексу по дружбе 🤔 🤔  интересно... а потом когда услышала мое мнение, то пошутила про то что гоу сексом займемся тогда а потом ретировалась. еще потому записала голосовуху с риторическим вопросом типо ""мне теперь интересно стало, я странная но тип если бы не было дена то ты бы согласился на секс по дружбе со мной аххапха"" тип такого и потом написала что можно на это не отвечать... 🤔 🤔  любопытной оборот набирает это. надо иметь в виду этот наш диалог.

марина сегодня прям ааа тепло от слов ее стало, когда она сказала что на мои шутки не обижается потому что мы общаемся больше и я просто другой чем саня бойко. ооох реально стало так приятно

![Screenshot 2021-10-11 at 16.24.42.png](11%2010%2021%200ac7e25e88f44567a726c5d8fe0d1dc5/Screenshot_2021-10-11_at_16.24.42.png)

![Screenshot 2021-10-11 at 16.24.38.png](11%2010%2021%200ac7e25e88f44567a726c5d8fe0d1dc5/Screenshot_2021-10-11_at_16.24.38.png)

![Screenshot 2021-10-12 at 00.39.09.png](11%2010%2021%200ac7e25e88f44567a726c5d8fe0d1dc5/Screenshot_2021-10-12_at_00.39.09.png)

![Screenshot 2021-10-12 at 00.38.58.png](11%2010%2021%200ac7e25e88f44567a726c5d8fe0d1dc5/Screenshot_2021-10-12_at_00.38.58.png)"
2021-10-09,Дневник,"October 10, 2021 2:36 AM",
2021-10-09,Дневник,"October 9, 2021 2:49 AM",
2021-10-05,Дневник,"October 9, 2021 2:40 AM",
2021-10-02,Дневник,"October 2, 2021 3:00 AM",
2021-09-22,Дневник,"September 22, 2021 4:29 PM","# 21.09.21

Created: September 22, 2021 3:03 AM
Last Edited: September 22, 2021 4:29 PM
Tags: Дневник

3 ночи 22ого числа уже у Вики оказывается сейчас… а я и не знал и не спросил даже у неё когда гуляли. Поговорили с ней, порофлили, а потом я на серьезе пожелал ей хорошо провести время потому что там в общаге пришли ее друзья. Эх и получил в ответ это………

![D3436F10-8CE8-454C-8D73-2C5DFEA7F635.jpeg](21%2009%2021%207f138c95460e40f4969d70d0b90ed97b/D3436F10-8CE8-454C-8D73-2C5DFEA7F635.jpeg)

Пиздец, я ебал рот. Сука я ненавижу это жизнь. Почему она блять шлёт желтые сердца, а не красные!!!!!….. сууууа блять нахуй я так ебал про я ненавижу эту жизнь просто нахуй это такой ебаный треш сука блять стерва курса коза свинья болтов макака я ебал эту жизнь я ебал себя в рот я ненавижу себя. Бляяяя как же у меня горит бомбит это не передать словами. За что. Неужели это очередной френдзон??? Что я сделал не так? Почему она решила меня френдзонить? Аааааааа??? А ?????? Аааа?????? ААААААААА БЛЯЯТЬ БЛЯТЬ БЛЯЯЯЯЯЯЯЯЯЯЯЯЯЯЯЯЯЯЯЯЯЯЯТЬ???????? После нашей ахценно прогулки, где было много тактилок, за руки держались, и она шлёт желтое сердце. У девочек это значит что я друг. Блять, как найти девушку в этом мире? Я не дожал? Я гей может? Может я не достоин девушки? Может я слишком добрый? Слишком заботливый? Слишком «друг»? Как что я должен сделать, чтобы я начал встречаться с девушкой, которая мне нравится и мне с ней комфортно и это взаимно????? Я блять не понимаю нахуй. Ну сука блять. Я не знаю что делать. Мне уже хочется забить просто хуй на все это. Но я не могу. Надо довести до конца дело и узнать , считает она меня другом или все же как парня рассматривает? …………………………………….. нет слов

Ааах какая же она аухенная. Я не хочу ее упускать. Я хочу быть с ней. Я хочу любить ее. Обнимать ее. Быть рядом с ней. Поцеловать ее. Заняться с ней сексом. Лежать под одеялом холодным вечером с ней. Гулять. Путешествовать. Любоваться ею…. Я этого всего хочу. Я НЕ хочу быть е другом блять сука жизнь, за что ты так со мной? Или судьба? За что ты так со мной?

Я даже не знаю, что я делаю не так блять. Сука нахуй. Я ебал рот этого казино

Хочу плакать. Кажется, меня снова зафрендзрнили………… 😭😭😭😭😭😭😭😭😭😭😭😭❤️❤️❤️❤️❤️❤️❤️❤️❤️❤️❤️😭😭😭😭

Я устал. Я устал я устал я устал это терпеть. Я ищу девушку очень активно 2 года. И я ужасен в этом деле… не было ни девушки ни сексов, лишь поцелуи….. я так ужасен и убог…. У кого то уже по 8,11 разных половых партнеров было, а у меня 1 и то шлюха. Причём это разных, а так сексов у них больше было…..

Почему они а не я!??!?!?!!!

Сука что я делаю не так, я даже не могу дать себе фидбек сам, потому что я не знаю куда двигаться и что правильно а что ни блять. Это ужасное чувство 

Как же я хочу верить, что у нас все с ней получится построить отношения здоровые….

Сегодня я прям активизировался на контент в инсте тг ноушене. Это хорошо я думаю. А то я уже 3 месяца почти ничего не пишу в ноушн, меня переполняют эмоции, впечатления и контакт с людьми, особенно это. Очень много новых знакомств. Это пиздец. Я хуею. Очень много я коммуницирую, общаюсь и знакомлюсь. И в любой компании я - душа компании. Это пиздец очень сильно приятно. Значит что то я делаю правильно. Правда отнимает это много сил

Возвращаясь к Вике, то у меня серьёзная дилемма. Я хочу с одной стороны забить хуй на неё, потому что я решил что она меня зафрендзонила и чтобы себя дальше ещё сильнее не ранить или же терпеть все это и надеяться на то, что мне все это кажется и там на самом деле она меня тоже любит а желтое сердце отправила, потому что мы ещё не встречаемся я хз……. Надежда умирает последней? 

Теперь я понял значени пословицы «Любовь требует жертв» жертва - мои нервы, как же им сука больно, а хуй я забивать не хочу, не хочу сдаваться так рано, ч же не совсем прям телка, после первого удара ныть и сдаваться сразу. Я сильный характером, я обязательно справлюсь… за своё сча те надо бороться 

![A167055A-BEC5-42C3-93BA-A78C6589F956.png](21%2009%2021%207f138c95460e40f4969d70d0b90ed97b/A167055A-BEC5-42C3-93BA-A78C6589F956.png)

![2F48DA9A-9A8C-43F5-ACCC-F7C910E7788F.png](21%2009%2021%207f138c95460e40f4969d70d0b90ed97b/2F48DA9A-9A8C-43F5-ACCC-F7C910E7788F.png)

![3A3E4A98-E001-4B9E-8702-20ADD7A8F6D5.png](21%2009%2021%207f138c95460e40f4969d70d0b90ed97b/3A3E4A98-E001-4B9E-8702-20ADD7A8F6D5.png)

![8177ECA8-B211-4DCE-8068-32514E9E2A19.png](21%2009%2021%207f138c95460e40f4969d70d0b90ed97b/8177ECA8-B211-4DCE-8068-32514E9E2A19.png)

![2BAF1A4E-A7E5-4BB3-B7C5-D9339E73D478.png](21%2009%2021%207f138c95460e40f4969d70d0b90ed97b/2BAF1A4E-A7E5-4BB3-B7C5-D9339E73D478.png)

![83C5E7D7-1373-474E-A59C-D073D7250C67.jpeg](21%2009%2021%207f138c95460e40f4969d70d0b90ed97b/83C5E7D7-1373-474E-A59C-D073D7250C67.jpeg)

![7B17CEAE-F819-4B9E-9966-FAE687EB5E68.jpeg](21%2009%2021%207f138c95460e40f4969d70d0b90ed97b/7B17CEAE-F819-4B9E-9966-FAE687EB5E68.jpeg)"
2021-09-19,Дневник,"September 22, 2021 4:29 PM","# 18.09.21

Created: September 19, 2021 2:54 AM
Last Edited: September 22, 2021 4:29 PM
Tags: Дневник

![58616A15-C6EE-4F8D-AA4E-A40F513C21DB.jpeg](18%2009%2021%209f490fca863d435c8f1db17ab89d8168/58616A15-C6EE-4F8D-AA4E-A40F513C21DB.jpeg)

![37FC095D-40B2-47A3-96A8-BB32B67E0D4A.jpeg](18%2009%2021%209f490fca863d435c8f1db17ab89d8168/37FC095D-40B2-47A3-96A8-BB32B67E0D4A.jpeg)

![800D611B-3643-45E3-B4C5-4EB92819CCA5.jpeg](18%2009%2021%209f490fca863d435c8f1db17ab89d8168/800D611B-3643-45E3-B4C5-4EB92819CCA5.jpeg)

![6D132356-50D5-44D1-BCF4-0F79B8F686E1.jpeg](18%2009%2021%209f490fca863d435c8f1db17ab89d8168/6D132356-50D5-44D1-BCF4-0F79B8F686E1.jpeg)

![96439DDB-3ED1-4EB9-AABE-7AD3A580E35C.jpeg](18%2009%2021%209f490fca863d435c8f1db17ab89d8168/96439DDB-3ED1-4EB9-AABE-7AD3A580E35C.jpeg)

![FEB5DAA7-A627-4228-80EB-F3AEDFE98185.jpeg](18%2009%2021%209f490fca863d435c8f1db17ab89d8168/FEB5DAA7-A627-4228-80EB-F3AEDFE98185.jpeg)

![231E2792-8238-4AAB-834A-2A397FD49E4F.jpeg](18%2009%2021%209f490fca863d435c8f1db17ab89d8168/231E2792-8238-4AAB-834A-2A397FD49E4F.jpeg)

![AE989811-5452-4430-B167-85DA7D04E37D.jpeg](18%2009%2021%209f490fca863d435c8f1db17ab89d8168/AE989811-5452-4430-B167-85DA7D04E37D.jpeg)

![85A0F0EC-D517-4992-8126-50A1F58E9B51.jpeg](18%2009%2021%209f490fca863d435c8f1db17ab89d8168/85A0F0EC-D517-4992-8126-50A1F58E9B51.jpeg)

![F5FC635B-CEAB-4784-A14C-A62C8627B87A.jpeg](18%2009%2021%209f490fca863d435c8f1db17ab89d8168/F5FC635B-CEAB-4784-A14C-A62C8627B87A.jpeg)

![62A68EC7-B8B5-4E18-8FCF-8560F8426128.jpeg](18%2009%2021%209f490fca863d435c8f1db17ab89d8168/62A68EC7-B8B5-4E18-8FCF-8560F8426128.jpeg)

![8621E641-3AD8-48DF-9DB2-F69090168C7F.jpeg](18%2009%2021%209f490fca863d435c8f1db17ab89d8168/8621E641-3AD8-48DF-9DB2-F69090168C7F.jpeg)

![848D1A2B-0120-45D7-B7D4-9C0EE84A0615.jpeg](18%2009%2021%209f490fca863d435c8f1db17ab89d8168/848D1A2B-0120-45D7-B7D4-9C0EE84A0615.jpeg)

![79A88B60-46FF-4C30-A957-93DFC2A32789.jpeg](18%2009%2021%209f490fca863d435c8f1db17ab89d8168/79A88B60-46FF-4C30-A957-93DFC2A32789.jpeg)

![0A9E7818-A88D-4B80-B816-305515B1A63C.jpeg](18%2009%2021%209f490fca863d435c8f1db17ab89d8168/0A9E7818-A88D-4B80-B816-305515B1A63C.jpeg)

![BA02B461-2F9C-415D-81ED-5A919A30FA9B.jpeg](18%2009%2021%209f490fca863d435c8f1db17ab89d8168/BA02B461-2F9C-415D-81ED-5A919A30FA9B.jpeg)"
2021-09-16,Дневник,"September 16, 2021 1:02 AM","# 15.09.21

Created: September 16, 2021 1:00 AM
Last Edited: September 16, 2021 1:02 AM
Tags: Дневник

Сегодня впервые прямо попросил девушку (подругу - Дяну) вернуть мне сразу деньги за билет в кино, а не ждал, что она сама скажет или не вернёт 

Сделал завтрак для Мамы на др, подарил цветы, попит в форме сердца, мягкую игрушку и мармеладки. Ей понравилось!"
2021-09-14,Дневник,"September 14, 2021 1:34 AM","# 13.09.21

Created: September 14, 2021 1:26 AM
Last Edited: September 14, 2021 1:34 AM
Tags: Дневник

Сделал упр логопеда, больше нихуя особо не делал, как всегда много общался онлайн, фотки выложил

В лотку поиграл с Ваней и Артемом впервые

Нихуя не хочу, не хочу общаться, что то пропал запал мой какой то

![670E92BC-3414-4ECD-8654-3C4ED119EDD2.jpeg](13%2009%2021%2099c5f6b45eb84cae9f7e8f5298bbfc67/670E92BC-3414-4ECD-8654-3C4ED119EDD2.jpeg)

![0D323812-526C-4821-B81D-8C90610FBF23.jpeg](13%2009%2021%2099c5f6b45eb84cae9f7e8f5298bbfc67/0D323812-526C-4821-B81D-8C90610FBF23.jpeg)

![A329E9AF-C377-47AC-9AA0-12A91E616A21.jpeg](13%2009%2021%2099c5f6b45eb84cae9f7e8f5298bbfc67/A329E9AF-C377-47AC-9AA0-12A91E616A21.jpeg)

![FBEA36C5-02CB-45E2-9182-206DE1FDAF68.jpeg](13%2009%2021%2099c5f6b45eb84cae9f7e8f5298bbfc67/FBEA36C5-02CB-45E2-9182-206DE1FDAF68.jpeg)

![DEE0DB54-2CBF-4A3B-B550-814BB144F323.jpeg](13%2009%2021%2099c5f6b45eb84cae9f7e8f5298bbfc67/DEE0DB54-2CBF-4A3B-B550-814BB144F323.jpeg)

![14091001-D7F4-49AE-8067-E1E86DB7B978.jpeg](13%2009%2021%2099c5f6b45eb84cae9f7e8f5298bbfc67/14091001-D7F4-49AE-8067-E1E86DB7B978.jpeg)

![562232AA-B3B0-45B0-A5F0-9E955162C3A7.jpeg](13%2009%2021%2099c5f6b45eb84cae9f7e8f5298bbfc67/562232AA-B3B0-45B0-A5F0-9E955162C3A7.jpeg)

![7FEB2F07-CB51-4C9C-A92F-47FBD129C9FA.jpeg](13%2009%2021%2099c5f6b45eb84cae9f7e8f5298bbfc67/7FEB2F07-CB51-4C9C-A92F-47FBD129C9FA.jpeg)

![95E38F33-21E3-4F91-AF58-FCA72B50BE55.jpeg](13%2009%2021%2099c5f6b45eb84cae9f7e8f5298bbfc67/95E38F33-21E3-4F91-AF58-FCA72B50BE55.jpeg)

![293CA87E-1B84-4BEE-AAB0-736BB3269BA1.jpeg](13%2009%2021%2099c5f6b45eb84cae9f7e8f5298bbfc67/293CA87E-1B84-4BEE-AAB0-736BB3269BA1.jpeg)

![F23661F9-63D3-4042-B86C-88897097422C.jpeg](13%2009%2021%2099c5f6b45eb84cae9f7e8f5298bbfc67/F23661F9-63D3-4042-B86C-88897097422C.jpeg)

![BE7CD573-3657-465D-A178-BD70F397788F.jpeg](13%2009%2021%2099c5f6b45eb84cae9f7e8f5298bbfc67/BE7CD573-3657-465D-A178-BD70F397788F.jpeg)

![F8C11BD4-27CE-40A6-8C2A-262AAC5E2ACB.jpeg](13%2009%2021%2099c5f6b45eb84cae9f7e8f5298bbfc67/F8C11BD4-27CE-40A6-8C2A-262AAC5E2ACB.jpeg)

![9667F51B-28E1-4EB2-9FFE-33E576CB22B0.jpeg](13%2009%2021%2099c5f6b45eb84cae9f7e8f5298bbfc67/9667F51B-28E1-4EB2-9FFE-33E576CB22B0.jpeg)

![13FD84EF-71C2-446F-9CE3-6E68A835E01F.jpeg](13%2009%2021%2099c5f6b45eb84cae9f7e8f5298bbfc67/13FD84EF-71C2-446F-9CE3-6E68A835E01F.jpeg)

![EE903AA9-4461-4832-B1DB-02D8D69E6298.jpeg](13%2009%2021%2099c5f6b45eb84cae9f7e8f5298bbfc67/EE903AA9-4461-4832-B1DB-02D8D69E6298.jpeg)

![1CA3C6C3-19DC-41F0-9A56-7A64F332B0CF.jpeg](13%2009%2021%2099c5f6b45eb84cae9f7e8f5298bbfc67/1CA3C6C3-19DC-41F0-9A56-7A64F332B0CF.jpeg)"
2021-09-13,Дневник,"September 13, 2021 2:17 AM","# 12.09.21

Created: September 13, 2021 1:40 AM
Last Edited: September 13, 2021 2:17 AM
Tags: Дневник

как же меня все заебло. циркачи меня вывели просто. так доебываются до меня пиздец... устал я, ничего не хочу. не знаю чего хочу. что делать. как себя вести. как что где почему... я не знаю.

сука дикция подводить начинает. звук к и д вообще полный пзидос, особенно к. снова я ничего не могу поделать и не знаю что, просто вот не могу никак его произнести не заикаясь и не запнувшись.... надо снова начать делать упражнения логопеда

ооох как я устал разговаривать. как же меня парни сука напрягли блять. это что то нахуй. что блог это бабская хуйня. много аков тоже хуета бабская. пиздец. что я женщина и не мужик. ооой. мне так лень это в подробностях писать почему то... пойду просто спать... ладно, кого я обманываю буду в тиктоке сидеть

хочу девушку любимую... а не попадать постоянно во френдзон.....

за все время что я не писал ничего почти, а это уже где то 2.5+ месяца у меня столько фоток прикольных накопилось... что с ними делать то теперь?

блять я в ахуе с этих баб... я их просто не понимаю. чего блять хочет алиса? она мне треки грустные кидает, жалуется что плачет и проблемы. я пытаюсь ей помочь а она ничем не делится. а потом кидает вот такие пикчи.... почему она не хочет со мной встречаться то? я правда не понимаю, неужели это моя ноша быть вечным другом геем, психологом и поддержкой всю жизнь, но никогда не быть кому то именно парнем...?

![A6EDDA78-A22D-4045-BA16-7A47D8CFA093.jpeg](12%2009%2021%2065e84a004c624e0ebe012b7d479238e3/A6EDDA78-A22D-4045-BA16-7A47D8CFA093.jpeg)

![C62A5D2B-2A2A-4A9B-81BF-DD8CF19177B3.jpeg](12%2009%2021%2065e84a004c624e0ebe012b7d479238e3/C62A5D2B-2A2A-4A9B-81BF-DD8CF19177B3.jpeg)

![4B3D7E5A-26A7-4F34-9BBE-34A8AEB68B31.jpeg](12%2009%2021%2065e84a004c624e0ebe012b7d479238e3/4B3D7E5A-26A7-4F34-9BBE-34A8AEB68B31.jpeg)

![C8F1870C-CE47-48BD-A95F-AEA935803655.jpeg](12%2009%2021%2065e84a004c624e0ebe012b7d479238e3/C8F1870C-CE47-48BD-A95F-AEA935803655.jpeg)

![C984D964-D5C0-4724-8554-4F29834623E4.jpeg](12%2009%2021%2065e84a004c624e0ebe012b7d479238e3/C984D964-D5C0-4724-8554-4F29834623E4.jpeg)

![2B7C868A-20CD-478F-9B1B-55A12D3B3C43.jpeg](12%2009%2021%2065e84a004c624e0ebe012b7d479238e3/2B7C868A-20CD-478F-9B1B-55A12D3B3C43.jpeg)

![03204AD4-E00E-4DB8-AD2F-74B15874A340.jpeg](12%2009%2021%2065e84a004c624e0ebe012b7d479238e3/03204AD4-E00E-4DB8-AD2F-74B15874A340.jpeg)

![89F0DB87-7B59-4938-A1C4-A1EC335FFDA4.jpeg](12%2009%2021%2065e84a004c624e0ebe012b7d479238e3/89F0DB87-7B59-4938-A1C4-A1EC335FFDA4.jpeg)

![9324C374-B76E-496F-A6D0-3F42E448F856.png](12%2009%2021%2065e84a004c624e0ebe012b7d479238e3/9324C374-B76E-496F-A6D0-3F42E448F856.png)

![AA5F7A4D-F1F0-4EC7-825D-7B5879582D28.png](12%2009%2021%2065e84a004c624e0ebe012b7d479238e3/AA5F7A4D-F1F0-4EC7-825D-7B5879582D28.png)

![361D701C-3F1B-41F7-A553-F8D8CEAF6332.png](12%2009%2021%2065e84a004c624e0ebe012b7d479238e3/361D701C-3F1B-41F7-A553-F8D8CEAF6332.png)

![91605522-3FAF-4647-842F-562C301314A2.jpeg](12%2009%2021%2065e84a004c624e0ebe012b7d479238e3/91605522-3FAF-4647-842F-562C301314A2.jpeg)

![EAAE9AA7-F886-47E5-BDE4-6CD593C5B292.jpeg](12%2009%2021%2065e84a004c624e0ebe012b7d479238e3/EAAE9AA7-F886-47E5-BDE4-6CD593C5B292.jpeg)

![1A75A50F-7C0D-4584-A06C-814F548AA607.jpeg](12%2009%2021%2065e84a004c624e0ebe012b7d479238e3/1A75A50F-7C0D-4584-A06C-814F548AA607.jpeg)

![6487D594-1A5A-4392-8F54-1F3F99EB3D63.jpeg](12%2009%2021%2065e84a004c624e0ebe012b7d479238e3/6487D594-1A5A-4392-8F54-1F3F99EB3D63.jpeg)

![59C89BD0-DFF8-437D-96E2-A3C97F03DFF6.jpeg](12%2009%2021%2065e84a004c624e0ebe012b7d479238e3/59C89BD0-DFF8-437D-96E2-A3C97F03DFF6.jpeg)

![B8B91C9F-06E7-4988-A330-B32228A75A9F.png](12%2009%2021%2065e84a004c624e0ebe012b7d479238e3/B8B91C9F-06E7-4988-A330-B32228A75A9F.png)

![32DF9D94-D83C-4BB8-8FBA-71841E073E77.png](12%2009%2021%2065e84a004c624e0ebe012b7d479238e3/32DF9D94-D83C-4BB8-8FBA-71841E073E77.png)

![E5B1ECCB-5413-4DE6-BC02-39BE1F3531CE.png](12%2009%2021%2065e84a004c624e0ebe012b7d479238e3/E5B1ECCB-5413-4DE6-BC02-39BE1F3531CE.png)

![E7A925BF-81E2-471E-8EA3-6C10A6324576.jpeg](12%2009%2021%2065e84a004c624e0ebe012b7d479238e3/E7A925BF-81E2-471E-8EA3-6C10A6324576.jpeg)"
2021-09-09,Дневник,"September 9, 2021 3:31 AM",
2021-09-07,Дневник,"September 7, 2021 1:52 AM",
2021-09-06,"Дневник, Каша из мыслей","September 6, 2021 2:44 AM",
2021-09-05,Дневник,"September 5, 2021 1:37 AM",
2021-08-30,Дневник,"September 5, 2021 1:32 AM","# 30.08.21

Created: August 30, 2021 3:34 AM
Last Edited: September 5, 2021 1:32 AM
Tags: Дневник

Чего я хочу?"
2021-08-27,Дневник,"August 27, 2021 2:27 AM","# 26.08.21

Created: August 27, 2021 2:16 AM
Last Edited: August 27, 2021 2:27 AM
Tags: Дневник

столько всего было за последнее время, что мне лень дико писать. школа медиа меня жоско вымотала и морально, социально и духовно, да и физически. столько людей, столько новых знакомых, все интересные. со всеми поговорить... аааа я устал реально. но это было очень интересно и крутой экспириенс. я дико доволен! это было ахуенно! еще я выполнил одну из целей на лето - 200 друзей в ВК!!!!! Я дико собой горжусь! Я молодец! Как же я себя люблю!!!

3 хорошие вещи

1. первая запись в дневнике за последнее время
2. почти восстановился
3. увидел Алису!

а ебать еще сработала моя страта по совращению милфы из мифи. я давно знаю эту девушку и подписан на нее в инсте, а она нет!!! но я то был уверен, что она просто не увидела, что я подписан на нее. поэтому я отписался, потом подписался, лайкнул фотки последние, а если на них уже был лайк, то убрал и поставил снова! ахпхахпап ебать я мегамозг и в итоге она подписалась! 

эз ебать помню когда был карантин и от реактора видосы про спорт, то она там че то выкладывала и ебать у нее формы были я теку, там такие сиськи сочные пиздец. жаль я не сохранил, так бы подрачил бы на них, а то в инсте у нее ничего такого нет((( в архивах тоже((( сука. я бы ее трахнул жоско"
2021-08-21,Дневник,"August 27, 2021 2:21 AM","# 20.08.21

Created: August 21, 2021 12:37 AM
Last Edited: August 27, 2021 2:21 AM
Tags: Дневник

в этот день видимо ко мне пришли циркачи и я им рассказывал свои записи из дневника, пока мы бухали. было весело"
2021-08-15,Дневник,"August 15, 2021 1:36 AM","# 14.08.21

Created: August 15, 2021 1:36 AM
Last Edited: August 15, 2021 1:36 AM
Tags: Дневник

Ахуенный день. Очень много классных знакомств"
2021-08-14,Дневник,"August 27, 2021 2:20 AM","# 13.08.21

Created: August 14, 2021 2:17 AM
Last Edited: August 27, 2021 2:20 AM
Tags: Дневник

Фоткались с Мариной весь день 

![B250EAF8-7561-4897-B966-027A00320D13.jpeg](13%2008%2021%208bd150a8942f44e787e6e586a4d219d2/B250EAF8-7561-4897-B966-027A00320D13.jpeg)

![AF381D21-5372-4EE5-80AA-215BB5AA1AE5.jpeg](13%2008%2021%208bd150a8942f44e787e6e586a4d219d2/AF381D21-5372-4EE5-80AA-215BB5AA1AE5.jpeg)

![0C4CDB1B-D615-4D8F-99FA-BC4EDC0C1BFC.jpeg](13%2008%2021%208bd150a8942f44e787e6e586a4d219d2/0C4CDB1B-D615-4D8F-99FA-BC4EDC0C1BFC.jpeg)

![C14AA230-FE81-48AF-AD67-A13ECD215EFD.jpeg](13%2008%2021%208bd150a8942f44e787e6e586a4d219d2/C14AA230-FE81-48AF-AD67-A13ECD215EFD.jpeg)

![57D6D394-333C-41C1-ACDB-E61DCBEDC406.jpeg](13%2008%2021%208bd150a8942f44e787e6e586a4d219d2/57D6D394-333C-41C1-ACDB-E61DCBEDC406.jpeg)

![4AA450C6-A09D-471D-A30E-A55DC784A92E.jpeg](13%2008%2021%208bd150a8942f44e787e6e586a4d219d2/4AA450C6-A09D-471D-A30E-A55DC784A92E.jpeg)

![FADD324F-6D0A-4982-9DDE-A0B5ECB168D1.jpeg](13%2008%2021%208bd150a8942f44e787e6e586a4d219d2/FADD324F-6D0A-4982-9DDE-A0B5ECB168D1.jpeg)

![CA2310B4-C129-4110-8A3B-42216E37CF06.jpeg](13%2008%2021%208bd150a8942f44e787e6e586a4d219d2/CA2310B4-C129-4110-8A3B-42216E37CF06.jpeg)

![6AAA5381-1D07-4F2C-BF09-A58E37947D28.jpeg](13%2008%2021%208bd150a8942f44e787e6e586a4d219d2/6AAA5381-1D07-4F2C-BF09-A58E37947D28.jpeg)

![AE2BD447-C3E9-40E5-AF93-126D7FB5804B.jpeg](13%2008%2021%208bd150a8942f44e787e6e586a4d219d2/AE2BD447-C3E9-40E5-AF93-126D7FB5804B.jpeg)

![6E1FD0BE-17CD-428B-B8B9-446FD02ACEA9.jpeg](13%2008%2021%208bd150a8942f44e787e6e586a4d219d2/6E1FD0BE-17CD-428B-B8B9-446FD02ACEA9.jpeg)

![B21EA64B-2B76-420E-894E-73ED37AAD509.png](13%2008%2021%208bd150a8942f44e787e6e586a4d219d2/B21EA64B-2B76-420E-894E-73ED37AAD509.png)

![544357E6-25DD-43FE-B1B4-4B60914B1155.png](13%2008%2021%208bd150a8942f44e787e6e586a4d219d2/544357E6-25DD-43FE-B1B4-4B60914B1155.png)

![716D92B6-31FA-4CE9-9FB0-E5A0A7A7E40F.jpeg](13%2008%2021%208bd150a8942f44e787e6e586a4d219d2/716D92B6-31FA-4CE9-9FB0-E5A0A7A7E40F.jpeg)

![F7625482-CF6C-4DB6-9C55-392596C7579A.jpeg](13%2008%2021%208bd150a8942f44e787e6e586a4d219d2/F7625482-CF6C-4DB6-9C55-392596C7579A.jpeg)

![499EC19D-78CA-4D94-92C0-5583A66546E2.jpeg](13%2008%2021%208bd150a8942f44e787e6e586a4d219d2/499EC19D-78CA-4D94-92C0-5583A66546E2.jpeg)

![3E6DB226-514A-4CEB-81D6-A919FBF58B8A.png](13%2008%2021%208bd150a8942f44e787e6e586a4d219d2/3E6DB226-514A-4CEB-81D6-A919FBF58B8A.png)

![B373AB59-E70A-4743-A181-3CEB60B25AE6.jpeg](13%2008%2021%208bd150a8942f44e787e6e586a4d219d2/B373AB59-E70A-4743-A181-3CEB60B25AE6.jpeg)

![2E64108C-A753-4356-974E-11B41932F0EE.jpeg](13%2008%2021%208bd150a8942f44e787e6e586a4d219d2/2E64108C-A753-4356-974E-11B41932F0EE.jpeg)

![C468956D-427F-43C0-82FA-BEB1EC5C1378.png](13%2008%2021%208bd150a8942f44e787e6e586a4d219d2/C468956D-427F-43C0-82FA-BEB1EC5C1378.png)

![087CA61E-7ABC-4EB8-BF13-82A4FA000E79.png](13%2008%2021%208bd150a8942f44e787e6e586a4d219d2/087CA61E-7ABC-4EB8-BF13-82A4FA000E79.png)

![599DF191-886A-4356-AE3C-3D49C3EC1614.png](13%2008%2021%208bd150a8942f44e787e6e586a4d219d2/599DF191-886A-4356-AE3C-3D49C3EC1614.png)"
2021-08-13,Дневник,"August 13, 2021 1:08 AM","# 12.08.21

Created: August 13, 2021 12:46 AM
Last Edited: August 13, 2021 1:08 AM
Tags: Дневник

впервые погулял с Лией вдвоем. очень круто и интересно было, правда с дикцией моей что то неладное было... расстроен прямо этим, плохо плохо было. очень быстро тороторил(( часто из за этого запинался и волнение первой встречи тоже фактором было

Все таки зря я перестал пить глицин и нервоуспокаивающие… надо снова начать регулярно их принимать

3 хорошие вещи

1. провел время с Лией, узнал ее лучше
2. договорился с Мариной завтра идти фоткаться
3. начал снова заниматься гитарой"
2021-08-10,Дневник,"August 11, 2021 2:32 AM","# 10.08.21

Created: August 10, 2021 8:28 PM
Last Edited: August 11, 2021 2:32 AM
Tags: Дневник

пригласил Лию погулять и так сука волнуюсь, как будто первый раз... эээх, пачему? что в этом страшного и нового? я не раз уже приглашал девушку погулять или подруга. много раз гулял уже. ляяяя дядь.... ладно. не ну типо что будет, если 

она откажет? - ничего не изменится мы так и будем общаться онлайн дальше и я забью

она пошлет нахуй? ну и ладно, опять таки забью и не буду тратить время

согласится - сходим погулять, то что я и хотел заебись!

проигнорит - перестанем общаться

ну типо и все, ты не умрешь дядь и не опозоришься... жизнь продолжится. это учитывая, что мы уже с ней хотели пойти гулять однажды, да и она сама прямым текстом говорила, чтобы звал ее... ля ну ты пуська конечно

ЕЕЕЕЕЕ ОНА СОГЛАСИЛАСЬ!!!!1 АААА БЛЯТЬ КАК ЭТО МИЛО И ПРИЯТНО ТО СУКА!!!! ЕЩЕ И ОТВЕТИЛА КАК ""МОЖНО!"" без капаса ааааааа так сука приятно это получить. Хз, такое ощущение будто мы уде встречаемся с ней или идём на свидание, но к сожалению у неё есть парень… или по крайне мере был( надеюсь нет! Хочу девушку любимую найти! Хочу лежать с ней в обнимку часами напролёт и просто чувствовать ее тепло!!! Ааааах как же я хочу этого

Наконец то я спустя долгое очень время дочитал замечательную книгу!! Да просто дочитал какую то книгу, а то последний год ли больше как то вообще не до чтения было…;(

![](10%2008%2021%2053306a8e93bc460896522046ebbe984d/0428FB42-3041-4D2B-A0B6-C7DBCEB58AEA.jpeg)

Горд собой! Я молодец, что наконец то прочёл книгу! Дальше лучше!

Начал так же активно вести тикток

![](10%2008%2021%2053306a8e93bc460896522046ebbe984d/CA97D231-46E7-4E77-ACF3-C5A049FC3002.png)

![](10%2008%2021%2053306a8e93bc460896522046ebbe984d/3E99A85F-1AF8-4628-80AD-A74D4835D28C.png)

Санёк в дтп попал(

![](10%2008%2021%2053306a8e93bc460896522046ebbe984d/97E77522-C2AA-498B-9EAD-D1BC5D901D86.png)

![](10%2008%2021%2053306a8e93bc460896522046ebbe984d/1BCD552D-D3DD-45AB-A0E4-1B7DD3804845.png)"
2021-08-10,Дневник,"August 10, 2021 3:02 AM","# 10.08.21

Created: August 10, 2021 8:28 PM
Last Edited: August 11, 2021 2:32 AM
Tags: Дневник

пригласил Лию погулять и так сука волнуюсь, как будто первый раз... эээх, пачему? что в этом страшного и нового? я не раз уже приглашал девушку погулять или подруга. много раз гулял уже. ляяяя дядь.... ладно. не ну типо что будет, если 

она откажет? - ничего не изменится мы так и будем общаться онлайн дальше и я забью

она пошлет нахуй? ну и ладно, опять таки забью и не буду тратить время

согласится - сходим погулять, то что я и хотел заебись!

проигнорит - перестанем общаться

ну типо и все, ты не умрешь дядь и не опозоришься... жизнь продолжится. это учитывая, что мы уже с ней хотели пойти гулять однажды, да и она сама прямым текстом говорила, чтобы звал ее... ля ну ты пуська конечно

ЕЕЕЕЕЕ ОНА СОГЛАСИЛАСЬ!!!!1 АААА БЛЯТЬ КАК ЭТО МИЛО И ПРИЯТНО ТО СУКА!!!! ЕЩЕ И ОТВЕТИЛА КАК ""МОЖНО!"" без капаса ааааааа так сука приятно это получить. Хз, такое ощущение будто мы уде встречаемся с ней или идём на свидание, но к сожалению у неё есть парень… или по крайне мере был( надеюсь нет! Хочу девушку любимую найти! Хочу лежать с ней в обнимку часами напролёт и просто чувствовать ее тепло!!! Ааааах как же я хочу этого

Наконец то я спустя долгое очень время дочитал замечательную книгу!! Да просто дочитал какую то книгу, а то последний год ли больше как то вообще не до чтения было…;(

![](10%2008%2021%2053306a8e93bc460896522046ebbe984d/0428FB42-3041-4D2B-A0B6-C7DBCEB58AEA.jpeg)

Горд собой! Я молодец, что наконец то прочёл книгу! Дальше лучше!

Начал так же активно вести тикток

![](10%2008%2021%2053306a8e93bc460896522046ebbe984d/CA97D231-46E7-4E77-ACF3-C5A049FC3002.png)

![](10%2008%2021%2053306a8e93bc460896522046ebbe984d/3E99A85F-1AF8-4628-80AD-A74D4835D28C.png)

Санёк в дтп попал(

![](10%2008%2021%2053306a8e93bc460896522046ebbe984d/97E77522-C2AA-498B-9EAD-D1BC5D901D86.png)

![](10%2008%2021%2053306a8e93bc460896522046ebbe984d/1BCD552D-D3DD-45AB-A0E4-1B7DD3804845.png)"
2021-08-09,Дневник,"August 10, 2021 12:57 AM",
2021-08-06,Дневник,"August 6, 2021 12:24 AM",
2021-08-05,Дневник,"August 5, 2021 1:53 AM",
2021-08-03,Дневник,"August 10, 2021 12:55 AM",
2021-08-02,Дневник,"August 3, 2021 1:55 AM",
2021-08-02,Дневник,"August 2, 2021 1:28 AM",
2021-07-30,Дневник,"July 30, 2021 8:14 PM","# 29.07.21

Created: July 30, 2021 8:01 PM
Last Edited: July 30, 2021 8:14 PM
Tags: Дневник

интересный был день. много нового опыта получил. устал разговаривать пиздец. голос посадил. выпил дохуя. потанцевал в кайф. поговорил и послушал умных людей. заебца

![](29%2007%2021%20e6da9b087f564fd5ad330412f9063832/FC96C831-5ACC-4CE3-BDD6-8D71517947C9.jpeg)

![](29%2007%2021%20e6da9b087f564fd5ad330412f9063832/151F3C82-A7A3-44BE-A871-6D16F94E34D9.jpeg)

![](29%2007%2021%20e6da9b087f564fd5ad330412f9063832/A411E9FF-BF34-4831-9983-6A2AD5F8B0AE.jpeg)

![](29%2007%2021%20e6da9b087f564fd5ad330412f9063832/F9B0F89C-4541-4431-AA8A-B2C73E410465.jpeg)

![](29%2007%2021%20e6da9b087f564fd5ad330412f9063832/FD1F4763-8E10-431D-B1A4-6388C6B839D7.jpeg)

![](29%2007%2021%20e6da9b087f564fd5ad330412f9063832/B34A5F2E-0D59-4DCB-A2BA-A83251AFFED7.jpeg)

![](29%2007%2021%20e6da9b087f564fd5ad330412f9063832/E0885B2C-5E72-45AA-ADE1-7EB0095E1F11.jpeg)

[https://www.notion.so](https://www.notion.so)

[29%2007%2021%20e6da9b087f564fd5ad330412f9063832/IMG_0396.mov](29%2007%2021%20e6da9b087f564fd5ad330412f9063832/IMG_0396.mov)

[29%2007%2021%20e6da9b087f564fd5ad330412f9063832/IMG_0397.mov](29%2007%2021%20e6da9b087f564fd5ad330412f9063832/IMG_0397.mov)

[29%2007%2021%20e6da9b087f564fd5ad330412f9063832/IMG_0398.mov](29%2007%2021%20e6da9b087f564fd5ad330412f9063832/IMG_0398.mov)

![](29%2007%2021%20e6da9b087f564fd5ad330412f9063832/4F437EFF-F7A7-4D7F-A2BD-0DA085DF8831.jpeg)

![](29%2007%2021%20e6da9b087f564fd5ad330412f9063832/0DAC4670-6E66-4377-A51B-797EC7FA1512.jpeg)

![](29%2007%2021%20e6da9b087f564fd5ad330412f9063832/A3618E7F-4AE9-4770-B02A-1518D8AA826C.jpeg)

![](29%2007%2021%20e6da9b087f564fd5ad330412f9063832/4A3F4D2B-82EF-424C-92E5-5F48C28F2F5E.jpeg)

[29%2007%2021%20e6da9b087f564fd5ad330412f9063832/IMG_0403.mov](29%2007%2021%20e6da9b087f564fd5ad330412f9063832/IMG_0403.mov)

[29%2007%2021%20e6da9b087f564fd5ad330412f9063832/IMG_0405.mov](29%2007%2021%20e6da9b087f564fd5ad330412f9063832/IMG_0405.mov)

[29%2007%2021%20e6da9b087f564fd5ad330412f9063832/IMG_0404.mov](29%2007%2021%20e6da9b087f564fd5ad330412f9063832/IMG_0404.mov)

![](29%2007%2021%20e6da9b087f564fd5ad330412f9063832/0DA23BC2-2E45-4FE2-9363-E117FBE2E287.jpeg)

![](29%2007%2021%20e6da9b087f564fd5ad330412f9063832/6AE88464-B14C-42DF-B9A6-52E112A20DAD.jpeg)

![](29%2007%2021%20e6da9b087f564fd5ad330412f9063832/7D382348-BF33-4C80-9F05-E3D7F72AAD59.jpeg)

![](29%2007%2021%20e6da9b087f564fd5ad330412f9063832/5CB4634A-90A4-4F79-986C-8423C589CC89.jpeg)

![](29%2007%2021%20e6da9b087f564fd5ad330412f9063832/5AA3FDE3-0851-4DC9-9743-F2EDCEBF30DA.jpeg)

[29%2007%2021%20e6da9b087f564fd5ad330412f9063832/IMG_0411.mov](29%2007%2021%20e6da9b087f564fd5ad330412f9063832/IMG_0411.mov)

![](29%2007%2021%20e6da9b087f564fd5ad330412f9063832/938BB3B3-CE6F-4F34-A3AB-FA2E16157348.jpeg)

![](29%2007%2021%20e6da9b087f564fd5ad330412f9063832/92263CED-06A1-4E13-9538-0D465CEF1E40.jpeg)

![](29%2007%2021%20e6da9b087f564fd5ad330412f9063832/72D3E5BE-0FF7-431B-9EDF-F080D491C3C0.jpeg)

Вот такого формата была туса

![](29%2007%2021%20e6da9b087f564fd5ad330412f9063832/05724EEA-35E2-4F36-8019-6B577706DAE8.jpeg)"
2021-07-30,Дневник,"July 30, 2021 8:14 PM","# 29.07.21

Created: July 30, 2021 8:01 PM
Last Edited: July 30, 2021 8:14 PM
Tags: Дневник

интересный был день. много нового опыта получил. устал разговаривать пиздец. голос посадил. выпил дохуя. потанцевал в кайф. поговорил и послушал умных людей. заебца

![](29%2007%2021%20e6da9b087f564fd5ad330412f9063832/FC96C831-5ACC-4CE3-BDD6-8D71517947C9.jpeg)

![](29%2007%2021%20e6da9b087f564fd5ad330412f9063832/151F3C82-A7A3-44BE-A871-6D16F94E34D9.jpeg)

![](29%2007%2021%20e6da9b087f564fd5ad330412f9063832/A411E9FF-BF34-4831-9983-6A2AD5F8B0AE.jpeg)

![](29%2007%2021%20e6da9b087f564fd5ad330412f9063832/F9B0F89C-4541-4431-AA8A-B2C73E410465.jpeg)

![](29%2007%2021%20e6da9b087f564fd5ad330412f9063832/FD1F4763-8E10-431D-B1A4-6388C6B839D7.jpeg)

![](29%2007%2021%20e6da9b087f564fd5ad330412f9063832/B34A5F2E-0D59-4DCB-A2BA-A83251AFFED7.jpeg)

![](29%2007%2021%20e6da9b087f564fd5ad330412f9063832/E0885B2C-5E72-45AA-ADE1-7EB0095E1F11.jpeg)

[https://www.notion.so](https://www.notion.so)

[29%2007%2021%20e6da9b087f564fd5ad330412f9063832/IMG_0396.mov](29%2007%2021%20e6da9b087f564fd5ad330412f9063832/IMG_0396.mov)

[29%2007%2021%20e6da9b087f564fd5ad330412f9063832/IMG_0397.mov](29%2007%2021%20e6da9b087f564fd5ad330412f9063832/IMG_0397.mov)

[29%2007%2021%20e6da9b087f564fd5ad330412f9063832/IMG_0398.mov](29%2007%2021%20e6da9b087f564fd5ad330412f9063832/IMG_0398.mov)

![](29%2007%2021%20e6da9b087f564fd5ad330412f9063832/4F437EFF-F7A7-4D7F-A2BD-0DA085DF8831.jpeg)

![](29%2007%2021%20e6da9b087f564fd5ad330412f9063832/0DAC4670-6E66-4377-A51B-797EC7FA1512.jpeg)

![](29%2007%2021%20e6da9b087f564fd5ad330412f9063832/A3618E7F-4AE9-4770-B02A-1518D8AA826C.jpeg)

![](29%2007%2021%20e6da9b087f564fd5ad330412f9063832/4A3F4D2B-82EF-424C-92E5-5F48C28F2F5E.jpeg)

[29%2007%2021%20e6da9b087f564fd5ad330412f9063832/IMG_0403.mov](29%2007%2021%20e6da9b087f564fd5ad330412f9063832/IMG_0403.mov)

[29%2007%2021%20e6da9b087f564fd5ad330412f9063832/IMG_0405.mov](29%2007%2021%20e6da9b087f564fd5ad330412f9063832/IMG_0405.mov)

[29%2007%2021%20e6da9b087f564fd5ad330412f9063832/IMG_0404.mov](29%2007%2021%20e6da9b087f564fd5ad330412f9063832/IMG_0404.mov)

![](29%2007%2021%20e6da9b087f564fd5ad330412f9063832/0DA23BC2-2E45-4FE2-9363-E117FBE2E287.jpeg)

![](29%2007%2021%20e6da9b087f564fd5ad330412f9063832/6AE88464-B14C-42DF-B9A6-52E112A20DAD.jpeg)

![](29%2007%2021%20e6da9b087f564fd5ad330412f9063832/7D382348-BF33-4C80-9F05-E3D7F72AAD59.jpeg)

![](29%2007%2021%20e6da9b087f564fd5ad330412f9063832/5CB4634A-90A4-4F79-986C-8423C589CC89.jpeg)

![](29%2007%2021%20e6da9b087f564fd5ad330412f9063832/5AA3FDE3-0851-4DC9-9743-F2EDCEBF30DA.jpeg)

[29%2007%2021%20e6da9b087f564fd5ad330412f9063832/IMG_0411.mov](29%2007%2021%20e6da9b087f564fd5ad330412f9063832/IMG_0411.mov)

![](29%2007%2021%20e6da9b087f564fd5ad330412f9063832/938BB3B3-CE6F-4F34-A3AB-FA2E16157348.jpeg)

![](29%2007%2021%20e6da9b087f564fd5ad330412f9063832/92263CED-06A1-4E13-9538-0D465CEF1E40.jpeg)

![](29%2007%2021%20e6da9b087f564fd5ad330412f9063832/72D3E5BE-0FF7-431B-9EDF-F080D491C3C0.jpeg)

Вот такого формата была туса

![](29%2007%2021%20e6da9b087f564fd5ad330412f9063832/05724EEA-35E2-4F36-8019-6B577706DAE8.jpeg)"
2021-07-29,Дневник,"July 29, 2021 4:16 PM","# 28.07.21

Created: July 29, 2021 2:25 AM
Last Edited: July 29, 2021 4:16 PM
Tags: Дневник

Седня стол собрал ебаный, вчера чуть не сдох его тащить, как фараон нахуй тащил на голове, чуть не умер. Я столько мебели собрать успел за год, что можно в колледж уж сантехника поступать я хз… завтра идём на тусу нового для меня формата, где будет много чуваков крутых, дет 25 средний, главы стартапов, в Яндекса работают, занимаются каким то великим делом. В общем, должно быть интересно. А потом завалимся в ровесник на тусню с Владом и Даней

![](28%2007%2021%20dc43d8bc7faf4b2782bdd3671244bb9a/CE313682-78BB-4B03-A812-562849EFD17C.jpeg)

![](28%2007%2021%20dc43d8bc7faf4b2782bdd3671244bb9a/18C49889-92BE-4111-B63E-B45B1553C196.jpeg)

![](28%2007%2021%20dc43d8bc7faf4b2782bdd3671244bb9a/FA60D107-D1C7-46D5-BE67-A43B869FE25C.jpeg)

![](28%2007%2021%20dc43d8bc7faf4b2782bdd3671244bb9a/C4A16D78-95DA-4468-A5A0-84B9A71B458D.jpeg)

![](28%2007%2021%20dc43d8bc7faf4b2782bdd3671244bb9a/B1332F94-FA96-4ED3-8265-1E708E762CA5.jpeg)

![](28%2007%2021%20dc43d8bc7faf4b2782bdd3671244bb9a/47C356C3-6BA1-43D1-8DE8-3F7C8DBD4A47.jpeg)

![](28%2007%2021%20dc43d8bc7faf4b2782bdd3671244bb9a/94DBCB53-489F-48A7-B8B8-BE4AA5211FDF.jpeg)

![](28%2007%2021%20dc43d8bc7faf4b2782bdd3671244bb9a/61211F57-6944-4F8B-BE23-768FAE9C120E.jpeg)

![](28%2007%2021%20dc43d8bc7faf4b2782bdd3671244bb9a/A234A268-29AA-4E66-830F-5D002032B0F2.jpeg)

![](28%2007%2021%20dc43d8bc7faf4b2782bdd3671244bb9a/792212D9-83F2-49A7-B9EE-3EC53910F463.jpeg)

![](28%2007%2021%20dc43d8bc7faf4b2782bdd3671244bb9a/6F5D11AD-BEAE-4195-8E80-DB8AA8BF4C8D.jpeg)

![](28%2007%2021%20dc43d8bc7faf4b2782bdd3671244bb9a/541A0044-E01D-4F9F-BDBA-3DB3D153469C.jpeg)

![](28%2007%2021%20dc43d8bc7faf4b2782bdd3671244bb9a/BA5C1A9B-3499-4696-91DF-D9C44C3A7F73.jpeg)

![](28%2007%2021%20dc43d8bc7faf4b2782bdd3671244bb9a/A3EF43B9-92B3-44B0-82E3-F8E73D732653.jpeg)

![](28%2007%2021%20dc43d8bc7faf4b2782bdd3671244bb9a/9DE739D8-4359-4C2D-8637-DF97DD590C37.jpeg)

![](28%2007%2021%20dc43d8bc7faf4b2782bdd3671244bb9a/5AB05D1D-F8B0-4353-82AC-923071260E30.jpeg)

![](28%2007%2021%20dc43d8bc7faf4b2782bdd3671244bb9a/8927B26E-8FDD-47AD-8F84-B33417CF5D74.jpeg)

![](28%2007%2021%20dc43d8bc7faf4b2782bdd3671244bb9a/1AA01D78-DFE2-41E9-8953-4E1B3462E528.jpeg)

![](28%2007%2021%20dc43d8bc7faf4b2782bdd3671244bb9a/0643B96B-0755-4DE4-86FC-5A99502319F0.jpeg)

![](28%2007%2021%20dc43d8bc7faf4b2782bdd3671244bb9a/288A3AD2-0D4E-47B6-AD6D-A3436DCB96C3.jpeg)

![](28%2007%2021%20dc43d8bc7faf4b2782bdd3671244bb9a/480C319D-60A3-4BD3-9B95-FAAD0515EAD0.jpeg)

![](28%2007%2021%20dc43d8bc7faf4b2782bdd3671244bb9a/C9BEE219-4CE8-4581-B188-F7320D2C8E09.jpeg)"
2021-07-29,Дневник,"July 29, 2021 4:16 PM","# 28.07.21

Created: July 29, 2021 2:25 AM
Last Edited: July 29, 2021 4:16 PM
Tags: Дневник

Седня стол собрал ебаный, вчера чуть не сдох его тащить, как фараон нахуй тащил на голове, чуть не умер. Я столько мебели собрать успел за год, что можно в колледж уж сантехника поступать я хз… завтра идём на тусу нового для меня формата, где будет много чуваков крутых, дет 25 средний, главы стартапов, в Яндекса работают, занимаются каким то великим делом. В общем, должно быть интересно. А потом завалимся в ровесник на тусню с Владом и Даней

![](28%2007%2021%20dc43d8bc7faf4b2782bdd3671244bb9a/CE313682-78BB-4B03-A812-562849EFD17C.jpeg)

![](28%2007%2021%20dc43d8bc7faf4b2782bdd3671244bb9a/18C49889-92BE-4111-B63E-B45B1553C196.jpeg)

![](28%2007%2021%20dc43d8bc7faf4b2782bdd3671244bb9a/FA60D107-D1C7-46D5-BE67-A43B869FE25C.jpeg)

![](28%2007%2021%20dc43d8bc7faf4b2782bdd3671244bb9a/C4A16D78-95DA-4468-A5A0-84B9A71B458D.jpeg)

![](28%2007%2021%20dc43d8bc7faf4b2782bdd3671244bb9a/B1332F94-FA96-4ED3-8265-1E708E762CA5.jpeg)

![](28%2007%2021%20dc43d8bc7faf4b2782bdd3671244bb9a/47C356C3-6BA1-43D1-8DE8-3F7C8DBD4A47.jpeg)

![](28%2007%2021%20dc43d8bc7faf4b2782bdd3671244bb9a/94DBCB53-489F-48A7-B8B8-BE4AA5211FDF.jpeg)

![](28%2007%2021%20dc43d8bc7faf4b2782bdd3671244bb9a/61211F57-6944-4F8B-BE23-768FAE9C120E.jpeg)

![](28%2007%2021%20dc43d8bc7faf4b2782bdd3671244bb9a/A234A268-29AA-4E66-830F-5D002032B0F2.jpeg)

![](28%2007%2021%20dc43d8bc7faf4b2782bdd3671244bb9a/792212D9-83F2-49A7-B9EE-3EC53910F463.jpeg)

![](28%2007%2021%20dc43d8bc7faf4b2782bdd3671244bb9a/6F5D11AD-BEAE-4195-8E80-DB8AA8BF4C8D.jpeg)

![](28%2007%2021%20dc43d8bc7faf4b2782bdd3671244bb9a/541A0044-E01D-4F9F-BDBA-3DB3D153469C.jpeg)

![](28%2007%2021%20dc43d8bc7faf4b2782bdd3671244bb9a/BA5C1A9B-3499-4696-91DF-D9C44C3A7F73.jpeg)

![](28%2007%2021%20dc43d8bc7faf4b2782bdd3671244bb9a/A3EF43B9-92B3-44B0-82E3-F8E73D732653.jpeg)

![](28%2007%2021%20dc43d8bc7faf4b2782bdd3671244bb9a/9DE739D8-4359-4C2D-8637-DF97DD590C37.jpeg)

![](28%2007%2021%20dc43d8bc7faf4b2782bdd3671244bb9a/5AB05D1D-F8B0-4353-82AC-923071260E30.jpeg)

![](28%2007%2021%20dc43d8bc7faf4b2782bdd3671244bb9a/8927B26E-8FDD-47AD-8F84-B33417CF5D74.jpeg)

![](28%2007%2021%20dc43d8bc7faf4b2782bdd3671244bb9a/1AA01D78-DFE2-41E9-8953-4E1B3462E528.jpeg)

![](28%2007%2021%20dc43d8bc7faf4b2782bdd3671244bb9a/0643B96B-0755-4DE4-86FC-5A99502319F0.jpeg)

![](28%2007%2021%20dc43d8bc7faf4b2782bdd3671244bb9a/288A3AD2-0D4E-47B6-AD6D-A3436DCB96C3.jpeg)

![](28%2007%2021%20dc43d8bc7faf4b2782bdd3671244bb9a/480C319D-60A3-4BD3-9B95-FAAD0515EAD0.jpeg)

![](28%2007%2021%20dc43d8bc7faf4b2782bdd3671244bb9a/C9BEE219-4CE8-4581-B188-F7320D2C8E09.jpeg)"
2021-07-26,Дневник,"July 26, 2021 1:09 AM","# 24.07.21

Created: July 26, 2021 12:54 AM
Last Edited: July 26, 2021 1:09 AM
Tags: Дневник

Ходил сегодня на малину пати ""эйфория"" тусня. в здании смены была. думал пойду один а в этот же день ответил на историю дани, где он тусил в ровеснике и спросил пойдет ли он на эйфорию. В итоге он сразу успел купить билет хех. красава. И мы с ним пошли в итоге и челом с физтеха, Илюха. бабник чел, норм такой, интересный. Ну тусня просто ебейший разъеб. Просто ахуенно было. Поиграл в бутылочку, пососался там с телочками где-то пол часа, познакомился с парнями прикольными ахпхапа (нне гей, просто классные челы), на бутылочке подцепил тяночку, с которой мы потом ушли на танцпол и часа два с ней ходили везде и сосалиь. Она посидела у меня на коленях. Я ее держал на весу за жопу и мы так сосались на танцполе. Потом когда мы стояли сосались, то чел проходящий зарофлил про то, что сейчас не медляк ахпхахп хорош. Очень страстно сосались. С языком всегд. ААааа как же сука ахуенно. Ля, такое ощущение, что я лвл апнул, да,  я явно апнулся. Достиг 3ого уровня!!! потому что я так много впечатлений и ощущений новых получил в этот день, просто разъеб. боже, спасибо ей огромное. ее звали Саша, Александра. Спасибо тебе за ночь огромное Саш!!! Пообнимались много. Потрогал за жопу. ООоох ну а сколько же мы сосались. За ручки подержались как пара. Тоже немало. Причем вот норм так, как пара то есть между пальцев пальцы друг друга. аааа как же сука мило романтично и сексуально!!!!! божеееее  как ЖЕ АХУЕННОООО!!1 как же мы много сосались как же много было тактилок всяких. разеъб потом под конец я ее за сиськи потрогал. правда она через время как то отстранилась. хз что не так. тип за жопу можно трогать, а сиськи нет? странная логика какая-то. ну ладно, я рад что сделал это и потрогал. кайф. сиськи топ тема, советую. потом она ушла часа в 4 30 и я соло был. потанцевал на танцполе. зажег там ебать. тоже нравится это. что я кайфовал и танцевал раскрепощенно! уважаю и горжусь!

поднялся потанцевал даже на сцене. потом был медляк и я пригласил рядом стоящиую девушку, Кристина зовут. С ней потанцевали классно. Так тесно тоже был прижаты друг к другу. ААаа жаль правда что и унее не особо были большие сиськи( все мне на сиськи не везет, ну ладно, будет еще. А потом ахпахпхап ору я попробовал ее наклонить и подержать, ну как делают в  медляке. тип на колено садишься и даму держишь... и сука я не удержал ее ХАХПАХПАХПХАП,  БОЖЕ ебать. ладно, я  грамотно повел себя в этой ситуации. то есть ни тогда ни сейчас мне особо стыдно не было, от  стыда я не сгорел и не стал мусей пусей. просто с ней упал на пол, встали, посммеялиь и продолжили танцевать. вот

потом под конец тусни часов в 6  я  ее увидел у  выхода ну и решил подойти взять контак. взял, респект. потом какие то челы, которых нашел Илюха ехали курить травку и нас пригласили. я согласился, но блять там хуйня случилась и я домой в итоге уехал

![](24%2007%2021%20b259965bd7fa404c85a019ad122c5700/200E56A7-5099-4B8F-9B7B-444691157215.jpeg)

![](24%2007%2021%20b259965bd7fa404c85a019ad122c5700/C8092129-B88E-4D63-8C80-4B76B37C9E1D.jpeg)

![](24%2007%2021%20b259965bd7fa404c85a019ad122c5700/F83F7575-76A7-4316-AAC0-8D4FEE11F94F.jpeg)

![](24%2007%2021%20b259965bd7fa404c85a019ad122c5700/6F021C59-6801-4DF5-B068-1CF90427342E.jpeg)

![](24%2007%2021%20b259965bd7fa404c85a019ad122c5700/E06951CD-A6FA-4ED3-AA55-2477D60BA2BB.jpeg)

![](24%2007%2021%20b259965bd7fa404c85a019ad122c5700/DAF52987-13B3-427A-8FC8-DA01BC47E825.jpeg)

![](24%2007%2021%20b259965bd7fa404c85a019ad122c5700/27C84CEA-A3B8-4F8F-824D-B346BB5F1951.jpeg)

![](24%2007%2021%20b259965bd7fa404c85a019ad122c5700/38CDA9F9-FBD7-4CE9-8BA1-35EAC2B09BD9.jpeg)

[24%2007%2021%20b259965bd7fa404c85a019ad122c5700/IMG_0264.mov](24%2007%2021%20b259965bd7fa404c85a019ad122c5700/IMG_0264.mov)

![](24%2007%2021%20b259965bd7fa404c85a019ad122c5700/49DA15E0-EAA1-457F-ABE5-99ED851029E6.jpeg)

![](24%2007%2021%20b259965bd7fa404c85a019ad122c5700/839FA7CB-FBCC-4426-8EE6-165FBDB98250.jpeg)

![](24%2007%2021%20b259965bd7fa404c85a019ad122c5700/2A30572F-7FD9-42B8-9A64-CB75334C6B45.jpeg)

![](24%2007%2021%20b259965bd7fa404c85a019ad122c5700/53CE68CE-9EA1-42DE-BCF5-484A00BC3E09.jpeg)

![](24%2007%2021%20b259965bd7fa404c85a019ad122c5700/CF5CB165-C714-4867-8878-D9BF4C023719.jpeg)

![](24%2007%2021%20b259965bd7fa404c85a019ad122c5700/03A32F68-F97E-46AB-8F1F-7D365208A173.jpeg)

![](24%2007%2021%20b259965bd7fa404c85a019ad122c5700/3B6CBC63-0631-4DB6-A877-CC7C7C2DFE21.jpeg)

![](24%2007%2021%20b259965bd7fa404c85a019ad122c5700/D94493AA-7DE3-4E2F-9938-9282D261B094.jpeg)

[https://www.notion.so](https://www.notion.so)

[https://www.notion.so](https://www.notion.so)

![](24%2007%2021%20b259965bd7fa404c85a019ad122c5700/E7BC6257-B51D-4B5E-B0D1-A95100F97C29.jpeg)

![](24%2007%2021%20b259965bd7fa404c85a019ad122c5700/10EB73EC-7557-4F25-833E-1538741D092D.jpeg)

[24%2007%2021%20b259965bd7fa404c85a019ad122c5700/IMG_0282.mp4](24%2007%2021%20b259965bd7fa404c85a019ad122c5700/IMG_0282.mp4)

![](24%2007%2021%20b259965bd7fa404c85a019ad122c5700/A2E3DA5D-1B7D-4790-8356-CC2D94DF2FB7.jpeg)"
2021-07-25,Дневник,"July 26, 2021 2:03 AM","# 25.07.21

Created: July 25, 2021 5:16 PM
Last Edited: July 26, 2021 2:03 AM
Tags: Дневник

Блять ебать у меня пердак горит, раздражение и даже гнев от разговора с бабушкой. Так меня выбешивает это почему то, прямо дергает даже, думаю постоянно «поскорее бы она закончила и ушла уже…» даже мысли какие то негативные бывают, импульсы, ударить. Аааа пиздец, как же скучно и неинтересно мне с ней общаться это что-то с чем-то. Слава богу мать вот пошла показывать как диван раскладывается. А то я уже устал ее рассказы ни о чем слушать и истории. Про болячки топ вообще, очень интересно или каких то тупых тривиальных вещах, которые мне вообще неинтересны и мне кажется служат с одной целью, нести словесный мусор/заполнить паузы в общении. Бесит боять, ничего не могу поделать. Даже отвечать ей не хочется ничего, потому что у меня нет никакой выгоды от этого, я общаюсь, когда что то получаю взамен, эмоции или чувства какие то или что то материальное может и тд. Здесь же мне с каждым словом я буду себя только закапывать, потому что будет ей непонятно или надо будет много пояснять, а некоторые вещи она просто не сможет понять. И никакого из за этого удовольствия не получаю. Только раздражение, нервозность и даже не знаю какие ещё термины использовать, вообщем себе дороже делать. Лучше молчать и слушать просто. 

Общаясь со сверстниками я получаю большое удовольствие, ч умею с ними общаться отлично, обмениваемся эмоциями и чувствами. Они понимают мои истории, они могут к ним отнестись, понять их, и из за этого я получаю удовольствие, радость, что человек понимает меня. А с бабушкой что, ну вот расскажешь ей про отношения или что то ещё ну и разве она сможет понять? Что довольно странно, эта тема общая для всех поколений, но он неё чего содержательного ждать не стоит. Там какая то херня будет неинтересная, уж простите меня за такие слова. Как будто она не жила вовсе… хотя ей почти 80… жената же была. Странно, ну ладно. Наверное все старые такие скучные… по крайне мере из того поколения(

А со сверстниками я могу получить обратную связь, будь то совет или эмоциональный ответ и тд. И это очень приятно, ради этого я общаюсь. Можно сделать вывод из этого, что общение произрастает из эгоистических корней, мы общаемся, потому что получаем что то для себя взамен и только поэтому в основном. По крайне мере в удовольствие

аааа блять как сука горит то почему то. Она за все цепляется, буквально за все, что можно начать диалог. За болячку блять на колене. Ааааа

Слава богу они ушли уже наконец то блять. Я не могу долго их терпеть

Ля, хочу позвать погулять девушку, с котторой мы ехали на такси обратно с малины. Такая классная она показалась мне, хочу позвать погулять. Да и друзья у нее прикольные. До этого я был прямо сильно уверен, что без проблем вообще позову, но сейчас уже засомневался. Я ей еще днем написал, тип как они дошли до дома, она только вот сейчас в 10 ответила где-то. И когда я увидел ее сообщение, то нервозность сразу появилась у меня. Ааааа сразу на очко как-то подсел. Блять. Соберись дядь

ладно 3 вдоха и пишу

написал. мужик! еще и даня похвалил, очень приятно на самом деле

![](25%2007%2021%2023b153033ab94bc3816b2d52b3434d4e/Screenshot_2021-07-26_at_00.53.46.png)

![](25%2007%2021%2023b153033ab94bc3816b2d52b3434d4e/Screenshot_2021-07-26_at_00.53.09.png)

![](25%2007%2021%2023b153033ab94bc3816b2d52b3434d4e/1A1A2E5E-01D4-46AE-990A-BF00F22DE232.png)

![](25%2007%2021%2023b153033ab94bc3816b2d52b3434d4e/FE3ECE5E-8A7F-42ED-BD13-82400F2AD953.png)

![](25%2007%2021%2023b153033ab94bc3816b2d52b3434d4e/2C5F1172-7577-458A-9BB6-ED99875D0CBE.png)

![](25%2007%2021%2023b153033ab94bc3816b2d52b3434d4e/FEDF8B95-7BBC-4B63-8600-F00D78D04F77.png)

![](25%2007%2021%2023b153033ab94bc3816b2d52b3434d4e/3A82CC55-3B31-4120-BB50-D6EC7E2E139A.png)

![](25%2007%2021%2023b153033ab94bc3816b2d52b3434d4e/4534569C-4FB9-43C0-9843-D538CD8643BB.png)

![](25%2007%2021%2023b153033ab94bc3816b2d52b3434d4e/5554E78B-BFCC-46BE-9113-534C646A0189.png)

![](25%2007%2021%2023b153033ab94bc3816b2d52b3434d4e/670D6128-DE77-4512-893A-1AC457282AAD.png)

![](25%2007%2021%2023b153033ab94bc3816b2d52b3434d4e/471C30D0-B7FF-4218-8F0C-CB3981F497C7.png)

![](25%2007%2021%2023b153033ab94bc3816b2d52b3434d4e/A8D9851A-0E12-4D7F-A5E4-F07944446B69.jpeg)

![](25%2007%2021%2023b153033ab94bc3816b2d52b3434d4e/AF4D49FD-C6E6-466E-865F-240B01EB9CA6.jpeg)

![](25%2007%2021%2023b153033ab94bc3816b2d52b3434d4e/59C0ADCC-FCFC-4F60-9C48-2B7D78B68CF2.jpeg)

![](25%2007%2021%2023b153033ab94bc3816b2d52b3434d4e/0884C929-7AC3-4A7A-BDE1-C9D6B0802AA6.jpeg)

![](25%2007%2021%2023b153033ab94bc3816b2d52b3434d4e/673F8F49-CBAF-4B40-8217-B036E9A26B5A.jpeg)

![](25%2007%2021%2023b153033ab94bc3816b2d52b3434d4e/90DBE4E3-2685-41ED-AAAD-1BBC20B0ECD3.jpeg)

![](25%2007%2021%2023b153033ab94bc3816b2d52b3434d4e/19CB4696-2E17-450F-8CFC-9413EC6FFBE0.jpeg)

![](25%2007%2021%2023b153033ab94bc3816b2d52b3434d4e/2555DAA5-337F-4DD1-A32F-0D8A79CED71E.jpeg)

![](25%2007%2021%2023b153033ab94bc3816b2d52b3434d4e/B59CC60D-D211-4A92-8011-2A07A354FEF6.jpeg)

![](25%2007%2021%2023b153033ab94bc3816b2d52b3434d4e/2FE52866-AD9B-4D4F-B0A8-9F333AE2ABC7.jpeg)

![](25%2007%2021%2023b153033ab94bc3816b2d52b3434d4e/0093E68E-8023-4DE3-B328-A648536CAEB4.jpeg)

![](25%2007%2021%2023b153033ab94bc3816b2d52b3434d4e/EDBABD0F-22B1-4984-8A92-99AB4A4F5454.jpeg)

![](25%2007%2021%2023b153033ab94bc3816b2d52b3434d4e/66B9026B-2756-4867-87A2-D2A368FA2655.jpeg)

![](25%2007%2021%2023b153033ab94bc3816b2d52b3434d4e/B549B3F9-81DA-46DF-B388-2C34C0B19D17.jpeg)"
2021-07-23,Дневник,"July 23, 2021 3:28 AM","# 22.07.21

Created: July 23, 2021 2:10 AM
Last Edited: July 23, 2021 3:28 AM
Tags: Дневник

сегодня дома отдыхал. посмотрел два замечательных фильма да и вообще как то настроение  прекрасное.  хочется писать и писать в канале тг, про все. оох хороший день

Все ещё не могу насмотреться на свой инстаграм, такая приятная для глаз цветовая гамма, ммм просто сооок разъеб

![](22%2007%2021%2073600ac4194a4af4adc17689ddb31006/65716EF7-0ABF-44CE-AF36-0AA57A396F8D.png)

Ну и просто фотки 

![](22%2007%2021%2073600ac4194a4af4adc17689ddb31006/2039C819-DBB4-4628-B132-109D65E99F23.jpeg)

![](22%2007%2021%2073600ac4194a4af4adc17689ddb31006/9EB43D82-6AC4-4264-AA7F-AB4D9D711A38.jpeg)

![](22%2007%2021%2073600ac4194a4af4adc17689ddb31006/6979C384-C04F-482A-BE97-DE1F431A177D.jpeg)

![](22%2007%2021%2073600ac4194a4af4adc17689ddb31006/CB232EED-97AE-46B8-B983-CFE73862C76C.jpeg)

![](22%2007%2021%2073600ac4194a4af4adc17689ddb31006/84D9971D-3A4A-4F41-9CB5-2470E5172A05.jpeg)

![](22%2007%2021%2073600ac4194a4af4adc17689ddb31006/2B4A23B7-B545-4030-9474-AFE7E87A454C.jpeg)

![](22%2007%2021%2073600ac4194a4af4adc17689ddb31006/E9FC3E52-9FAF-4E4E-9BA7-A6385CED0009.jpeg)

![](22%2007%2021%2073600ac4194a4af4adc17689ddb31006/535CF514-0183-441A-B39E-825ADA1504AA.jpeg)

![](22%2007%2021%2073600ac4194a4af4adc17689ddb31006/F69D56D5-3BC0-4D10-ADD1-19CB8E2C7008.jpeg)

![](22%2007%2021%2073600ac4194a4af4adc17689ddb31006/8A1C7303-DF2C-4BED-8AD9-A6DDB7E7BEC4.jpeg)

![](22%2007%2021%2073600ac4194a4af4adc17689ddb31006/241D75EA-417F-438D-A564-C6DDE2537690.png)

![](22%2007%2021%2073600ac4194a4af4adc17689ddb31006/2F5D7288-07A5-4263-8613-536FC43759CF.png)

![](22%2007%2021%2073600ac4194a4af4adc17689ddb31006/0843D128-9AF0-470F-8D73-80A1EFC6522A.png)

![](22%2007%2021%2073600ac4194a4af4adc17689ddb31006/3A4AA2A6-65A1-4E4E-B71F-940D2005D861.jpeg)

![](22%2007%2021%2073600ac4194a4af4adc17689ddb31006/9E327820-8B88-44B8-8D03-D686933FE1AE.png)"
2021-07-21,Дневник,"July 22, 2021 1:57 AM","# 21.07.21

Created: July 21, 2021 6:44 PM
Last Edited: July 22, 2021 1:57 AM
Tags: Дневник

самое крутое еще из питера, это чтто  я расккрепостился.  ходил на пляже спокойно, выдерживал шутки про  соски свои от дани, даже при жанне спокоен был. красавчик, молодец, горжусь тобой!

ля так много всего было, так много впечатлений, эмоций, чувств, новых ощущений, нового опыта, событий, интересных вещей произошло, но так сука лень писать все это, а ттем более сортить как-то...

но мне очень нравится, что я раскрепощаюсь  по  поводу своего тела и спокойно ходил без футболки даже внне пляжа и с даней и жаннной даже, молодчинка

сегодня мамка учила вещи гладить, а вчера стирать их. решил наконец то научиться быту

Ля, ебать я озабоченный и сперматоксикозник все так. Это факты. Я дрочу на фотку Маши в платье и фантазиях о Диане в купальнике... мда, мне нужна девушка, очень срочно. дрочка это мой наркотик уже. без ннего я не смогу мне кажется норм сущестововать. потому что у меня много подруг и все они максимальные красотки. так что это вынужденная мера, чтобы вести себя с ними  как с друзьями, а не девушками в таком понимании... как же хочеца  любимую тяночку. блин еще такое ощущение, будто я стал влюбляться в машу. что не очень хорошо( хотя подрочил и вроде норм стало. а как говориться, сначала подрочи  и если чувство не пропадет, то любовь, а  если пропадет, то забей. ауф

![](21%2007%2021%20ccf2179a588b4483b257b9a5122edecc/ED1A42B9-E64E-4CCE-B2FF-4569F6A31E2A.png)

![](21%2007%2021%20ccf2179a588b4483b257b9a5122edecc/E9DD4A6F-5863-4720-BED7-550578CC3FF8.jpeg)

![](21%2007%2021%20ccf2179a588b4483b257b9a5122edecc/2ABAA73F-09C5-4F17-8F37-474394AD2A97.jpeg)

![](21%2007%2021%20ccf2179a588b4483b257b9a5122edecc/99E81ADC-4A88-4C05-BBA4-D1795DC457B4.png)

![](21%2007%2021%20ccf2179a588b4483b257b9a5122edecc/469BAE24-1343-4FF5-9AD8-717DA81D6E9A.png)

![](21%2007%2021%20ccf2179a588b4483b257b9a5122edecc/498A8400-D6B9-4741-A579-41726D54B614.png)

![](21%2007%2021%20ccf2179a588b4483b257b9a5122edecc/F00D3AF9-BB08-4F75-AD79-3323379A532C.png)

![](21%2007%2021%20ccf2179a588b4483b257b9a5122edecc/59F655A1-E2A8-4F8A-BCCC-E841FF4A835C.png)

![](21%2007%2021%20ccf2179a588b4483b257b9a5122edecc/7C1BB6DB-4FF1-4691-B903-1F6141B51BF1.png)

![](21%2007%2021%20ccf2179a588b4483b257b9a5122edecc/8FAC8E4D-A238-4C05-BE87-1FBC5ECA8119.png)

![](21%2007%2021%20ccf2179a588b4483b257b9a5122edecc/AA488C18-B129-4B67-8C18-DC04BA2FC5B2.png)

Как же мне сейчас нравится мой профиль в инсте, прямо очень эстетично, аааа, крутяк 

![](21%2007%2021%20ccf2179a588b4483b257b9a5122edecc/779C0787-CFD0-4EA9-85A6-6C08448C6C75.png)

![](21%2007%2021%20ccf2179a588b4483b257b9a5122edecc/3E6C9F1A-A6E2-4C98-9622-8A09709A91DA.png)

![](21%2007%2021%20ccf2179a588b4483b257b9a5122edecc/3BA24D4C-E6C6-41F2-AA40-10917BC165FF.png)

![](21%2007%2021%20ccf2179a588b4483b257b9a5122edecc/4EB5FDB3-5CB5-4F45-819A-3830D59816AC.png)

![](21%2007%2021%20ccf2179a588b4483b257b9a5122edecc/6D94B395-486B-463B-B118-271CA1266B7D.png)

Блять Алиса Ферапонтов что то бесит, пошла нахуй не лайкает и не пишет мне. Ааа горит, иди нахуй иди нахуй. Тоже самое и Даше относится. Блять, иди нахуй тоже. Идите нахуй блять

Как же я надеюсь, что этот дневник останется приватным и только для моих глаз"
2021-07-21,Дневник,"July 21, 2021 2:41 AM","# 21.07.21

Created: July 21, 2021 6:44 PM
Last Edited: July 22, 2021 1:57 AM
Tags: Дневник

самое крутое еще из питера, это чтто  я расккрепостился.  ходил на пляже спокойно, выдерживал шутки про  соски свои от дани, даже при жанне спокоен был. красавчик, молодец, горжусь тобой!

ля так много всего было, так много впечатлений, эмоций, чувств, новых ощущений, нового опыта, событий, интересных вещей произошло, но так сука лень писать все это, а ттем более сортить как-то...

но мне очень нравится, что я раскрепощаюсь  по  поводу своего тела и спокойно ходил без футболки даже внне пляжа и с даней и жаннной даже, молодчинка

сегодня мамка учила вещи гладить, а вчера стирать их. решил наконец то научиться быту

Ля, ебать я озабоченный и сперматоксикозник все так. Это факты. Я дрочу на фотку Маши в платье и фантазиях о Диане в купальнике... мда, мне нужна девушка, очень срочно. дрочка это мой наркотик уже. без ннего я не смогу мне кажется норм сущестововать. потому что у меня много подруг и все они максимальные красотки. так что это вынужденная мера, чтобы вести себя с ними  как с друзьями, а не девушками в таком понимании... как же хочеца  любимую тяночку. блин еще такое ощущение, будто я стал влюбляться в машу. что не очень хорошо( хотя подрочил и вроде норм стало. а как говориться, сначала подрочи  и если чувство не пропадет, то любовь, а  если пропадет, то забей. ауф

![](21%2007%2021%20ccf2179a588b4483b257b9a5122edecc/ED1A42B9-E64E-4CCE-B2FF-4569F6A31E2A.png)

![](21%2007%2021%20ccf2179a588b4483b257b9a5122edecc/E9DD4A6F-5863-4720-BED7-550578CC3FF8.jpeg)

![](21%2007%2021%20ccf2179a588b4483b257b9a5122edecc/2ABAA73F-09C5-4F17-8F37-474394AD2A97.jpeg)

![](21%2007%2021%20ccf2179a588b4483b257b9a5122edecc/99E81ADC-4A88-4C05-BBA4-D1795DC457B4.png)

![](21%2007%2021%20ccf2179a588b4483b257b9a5122edecc/469BAE24-1343-4FF5-9AD8-717DA81D6E9A.png)

![](21%2007%2021%20ccf2179a588b4483b257b9a5122edecc/498A8400-D6B9-4741-A579-41726D54B614.png)

![](21%2007%2021%20ccf2179a588b4483b257b9a5122edecc/F00D3AF9-BB08-4F75-AD79-3323379A532C.png)

![](21%2007%2021%20ccf2179a588b4483b257b9a5122edecc/59F655A1-E2A8-4F8A-BCCC-E841FF4A835C.png)

![](21%2007%2021%20ccf2179a588b4483b257b9a5122edecc/7C1BB6DB-4FF1-4691-B903-1F6141B51BF1.png)

![](21%2007%2021%20ccf2179a588b4483b257b9a5122edecc/8FAC8E4D-A238-4C05-BE87-1FBC5ECA8119.png)

![](21%2007%2021%20ccf2179a588b4483b257b9a5122edecc/AA488C18-B129-4B67-8C18-DC04BA2FC5B2.png)

Как же мне сейчас нравится мой профиль в инсте, прямо очень эстетично, аааа, крутяк 

![](21%2007%2021%20ccf2179a588b4483b257b9a5122edecc/779C0787-CFD0-4EA9-85A6-6C08448C6C75.png)

![](21%2007%2021%20ccf2179a588b4483b257b9a5122edecc/3E6C9F1A-A6E2-4C98-9622-8A09709A91DA.png)

![](21%2007%2021%20ccf2179a588b4483b257b9a5122edecc/3BA24D4C-E6C6-41F2-AA40-10917BC165FF.png)

![](21%2007%2021%20ccf2179a588b4483b257b9a5122edecc/4EB5FDB3-5CB5-4F45-819A-3830D59816AC.png)

![](21%2007%2021%20ccf2179a588b4483b257b9a5122edecc/6D94B395-486B-463B-B118-271CA1266B7D.png)

Блять Алиса Ферапонтов что то бесит, пошла нахуй не лайкает и не пишет мне. Ааа горит, иди нахуй иди нахуй. Тоже самое и Даше относится. Блять, иди нахуй тоже. Идите нахуй блять

Как же я надеюсь, что этот дневник останется приватным и только для моих глаз"
2021-07-17,Дневник,"July 20, 2021 6:45 PM","# 17.07.21

Created: July 17, 2021 3:13 PM
Last Edited: July 20, 2021 6:45 PM
Tags: Дневник

Ля столько впечатлений за такой короткий срок, ебать. Очень балдежно. Правда плакать хочется от того, насколько хуего жить бедным и таким безударным, неумеющим даже стирать…. А что ещё хуже жить с кем то. Я плакать хотел вчера. Я обгорел везде блять и не мог сначала найти средство от загара нахуй, потом купил просто крем увалажняющий, очень устал пришёл, промылся еле еле, намазался и слава богу быстро уснул и не так сильно болел загар. Но сука это все осознание насколько сложно и трудно жить без денег, одному или блять с рандомамии. ААААААА блять не хочу все того. Надо ебашить, чтобы так не жить не дай бог. А то лучше умереть сразу, чем так жить, честное слово. Боже, как это удачно. Я домой после этого захотел как можно скорее, обратно в комфорт и безопасность в уверенность в завтрашнем дне, что ты не останешься жить на улице. Этого мне не хватает. Ааааах как сука все таки взрослая жизнь сложная штука, я ебал рот

Сейчас сижу в Эрмитаже и сука я так устал так спать хочеца не могу. Лень что то здесь ходить, а уж тем более читать, мне так похуй, просто хожу смотрю, есть ли в этом смысл? Хз, но теперь могу сказать, что я был в Эрмитаже 

Как же я хочу спать нахуй, нбать. Я хочу просто лечь здесь на скамейку и уснуть"
2021-07-16,Дневник,"July 16, 2021 12:02 PM","# 16.07.21

Created: July 16, 2021 12:02 PM
Last Edited: July 16, 2021 12:02 PM
Tags: Дневник

У меня не хватае сил держать спину прямо и мне похуй 

(С) Даня"
2021-07-16,Дневник,"July 17, 2021 3:14 PM","# 16.07.21

Created: July 16, 2021 12:02 PM
Last Edited: July 16, 2021 12:02 PM
Tags: Дневник

У меня не хватае сил держать спину прямо и мне похуй 

(С) Даня"
2021-07-16,Дневник,"July 17, 2021 3:13 PM","# 16.07.21

Created: July 16, 2021 12:02 PM
Last Edited: July 16, 2021 12:02 PM
Tags: Дневник

У меня не хватае сил держать спину прямо и мне похуй 

(С) Даня"
2021-07-14,Дневник,"July 14, 2021 9:55 AM","# 13.07.21

Created: July 14, 2021 2:43 AM
Last Edited: July 14, 2021 9:55 AM
Tags: Дневник

Пиздец… нет слов… Жанна и Даня сосались в сб когда меня не было на хате у дани…. И они не хотели до конца говорить… бля… секреты… от меня… не знаю как себя чувствовать…. Пиздец… я ебал рот я в шоке…. Ооооооох блять…. Сейчас они второй раз ушли говорить вдвоём без меня обсуждать как лучше мне это рассказать…. Сука… на самом деле мне очень сильно обидно боять, что от меня такое скрывают…. Нет слов как я уже скзаал… я разбит даже… не знаю как смотреть теперь им в глаза… я им все секреты рассказала блять!!!! Ааааааааааааааааааааааааааааааааааааааааааааааа сукаааааааааа…. Жанна и Даня сосались… и причём Жанна не только с ним сосалась…. Ой блять я ебал в рот… Жанна куда то ездила к другу (знакомому) и сосалась с ним до этого…. Боять я об этом не знал, а Даня знал………….. Андрей тоже об этом знает и простил Жанну…. Пиздец… а про то что Даня с Жанной сосался он не знает………. Эх боять какой же полнейший пиздец, как мне реагировать? Я в депрессии… я раздавлен всем этим, не могу выделить чем конкретно. Тем что от меня сковывают что то, хотя я и полностью доверяю, потом что Жанна сосалась с Даней а не со мной лол, просто полный пмздец……….. нет слов блять. Сижу на балконе пьяный и пишу это. Я ебал рот эту конченную жизнь. Нахуй я живу? Почему так скучно а с другой стороны так весело? Меня заебало, может умереть нахуй? Суицид? Возможно. Я устал. Меня бесят ебаные люди. Сука стараешься блять, казалось бы, лучшие друзья, одни из самых близких…. И тут на тебе блять такая полставки от близких сука людей…. Мое сердце разбито……………. Как дальше жить????????????????????????????? Я не знаю. Очень тяжело играть в игру под названием жизнь…. Я хочу сдаться. Я устал терпеть всю эту хуйню. Мои лучшие друзья сосались. Ахуеть. Андрей (парень Жанны сейчас) не знает об этом. Ебнуться. Жанна до этого с кем то уже целовалась. Ладно это, но блять то что об этом знал Даня, а я нет…. Это разбивает мне 💔 …. Нет слов 

Пошёл я нахуй. Пошёл я нахуй. Пошёл я нахуй. Пошёл я нахуй. Пошла нахуй жизнь. Пошла нахуй жизнь. Пошла нахуй жизнь. Пошла нахуй жизнь. Пошла нахуй жизнь. Я устал. Я устал. Я устал. Я устал. Я устал. Сдаться! Сдаться?! Сдаться? Как же меня заебало все

Еде Жанна поставила мне 8/10, а Дане 8.75/10… я ещё думал почему а он ещё сказал что знает почему но не скажет… тут то у меня и зародились подозрения… вот оно что оказалось то нахуй… а мне минус баллы во первых тз за того что я много спрашиваю прямых вопросов и уточняющих вопросов… прямо что Даша мне говорила боять…. Вот, что можно было бы понимать по намекам почаще…. Эххх Окей, спасибо за котттку, ч согласен в принципе просто люблю больше спросить чем гадать. Ну и сказала что наверное внешка не совсем в ее вкусе… а так на интуциии сказала ставит и не помнит не может понять за что ещё снизила, но главный критерий что я вот дохуя расспрашиваю человека, чтобы его понять, а хотелось бы взаимопонимания на уровне намеков, чтобы так скажем с полуслова было,  этого мне не хватает 

Блять они все ещё пиздять. Сука как дохуя. Хочу пойти нахуй. Пойду поссу 

Битва принципов и жизни"
2021-07-12,Дневник,"July 13, 2021 11:44 AM","# 12.07.21

Created: July 12, 2021 8:39 AM
Last Edited: July 13, 2021 11:44 AM
Tags: Дневник

Проснулся в поезде, все хорошо. Тут какая то красивая девушка ходит, в очень коротких шортиках мм.

Так вот, про Аню напишу, пока не забыл, а то хз будет время на неделе у меня

Она сказала, что «зато вот спину держишь прямой», что очень приятно, что это заметно посторонним 

Потом просто было множество комплиментов в мою сторону, что я классный и интересный чувак. Говорила, что меня все хвалят на собрании мц (она там сидела, пока мы шли к метро). Все хотят к себе хех. Потом с Сашей когда было интервью у пиарщиков, то она Меня уже знала и видно было, что она хотела со мной познакомиться. Приятно очень, классная девчонка. Аня тоже ахуенная. Покушали ещё с ней в баре для хипстеров, там такой крутой чел заказы принимал. Все чудаки были в татушках, кто то с накрашенными ногтями и тд. Интересное общество.

![](12%2007%2021%200af1b3c541f94550871e1f55a1d36461/F8A838C4-8A8F-4863-B335-3D635AF66503.png)

![](12%2007%2021%200af1b3c541f94550871e1f55a1d36461/074C81A1-C84F-4358-8AFF-253EFDB0A510.jpeg)

![](12%2007%2021%200af1b3c541f94550871e1f55a1d36461/DC9640ED-BBBA-44C7-A861-186BF08CBBC3.jpeg)

![](12%2007%2021%200af1b3c541f94550871e1f55a1d36461/FCC2329F-626B-439F-9D9E-3E3565FE7E84.jpeg)

![](12%2007%2021%200af1b3c541f94550871e1f55a1d36461/CF8AF473-903F-45DF-B543-B562B626A2A2.png)

Бля вот с Веры обидно, хз че она так. Тип могла бы просто ответить, сложно разве? А так грубовато как то, в плане видно что ей похуй на меня. Не то что мы общаемся много, мы почти не общаемся, но все же, хорошие отношения какие между нами есть мне казалось 

а я вот думаю, что все же хочу идти на ведущих в медиа школу. Хочу быть открытые и спокойнее перед людьми и камерой. А это только там научат. А это сейчас для меня важнее других навыков. Научиться программному обеспечению можно и самому при должном желании. А то после того как я постеснялся подойти поговорить с женщиной, спросить нахуя она обмотала чемодан белой пленкой… и задумался, что мне ещё ооооочень долгий путь предстоит в раскрепощении и открытости 

Я хочу быть ведущим! Я хочу быть ведущим!! Я хочу быть ведущим!!!

![](12%2007%2021%200af1b3c541f94550871e1f55a1d36461/3B8C4CDD-12D1-406B-BE46-23829B8DDE01.jpeg)

![](12%2007%2021%200af1b3c541f94550871e1f55a1d36461/745111B9-75F1-43E9-BDA5-EE0843EA891B.jpeg)

![](12%2007%2021%200af1b3c541f94550871e1f55a1d36461/230E02C4-3301-4065-B116-E6E9283BBBF0.jpeg)

![](12%2007%2021%200af1b3c541f94550871e1f55a1d36461/7FF4D87D-2606-4124-A9E3-8AE6E00762DC.jpeg)

![](12%2007%2021%200af1b3c541f94550871e1f55a1d36461/A62E4379-5126-45FE-8D18-3D00A175CF0F.jpeg)

![](12%2007%2021%200af1b3c541f94550871e1f55a1d36461/305BFBF9-1737-480C-9513-636E812D2EC3.png)

![](12%2007%2021%200af1b3c541f94550871e1f55a1d36461/7B5D1030-0077-4044-836D-87A076F4106D.png)

![](12%2007%2021%200af1b3c541f94550871e1f55a1d36461/A2BBB338-E7B9-46C5-9ABD-6B095D1A26C6.png)

![](12%2007%2021%200af1b3c541f94550871e1f55a1d36461/BB036A62-48C0-4F11-BD45-99F5C77DD2D2.jpeg)

![](12%2007%2021%200af1b3c541f94550871e1f55a1d36461/66EEEDB9-3054-4B0A-88F8-FFD0A538078E.jpeg)

![](12%2007%2021%200af1b3c541f94550871e1f55a1d36461/9C70DEB5-1E20-472F-B9FB-5628FA687A65.jpeg)

![](12%2007%2021%200af1b3c541f94550871e1f55a1d36461/A0D0B3F5-C8E9-4566-B2ED-800B95FADB63.jpeg)

![](12%2007%2021%200af1b3c541f94550871e1f55a1d36461/2CE4922C-63FE-40E1-9359-62D3840778FD.png)

![](12%2007%2021%200af1b3c541f94550871e1f55a1d36461/358AF3B9-4ED0-49A5-9BF2-EEAAFCC9770C.png)

![](12%2007%2021%200af1b3c541f94550871e1f55a1d36461/6C7739D5-44A7-4CC2-A429-9FD2920B1F0B.png)

![](12%2007%2021%200af1b3c541f94550871e1f55a1d36461/9FA3CC64-B159-42E3-AE88-8B5FC9A5ADDD.png)

![](12%2007%2021%200af1b3c541f94550871e1f55a1d36461/BDEF12B0-66F5-48CC-B9CB-F311002D7F1E.jpeg)

![](12%2007%2021%200af1b3c541f94550871e1f55a1d36461/F3C3B06C-5BB5-4FD6-A3C3-4B8761B73B6B.png)

![](12%2007%2021%200af1b3c541f94550871e1f55a1d36461/94544893-0F58-4390-832D-9479E67CBD96.png)

![](12%2007%2021%200af1b3c541f94550871e1f55a1d36461/9BD6F346-F96C-4E84-9F54-1F6AAD241E31.png)

[12%2007%2021%200af1b3c541f94550871e1f55a1d36461/IMG_9307.mp4](12%2007%2021%200af1b3c541f94550871e1f55a1d36461/IMG_9307.mp4)"
2021-07-11,Дневник,"July 12, 2021 8:40 AM","# 11.07.21

Created: July 11, 2021 10:11 PM
Last Edited: July 12, 2021 8:40 AM
Tags: Дневник

[11%2007%2021%20c0a15246f9ec4cddabfa61f011289780/IMG_9212.mov](11%2007%2021%20c0a15246f9ec4cddabfa61f011289780/IMG_9212.mov)

Это задание для операторов)))) кринге но похуй

Зассал подходить к женщине спросить зачем она обклеила чемодан( спросил у дани в итоге

![](11%2007%2021%20c0a15246f9ec4cddabfa61f011289780/71CCEE7B-8323-4DCC-947E-13CBB5B33157.jpeg)

![](11%2007%2021%20c0a15246f9ec4cddabfa61f011289780/95E485E8-8C7D-4780-A334-50B4706C1866.jpeg)

![](11%2007%2021%20c0a15246f9ec4cddabfa61f011289780/2725C98F-6FBC-4D39-B37E-9AD5AF36CBC3.jpeg)

![](11%2007%2021%20c0a15246f9ec4cddabfa61f011289780/DF99B6BC-22B5-48F4-8A1A-DB66699756C7.jpeg)

![](11%2007%2021%20c0a15246f9ec4cddabfa61f011289780/25E716CA-287D-462B-B181-EE9C80630ACD.jpeg)

![](11%2007%2021%20c0a15246f9ec4cddabfa61f011289780/AF3BE464-498B-48EB-A1B2-6ACE906818EB.jpeg)

![](11%2007%2021%20c0a15246f9ec4cddabfa61f011289780/33375C7D-D606-4913-82AA-B5D0C76A3489.jpeg)

![](11%2007%2021%20c0a15246f9ec4cddabfa61f011289780/D311B42D-798A-4BFE-A5CC-FB4B9832A744.png)

![](11%2007%2021%20c0a15246f9ec4cddabfa61f011289780/6CCA24AB-E840-43A2-A59C-EBC9D3C23244.jpeg)

![](11%2007%2021%20c0a15246f9ec4cddabfa61f011289780/42968CD2-F28C-479C-BBD4-86A1F0A5A1BE.jpeg)

![](11%2007%2021%20c0a15246f9ec4cddabfa61f011289780/78DCC923-CFBD-4320-BA17-71CEBEBCB09F.jpeg)

![](11%2007%2021%20c0a15246f9ec4cddabfa61f011289780/98D2222D-1C2C-471B-9A43-CF7B9ABF35D4.jpeg)

![](11%2007%2021%20c0a15246f9ec4cddabfa61f011289780/0B888F6A-66A6-4E21-8AC3-35E618E914D5.jpeg)

![](11%2007%2021%20c0a15246f9ec4cddabfa61f011289780/AD448780-42CE-46BB-A160-83504A87073C.jpeg)

![](11%2007%2021%20c0a15246f9ec4cddabfa61f011289780/7ED528E2-9FE8-42F8-BF79-F7DA74669705.jpeg)

![](11%2007%2021%20c0a15246f9ec4cddabfa61f011289780/32D29E90-18D4-45A6-BECE-C46FCE1FA4AC.jpeg)

![](11%2007%2021%20c0a15246f9ec4cddabfa61f011289780/00C7ED1D-55B5-49C2-B5B0-9C3AF9264B82.jpeg)

![](11%2007%2021%20c0a15246f9ec4cddabfa61f011289780/55018E57-5E6C-40E8-BF4C-1D6D6376B99F.jpeg)"
2021-07-10,Дневник,"July 11, 2021 1:41 AM","# 10.07.21

Created: July 10, 2021 2:37 PM
Last Edited: July 11, 2021 1:41 AM
Tags: Дневник

забыл зафиксировать, что даша рассказала некиту на др, что у нее был

1. тройничок, ей не понравилось
2. год лечила венеру, поэтому теперь осторожнее  выбирает  партнеров
3. первый парень был армянином и отношения были  плохими
4. еще что она любит секс и что для нее это очень важно в отношениях

в общем секса у нее дохуя было. парней дохуя было. в интим она могет умеет практикует

Сегодня ходили с Аней Поповой гулять впервые на выставку Сальвадора Дали и Пабло Пикассо. Вторая моя выставка в жизни. Столько всего интересного узнал, но лень писать. Завтра напишу уже. Ещё столько комплиментов получил!!!! Очееееень приятно!!! Аня ахуенная девчонка!!!

![](10%2007%2021%205e564e32efe5459d8defcc2140d9ab0e/5D423439-E7CF-4897-9811-5BE50F3B3E3D.jpeg)

![](10%2007%2021%205e564e32efe5459d8defcc2140d9ab0e/DFD99058-8CE7-4AE1-8734-69ED6B93955B.jpeg)

[10%2007%2021%205e564e32efe5459d8defcc2140d9ab0e/IMG_9176.mov](10%2007%2021%205e564e32efe5459d8defcc2140d9ab0e/IMG_9176.mov)

[10%2007%2021%205e564e32efe5459d8defcc2140d9ab0e/IMG_9185.mov](10%2007%2021%205e564e32efe5459d8defcc2140d9ab0e/IMG_9185.mov)

![](10%2007%2021%205e564e32efe5459d8defcc2140d9ab0e/54F0711E-A9EB-486F-8A45-88C2C2CCB397.jpeg)

![](10%2007%2021%205e564e32efe5459d8defcc2140d9ab0e/9F684F40-2A30-4DC9-B228-0C8155F0BAA4.jpeg)

![](10%2007%2021%205e564e32efe5459d8defcc2140d9ab0e/4B0912C3-38D3-4D4E-A3EF-250E330FC328.jpeg)

![](10%2007%2021%205e564e32efe5459d8defcc2140d9ab0e/986EFA18-95C6-4816-A8F7-576BC6021AFB.jpeg)

![](10%2007%2021%205e564e32efe5459d8defcc2140d9ab0e/3FE2850E-57EC-48C6-95C0-EEE4E5134B1B.jpeg)

![](10%2007%2021%205e564e32efe5459d8defcc2140d9ab0e/AEE1611F-6885-4F2D-8EC7-F3F04EFB3136.jpeg)

![](10%2007%2021%205e564e32efe5459d8defcc2140d9ab0e/F44E827A-1725-415A-8D81-FC6FED6A2495.jpeg)

![](10%2007%2021%205e564e32efe5459d8defcc2140d9ab0e/F98E904E-AC40-4192-B426-369480929E2F.jpeg)

![](10%2007%2021%205e564e32efe5459d8defcc2140d9ab0e/C9F32BA0-1F7B-457C-A82E-AA536B9530A7.jpeg)

![](10%2007%2021%205e564e32efe5459d8defcc2140d9ab0e/03E33341-B72C-4665-B83C-E9CDA9323E04.jpeg)

![](10%2007%2021%205e564e32efe5459d8defcc2140d9ab0e/374BA8F5-2C8A-416F-AD1C-AA064AD0004F.jpeg)

![](10%2007%2021%205e564e32efe5459d8defcc2140d9ab0e/B85591EE-BEAA-455A-9DE3-D575AD350225.jpeg)

![](10%2007%2021%205e564e32efe5459d8defcc2140d9ab0e/3F7555F1-A9C7-470C-89B4-91EE8BB03798.jpeg)

![](10%2007%2021%205e564e32efe5459d8defcc2140d9ab0e/55AE61E9-728C-429F-95E8-708AECBBE8A2.jpeg)

![](10%2007%2021%205e564e32efe5459d8defcc2140d9ab0e/5C5F8506-B1FB-4625-88CF-CD46A433C3AA.jpeg)

![](10%2007%2021%205e564e32efe5459d8defcc2140d9ab0e/460260AE-F7DE-4795-A112-FE25B89FD14D.jpeg)

![](10%2007%2021%205e564e32efe5459d8defcc2140d9ab0e/ACF7BB17-FAF4-4314-90BF-9202886C8224.jpeg)

![](10%2007%2021%205e564e32efe5459d8defcc2140d9ab0e/890BB86B-0BBF-481D-8EA9-8D07A24584A8.jpeg)

![](10%2007%2021%205e564e32efe5459d8defcc2140d9ab0e/88DD40FF-E589-4AEA-AFB5-4FD53822AD7E.jpeg)

![](10%2007%2021%205e564e32efe5459d8defcc2140d9ab0e/9A483C03-9A6F-4A75-B435-56640E109721.jpeg)

![](10%2007%2021%205e564e32efe5459d8defcc2140d9ab0e/6EE9BCB1-1DBF-4E5D-8493-8D82B4D7A2A8.png)

Так похуй на соски, потому что я люблю себя таким какой я есть!

3 хорошие вещи

1. Прошёл собес пиар и познакомился с Сашей, классная девчонка
2. Погулял с Аней
3. Получил множество комплиментов от неё! <3"
2021-07-10,Дневник,"July 10, 2021 2:16 AM","# 10.07.21

Created: July 10, 2021 2:37 PM
Last Edited: July 11, 2021 1:41 AM
Tags: Дневник

забыл зафиксировать, что даша рассказала некиту на др, что у нее был

1. тройничок, ей не понравилось
2. год лечила венеру, поэтому теперь осторожнее  выбирает  партнеров
3. первый парень был армянином и отношения были  плохими
4. еще что она любит секс и что для нее это очень важно в отношениях

в общем секса у нее дохуя было. парней дохуя было. в интим она могет умеет практикует

Сегодня ходили с Аней Поповой гулять впервые на выставку Сальвадора Дали и Пабло Пикассо. Вторая моя выставка в жизни. Столько всего интересного узнал, но лень писать. Завтра напишу уже. Ещё столько комплиментов получил!!!! Очееееень приятно!!! Аня ахуенная девчонка!!!

![](10%2007%2021%205e564e32efe5459d8defcc2140d9ab0e/5D423439-E7CF-4897-9811-5BE50F3B3E3D.jpeg)

![](10%2007%2021%205e564e32efe5459d8defcc2140d9ab0e/DFD99058-8CE7-4AE1-8734-69ED6B93955B.jpeg)

[10%2007%2021%205e564e32efe5459d8defcc2140d9ab0e/IMG_9176.mov](10%2007%2021%205e564e32efe5459d8defcc2140d9ab0e/IMG_9176.mov)

[10%2007%2021%205e564e32efe5459d8defcc2140d9ab0e/IMG_9185.mov](10%2007%2021%205e564e32efe5459d8defcc2140d9ab0e/IMG_9185.mov)

![](10%2007%2021%205e564e32efe5459d8defcc2140d9ab0e/54F0711E-A9EB-486F-8A45-88C2C2CCB397.jpeg)

![](10%2007%2021%205e564e32efe5459d8defcc2140d9ab0e/9F684F40-2A30-4DC9-B228-0C8155F0BAA4.jpeg)

![](10%2007%2021%205e564e32efe5459d8defcc2140d9ab0e/4B0912C3-38D3-4D4E-A3EF-250E330FC328.jpeg)

![](10%2007%2021%205e564e32efe5459d8defcc2140d9ab0e/986EFA18-95C6-4816-A8F7-576BC6021AFB.jpeg)

![](10%2007%2021%205e564e32efe5459d8defcc2140d9ab0e/3FE2850E-57EC-48C6-95C0-EEE4E5134B1B.jpeg)

![](10%2007%2021%205e564e32efe5459d8defcc2140d9ab0e/AEE1611F-6885-4F2D-8EC7-F3F04EFB3136.jpeg)

![](10%2007%2021%205e564e32efe5459d8defcc2140d9ab0e/F44E827A-1725-415A-8D81-FC6FED6A2495.jpeg)

![](10%2007%2021%205e564e32efe5459d8defcc2140d9ab0e/F98E904E-AC40-4192-B426-369480929E2F.jpeg)

![](10%2007%2021%205e564e32efe5459d8defcc2140d9ab0e/C9F32BA0-1F7B-457C-A82E-AA536B9530A7.jpeg)

![](10%2007%2021%205e564e32efe5459d8defcc2140d9ab0e/03E33341-B72C-4665-B83C-E9CDA9323E04.jpeg)

![](10%2007%2021%205e564e32efe5459d8defcc2140d9ab0e/374BA8F5-2C8A-416F-AD1C-AA064AD0004F.jpeg)

![](10%2007%2021%205e564e32efe5459d8defcc2140d9ab0e/B85591EE-BEAA-455A-9DE3-D575AD350225.jpeg)

![](10%2007%2021%205e564e32efe5459d8defcc2140d9ab0e/3F7555F1-A9C7-470C-89B4-91EE8BB03798.jpeg)

![](10%2007%2021%205e564e32efe5459d8defcc2140d9ab0e/55AE61E9-728C-429F-95E8-708AECBBE8A2.jpeg)

![](10%2007%2021%205e564e32efe5459d8defcc2140d9ab0e/5C5F8506-B1FB-4625-88CF-CD46A433C3AA.jpeg)

![](10%2007%2021%205e564e32efe5459d8defcc2140d9ab0e/460260AE-F7DE-4795-A112-FE25B89FD14D.jpeg)

![](10%2007%2021%205e564e32efe5459d8defcc2140d9ab0e/ACF7BB17-FAF4-4314-90BF-9202886C8224.jpeg)

![](10%2007%2021%205e564e32efe5459d8defcc2140d9ab0e/890BB86B-0BBF-481D-8EA9-8D07A24584A8.jpeg)

![](10%2007%2021%205e564e32efe5459d8defcc2140d9ab0e/88DD40FF-E589-4AEA-AFB5-4FD53822AD7E.jpeg)

![](10%2007%2021%205e564e32efe5459d8defcc2140d9ab0e/9A483C03-9A6F-4A75-B435-56640E109721.jpeg)

![](10%2007%2021%205e564e32efe5459d8defcc2140d9ab0e/6EE9BCB1-1DBF-4E5D-8493-8D82B4D7A2A8.png)

Так похуй на соски, потому что я люблю себя таким какой я есть!

3 хорошие вещи

1. Прошёл собес пиар и познакомился с Сашей, классная девчонка
2. Погулял с Аней
3. Получил множество комплиментов от неё! <3"
2021-07-08,Дневник,"July 9, 2021 2:21 AM",
2021-07-08,Дневник,"July 9, 2021 1:09 AM",
2021-07-07,Дневник,"July 7, 2021 3:10 PM",
2021-07-05,Дневник,"July 6, 2021 2:30 AM",
2021-07-04,Дневник,"July 5, 2021 4:22 AM",
2021-07-04,Дневник,"July 4, 2021 2:36 AM",
2021-07-02,Дневник,"July 3, 2021 2:12 AM",
2021-07-01,Дневник,"July 2, 2021 12:42 AM",
2021-07-01,Дневник,"July 1, 2021 1:54 AM",
2021-06-30,Дневник,"June 30, 2021 2:03 AM","# 29.06.21

Created: June 30, 2021 12:03 AM
Last Edited: June 30, 2021 2:03 AM
Tags: Дневник

нихуя к физосу не готовился и в итоге как пуська даже не пошел... просто спать решил. пизда

получил седня временное удостоверение личности и потом хотел проверить можно ли по нему  купить алкашку и  мне сказала на кассе нет, потом то я пришел  чекнул и в итоге чел уебан, напиздел  мне долбоебик. можно  все по нему  купить мудила  тупой

Ещё прикупил себе повязку на голову, чёт хз захотелось такую штукенцию

![](29%2006%2021%20309cbcb215bd4791a9376d1c952bbc94/042D16EB-01E5-450A-A506-D45AECB5697D.jpeg)

![](29%2006%2021%20309cbcb215bd4791a9376d1c952bbc94/8B1835A5-44F1-430E-BA01-33D7B86D2B93.jpeg)

![](29%2006%2021%20309cbcb215bd4791a9376d1c952bbc94/ABDFC86C-E0FA-4811-8BB5-76CA3268CD79.jpeg)

Фоточка в лифте 

![](29%2006%2021%20309cbcb215bd4791a9376d1c952bbc94/155BB10B-FCDD-4D2D-9404-5E3E443EEB7E.jpeg)

Ещё наконец то на телеф купил такую вещь 

![](29%2006%2021%20309cbcb215bd4791a9376d1c952bbc94/ECFD7B17-370B-4195-B8C5-EA6EEC336D2D.jpeg)

![](29%2006%2021%20309cbcb215bd4791a9376d1c952bbc94/1F711526-4A4F-4377-9088-60313EFF9585.jpeg)

Чтобы телеф было удобно держать 

Завтра пойду снова в магнит к тому же кассиру и куплю себе честер, это уже принципиально или я пуси. Потому что он еблан тупой

![](29%2006%2021%20309cbcb215bd4791a9376d1c952bbc94/A9BD7786-1BB1-4FF1-AEB0-8588A3E46FFD.jpeg)

![](29%2006%2021%20309cbcb215bd4791a9376d1c952bbc94/8FFFF89F-8E26-4038-A5E7-4327DDBC420D.jpeg)

![](29%2006%2021%20309cbcb215bd4791a9376d1c952bbc94/9B227117-D27A-41EB-AFA0-1F7796F34893.jpeg)

![](29%2006%2021%20309cbcb215bd4791a9376d1c952bbc94/975FCF43-2541-4D18-AA41-F05765CA43F4.jpeg)

![](29%2006%2021%20309cbcb215bd4791a9376d1c952bbc94/44B9D798-7809-4B74-AC05-9DF5CEA39ED8.jpeg)

![](29%2006%2021%20309cbcb215bd4791a9376d1c952bbc94/BF98EB6C-9168-4C0B-AC59-C41016380743.jpeg)

![](29%2006%2021%20309cbcb215bd4791a9376d1c952bbc94/8FB7B91E-018B-4BE1-A030-12B1AB438E0A.png)

![](29%2006%2021%20309cbcb215bd4791a9376d1c952bbc94/AC5B8B56-365A-4AA9-ADBF-3E9A52B110DD.jpeg)

![](29%2006%2021%20309cbcb215bd4791a9376d1c952bbc94/870BFCA7-116A-486D-B195-BDF1535D4D7C.jpeg)

ля как  же у меня дохуя белого гноя выходит из носа. я чисто каждый день могу выдавливать килограммы наверное из  него, он там так быстро респавнится  что  пиздец. хз что  делать с этим. еще такой запах необычный как я выдавлю все споты.  довольно приятный как не странно, необычный возможно. такие дела

бля надо общефиз  все таки сдать на пересде иначе пизда, не хочу оставлять на август вот прям никак. надо выучить эту хуйню.  говорят это изи сделать, к тому же у меня есть все билеты расписанные, так что вообще не вижу  проблемы. книги все тоже есть, так что в чем проблема вообще? давай, соберись братан, дисциплина нужна. вон выше есть картинка прямо в тему, прочитай и замотивируйся давай, все ты можешь, только соберись

завтра  еще походу списки на военку вывесят, интересно, после всей этой хуйни пройду ли я на нее?? мне кажется нет лол. ну  ладно, я  попытался, попробовал хотя бы. будь что будет. аа так устал че то писать и делать, ничего не хочу.

хочу только любимую девушку, обнять ее крепко крепко, взять за руку другой рукой и лежать так смотреть что нибудь или просто  разговаривать. периодически ее нежно целовать, чувствовать ее тепло, быть рядом с ней, просто быть с ней... больше я ничего не хочу((

почему мне так не везет в романтических отношениях...?( ээээх, тяжело дается это, тяжело. я понимаю, что сдаваться нельзя и надо продолжать двигаться вперед, но просто... нужна перезагрузка, глоток  свежего воздуха... собрать все силы, очистить сознание от неудач и на увериничах двигаться дальше! я верю  в тебя брат!

еще решил сегодня дашу поздравить с тем, что она на бюджет перешал, рад за нее искренне, она так долго и упорно к этому шла, что я не мог ее не поздравить. а узнал я это отт насти дмитрук. она про деканат спрашивала и обмолвилась про дашу, что раз она смогла, то и ей надо пытаться.

![](29%2006%2021%20309cbcb215bd4791a9376d1c952bbc94/Screenshot_2021-06-30_at_00.37.21.png)

эх, это мило выглядит. а я уж думал мы больше не будем общаться. потому что до этого в течении недели я ей скидывал два мема один в вк другой в инсте и в ответ получил ничего. я начал думать что она не хочет больше со мной общаться и своими ответами (игнором) намекает мне. а руки болят писать  лень... ладно, а вот нет оказывается, я ошибался. даже сама спросила как я. приятно. вообще у меня была идея до этого спросить у нее прямо  ""я так понимаю, мы больше  не будем общаться?"" но подумал что это неуместно. типо раньше у нас были близкие отношения, поэтому такие реакции обидчивые, а сейчас, то я хз кто мы, что то на подобии хороших знакомых наверное и поэтому здесь меньше требований, так назовем, поэтому такое отношение вполне норм, как бы не буду же я  заставлять рандомного человека беспокоиться и переживать за меня, правда? ну вот, здесь  такая же история. если не хочет - не отвечает, хочет - отвечает,  ее  дело. считаю, что это было правильное решение не писать. а то она мне прямо говорила что не любит мои разговоры и они ее заебали и вот я снова бы начал такой разговор... причем я согласен с ней здесь, это было бы сейчас точно лишнее. мы уже и так час разговаривали на эту тему, на тему нас и кто мы дальше будем. целый час я спрашивал повторные вопросы и получил все ответы что хотел и теперь  снова задам такой же вопрос... это заебывает, согласен...

еще шуточка с братом

![](29%2006%2021%20309cbcb215bd4791a9376d1c952bbc94/Screenshot_2021-06-30_at_00.41.53.png)

заскедулил пост в тг через функцию тг впервые, а не бота стороннего

![](29%2006%2021%20309cbcb215bd4791a9376d1c952bbc94/Screenshot_2021-06-30_at_01.50.29.png)

![](29%2006%2021%20309cbcb215bd4791a9376d1c952bbc94/Screenshot_2021-06-30_at_01.50.25.png)

кста с дашей так лампово поговорили, прямо почти как в старые времена  (на первых этапах знакомства)

блять удалил скрин с переводом денег жанне( там ккрч я ей 4к возвращал после отмены тусы влада и написал что то типо ""спасибо за прекрасную ночь это был лучший час в моей жизни"" ахпхахпап ну зарофлил про проститутку. она оценила)

жаль правда туса накрылась(( все переобулись и никто не пошел на фанвстречу

ля люблю корги и немецких овчарок. самые классные породы собак

ладно уже 2  часа ночи надо сделать план на завтра (сегодня) и идти уже спать

давай, сладких снов милый

блять я же димасику  предложил седня в бар сгонять. это все спонтанно так произошло он сказал что уезжает послезавтра... а потом еще и сам ответил неопределенно. типо если дел не будет то ок... блять ненавижу такое. мне же пиздошить мильон лет сука. ааа блять. как мне планировать теперь завтрашний день..?? сука блять че то сгорел сейчас с осознания этого.. ССССССУКА

ля как же хочу выложить фотку в костюме горничной ебать. чисто чтобы преодолеть внутренние барьеры свои. но сука боюсь осуждения все  таки и негаитвной реакции да просто что это кринж будет(( ээээх"
2021-06-28,Дневник,"June 28, 2021 4:51 PM","# 28.06.21

Created: June 28, 2021 4:30 PM
Last Edited: June 28, 2021 4:51 PM
Tags: Дневник

съездил  отдал на военку доки все, наконец то с военкой я все сделал блять!!! сука наконец то, как она меня заебала. когда  домой ехал, то пизда там дождь был, молнии, гром, пиздейшн. еще два раза сел на эльку которая не до пд ехала... повезло повезло

оо вот мои оценочки ебать почти все закрыл, только общефиз остался

![](28%2006%2021%20892d0d3c76e8404eb750a3a1dfd95a65/Screenshot_2021-06-28_at_16.50.34.png)

![](28%2006%2021%20892d0d3c76e8404eb750a3a1dfd95a65/Screenshot_2021-06-28_at_16.50.27.png)"
2021-06-27,Дневник,"June 28, 2021 2:00 AM","# 27.06.21

Created: June 27, 2021 3:03 AM
Last Edited: June 28, 2021 2:00 AM
Tags: Дневник

![](27%2006%2021%2060ac0d4963394789861f51aab83502da/A7600DC5-5C16-4B3E-B043-506D3463C3FA.jpeg)

![](27%2006%2021%2060ac0d4963394789861f51aab83502da/93F6D88D-7BE8-4A29-8058-54CECA99C56B.jpeg)

![](27%2006%2021%2060ac0d4963394789861f51aab83502da/51827828-076C-4C4A-AEAA-8F456BC9F696.jpeg)

[27%2006%2021%2060ac0d4963394789861f51aab83502da/IMG_8115.mov](27%2006%2021%2060ac0d4963394789861f51aab83502da/IMG_8115.mov)

![](27%2006%2021%2060ac0d4963394789861f51aab83502da/6D912E28-FE7C-4DB6-8CAE-9BF774E01A1C.jpeg)

[27%2006%2021%2060ac0d4963394789861f51aab83502da/IMG_8104.mp4](27%2006%2021%2060ac0d4963394789861f51aab83502da/IMG_8104.mp4)

Я НЕ ЗНАЮ ЛЮБЛЮ ЛИ  Я ДИАНУ ИЛИ НЕТ ААААА БЛЯТЬ СУКА ДАША  НАХУЙ  Я ЕБАЛ  В РОТ НУ НАХУЯ ДАША БЛЯТЬ ПОЧЕМУ  ТЫ ТАКАЯ ЕБНУТАЯ???????? так проще было  бы если бы ты просто любила мення взаимно.... это я еще не рассказал что было между нами на др....

еще как видно на фотках в прошлом дне, то  я ходил без футболки на людях!! я очень горд этим фактом, потому что я начал принимать себя таким какой я есть внешне!!! дааааа!!! и у меня огромные шаги были предприняты и я уже себя гораздо увереннее чувствую!! красавчик, похуй на эту гинекомастию брат, будь собой

сорвалось купание с подругами даши - настя и  вика и саомй дашей...((( грустно но ладно

ой че то девушки девушки я ебал рот че с вами делать то, не хочу быть один но и не хочу кого то использовать.... ох ох ох че же так сложно найти любовь искреннюю?? да бля, сейчас я так понимаю мне нужнен чисто секс без обязательств, отношеия друзья с привилегиями. где бы такое ннайти??? даша блять была моей любовью... но не судьба. к диане я такого не чусствую, да и после сосания с дашей...

эээз какой же я ахуенный на  фотках все таки

ох слава богу большюу часть всего контента моей жизни я залил, хотя я многими эмоциями и  чувствами не поделился((( ну ладно, хоть так пусть будте

сука как заебала эта ломаная клава моего ммака ебаная, все по двое пишет. хз че делать с ней....

ох поговорили седня с дианой. про чувства и наши отношения. такой разговор нелокий был пизда. я  вообще хз что гооврить. но вроде  норм сказал в итоге, что у меня нет таких сильных  чувств к ней чтобы начинать отношения. хорошие друзья - ок. вот, вроде мы теперь кореши

потом еще с  тимычем сразу побазарили обсудили этот случай

че за день блять. нихуя не делал и нихуя не хочу.

сегодня я зафрендзонил диану, она сказала, что у нее были чувства ко  мне...

а даша признала, что я ей  нравлюсь,  но чисто из за того, что я люблю обсуждать  ситуации и говорить с ней о них, то она не думает,  что нам стоит встречаться... тимыч сказал такую  мысль, что возможно ей не хватило чувств...

![](27%2006%2021%2060ac0d4963394789861f51aab83502da/photo_2021-06-28_01.50.49.jpeg)

![](27%2006%2021%2060ac0d4963394789861f51aab83502da/photo_2021-06-28_01.50.50.jpeg)

![](27%2006%2021%2060ac0d4963394789861f51aab83502da/photo_2021-06-28_01.50.48.jpeg)

![](27%2006%2021%2060ac0d4963394789861f51aab83502da/photo_2021-06-28_01.50.47.jpeg)

![](27%2006%2021%2060ac0d4963394789861f51aab83502da/photo_2021-06-28_01.50.46.jpeg)

![](27%2006%2021%2060ac0d4963394789861f51aab83502da/photo_2021-06-28_01.50.44.jpeg)

![](27%2006%2021%2060ac0d4963394789861f51aab83502da/photo_2021-06-28_01.50.45.jpeg)

![](27%2006%2021%2060ac0d4963394789861f51aab83502da/photo_2021-06-28_01.50.42.jpeg)

![](27%2006%2021%2060ac0d4963394789861f51aab83502da/photo_2021-06-28_01.50.41.jpeg)

бля сегодня еще некит че то  в канале заныл и обиженку  выстроил и ливул с каала моего, потом правда вернулся, но была мега  странная ситуация. он просто тимура нахуй послал... ох, в общем тимур не выкупает такого, а я не хочу видеть негатив у себя  на каале

как же мне тяжело  пережить отказ даши.... я так ее люблю, серьезно, моя первая настоящая любовь...  эээх"
2021-06-27,Дневник,"June 28, 2021 2:00 AM","# 27.06.21

Created: June 27, 2021 3:03 AM
Last Edited: June 28, 2021 2:00 AM
Tags: Дневник

![](27%2006%2021%2060ac0d4963394789861f51aab83502da/A7600DC5-5C16-4B3E-B043-506D3463C3FA.jpeg)

![](27%2006%2021%2060ac0d4963394789861f51aab83502da/93F6D88D-7BE8-4A29-8058-54CECA99C56B.jpeg)

![](27%2006%2021%2060ac0d4963394789861f51aab83502da/51827828-076C-4C4A-AEAA-8F456BC9F696.jpeg)

[27%2006%2021%2060ac0d4963394789861f51aab83502da/IMG_8115.mov](27%2006%2021%2060ac0d4963394789861f51aab83502da/IMG_8115.mov)

![](27%2006%2021%2060ac0d4963394789861f51aab83502da/6D912E28-FE7C-4DB6-8CAE-9BF774E01A1C.jpeg)

[27%2006%2021%2060ac0d4963394789861f51aab83502da/IMG_8104.mp4](27%2006%2021%2060ac0d4963394789861f51aab83502da/IMG_8104.mp4)

Я НЕ ЗНАЮ ЛЮБЛЮ ЛИ  Я ДИАНУ ИЛИ НЕТ ААААА БЛЯТЬ СУКА ДАША  НАХУЙ  Я ЕБАЛ  В РОТ НУ НАХУЯ ДАША БЛЯТЬ ПОЧЕМУ  ТЫ ТАКАЯ ЕБНУТАЯ???????? так проще было  бы если бы ты просто любила мення взаимно.... это я еще не рассказал что было между нами на др....

еще как видно на фотках в прошлом дне, то  я ходил без футболки на людях!! я очень горд этим фактом, потому что я начал принимать себя таким какой я есть внешне!!! дааааа!!! и у меня огромные шаги были предприняты и я уже себя гораздо увереннее чувствую!! красавчик, похуй на эту гинекомастию брат, будь собой

сорвалось купание с подругами даши - настя и  вика и саомй дашей...((( грустно но ладно

ой че то девушки девушки я ебал рот че с вами делать то, не хочу быть один но и не хочу кого то использовать.... ох ох ох че же так сложно найти любовь искреннюю?? да бля, сейчас я так понимаю мне нужнен чисто секс без обязательств, отношеия друзья с привилегиями. где бы такое ннайти??? даша блять была моей любовью... но не судьба. к диане я такого не чусствую, да и после сосания с дашей...

эээз какой же я ахуенный на  фотках все таки

ох слава богу большюу часть всего контента моей жизни я залил, хотя я многими эмоциями и  чувствами не поделился((( ну ладно, хоть так пусть будте

сука как заебала эта ломаная клава моего ммака ебаная, все по двое пишет. хз че делать с ней....

ох поговорили седня с дианой. про чувства и наши отношения. такой разговор нелокий был пизда. я  вообще хз что гооврить. но вроде  норм сказал в итоге, что у меня нет таких сильных  чувств к ней чтобы начинать отношения. хорошие друзья - ок. вот, вроде мы теперь кореши

потом еще с  тимычем сразу побазарили обсудили этот случай

че за день блять. нихуя не делал и нихуя не хочу.

сегодня я зафрендзонил диану, она сказала, что у нее были чувства ко  мне...

а даша признала, что я ей  нравлюсь,  но чисто из за того, что я люблю обсуждать  ситуации и говорить с ней о них, то она не думает,  что нам стоит встречаться... тимыч сказал такую  мысль, что возможно ей не хватило чувств...

![](27%2006%2021%2060ac0d4963394789861f51aab83502da/photo_2021-06-28_01.50.49.jpeg)

![](27%2006%2021%2060ac0d4963394789861f51aab83502da/photo_2021-06-28_01.50.50.jpeg)

![](27%2006%2021%2060ac0d4963394789861f51aab83502da/photo_2021-06-28_01.50.48.jpeg)

![](27%2006%2021%2060ac0d4963394789861f51aab83502da/photo_2021-06-28_01.50.47.jpeg)

![](27%2006%2021%2060ac0d4963394789861f51aab83502da/photo_2021-06-28_01.50.46.jpeg)

![](27%2006%2021%2060ac0d4963394789861f51aab83502da/photo_2021-06-28_01.50.44.jpeg)

![](27%2006%2021%2060ac0d4963394789861f51aab83502da/photo_2021-06-28_01.50.45.jpeg)

![](27%2006%2021%2060ac0d4963394789861f51aab83502da/photo_2021-06-28_01.50.42.jpeg)

![](27%2006%2021%2060ac0d4963394789861f51aab83502da/photo_2021-06-28_01.50.41.jpeg)

бля сегодня еще некит че то  в канале заныл и обиженку  выстроил и ливул с каала моего, потом правда вернулся, но была мега  странная ситуация. он просто тимура нахуй послал... ох, в общем тимур не выкупает такого, а я не хочу видеть негатив у себя  на каале

как же мне тяжело  пережить отказ даши.... я так ее люблю, серьезно, моя первая настоящая любовь...  эээх"
2021-06-24,Дневник,"June 24, 2021 1:11 AM","# 24.06.21

Created: June 24, 2021 1:11 AM
Last Edited: June 24, 2021 1:11 AM
Tags: Дневник

так голова болит чет надо идти спать седня теормех в 9 а я ниче не знаю..."
2021-06-23,Дневник,"June 24, 2021 1:11 AM","# 23.06.21

Created: June 23, 2021 11:23 AM
Last Edited: June 24, 2021 1:09 AM
Tags: Дневник

ой мне столько есть всего рассказать

1. сегодня вика мне первый лайк в инсте поставила на пост про др и в друзья в вк приняла спустя наверное месяц+ весения моей  заявки, приятно
2. настя позвала с ней и викой купаться в карьер дзержинский, круто
3. написал гоодный пост серьезный в тг про 20ие"
2021-06-23,Дневник,"June 24, 2021 1:09 AM","# 23.06.21

Created: June 23, 2021 11:23 AM
Last Edited: June 24, 2021 1:09 AM
Tags: Дневник

ой мне столько есть всего рассказать

1. сегодня вика мне первый лайк в инсте поставила на пост про др и в друзья в вк приняла спустя наверное месяц+ весения моей  заявки, приятно
2. настя позвала с ней и викой купаться в карьер дзержинский, круто
3. написал гоодный пост серьезный в тг про 20ие"
2021-06-21,Дневник,"June 21, 2021 11:54 AM","# 20.06.21

Created: June 21, 2021 12:51 AM
Last Edited: June 23, 2021 1:50 AM
Tags: Дневник

Хорошие вещи за день

1. Приятно очень

![](20%2006%2021%204b8588fc0fb14763b516356f07f81ed5/88E8AD1A-5460-4855-947F-F0198DE48619.png)

2. Нашёл место для отпраздыванич др

3. Позвал кучу друзей на др!

Волнуюсь но думаю все пройдёт хорошо. Похуй, будь что будет, расслабься Васян"
2021-06-21,Дневник,"June 23, 2021 1:50 AM","# 20.06.21

Created: June 21, 2021 12:51 AM
Last Edited: June 23, 2021 1:50 AM
Tags: Дневник

Хорошие вещи за день

1. Приятно очень

![](20%2006%2021%204b8588fc0fb14763b516356f07f81ed5/88E8AD1A-5460-4855-947F-F0198DE48619.png)

2. Нашёл место для отпраздыванич др

3. Позвал кучу друзей на др!

Волнуюсь но думаю все пройдёт хорошо. Похуй, будь что будет, расслабься Васян"
2021-06-20,Дневник,"June 20, 2021 8:47 AM","# 17.06.21

Created: June 20, 2021 8:43 AM
Last Edited: June 20, 2021 8:47 AM
Tags: Дневник

мда пишу уже спустя 4 дня что было в этот день, хз правильно это или нет... кажется, что не очень хорошо, так уже не дневник  а просто летопись чистая получается. ннууууу... давай так попробуем потом посмотрим к чему приведет нас  это"
2021-06-20,"Дневник, Переживания","June 20, 2021 8:39 AM","# 17.06.21

Created: June 20, 2021 8:43 AM
Last Edited: June 20, 2021 8:47 AM
Tags: Дневник

мда пишу уже спустя 4 дня что было в этот день, хз правильно это или нет... кажется, что не очень хорошо, так уже не дневник  а просто летопись чистая получается. ннууууу... давай так попробуем потом посмотрим к чему приведет нас  это"
2021-06-16,Дневник,"June 16, 2021 6:15 AM","# 16.06.21

Created: June 16, 2021 5:29 AM
Last Edited: June 16, 2021 6:15 AM
Tags: Дневник

надеюсь я сдам интуры!! нет, я сегодня сдам интуры!!!

надо  идти подготовить  все для сдачи, шпоры и практику поклеить примеры решения

минус 2((( обидно немного все же

![](16%2006%2021%20e422c143d2634b6b851b8c494061fd39/Screenshot_2021-06-16_at_05.30.27.png)

особенно это... было 27(( эх

![](16%2006%2021%20e422c143d2634b6b851b8c494061fd39/Screenshot_2021-06-16_at_05.30.53.png)

нихуя коннечно у меня средний балл на 5 сотых изменился в низ из за тфкп, а за проект до этого поднялся на 3 хммм странно как то

![](16%2006%2021%20e422c143d2634b6b851b8c494061fd39/Screenshot_2021-06-16_at_06.14.18.png)"
2021-06-15,"Дневник, Отношения","June 16, 2021 5:29 AM","# 15.06.21

Created: June 15, 2021 11:31 AM
Last Edited: June 16, 2021 5:29 AM
Tags: Дневник, Отношения

[15%2006%2021%20f33f372b9ee24f8c881f99e8779ee9ad/IMG_8136.mp4](15%2006%2021%20f33f372b9ee24f8c881f99e8779ee9ad/IMG_8136.mp4)

аааа блять вспоминая наш недавний разговор с димасом сразу вспоминается момент между мной и дашей, где я ей признался в чувствах и она вкинула что-то типо ""ну почему  нельзя любить за характер"" ой я прямо пока писал забыл как это было. но что то типо  того. посыл быт тот что тип я пидорас что не могу просто любить ее за  характер = быть ее другом, а не парнем. блять. женщина. я просто в ахуе.  после всего что было она это реально сказала.... блять я в ахуе с женщин

ааа еще с чего я был в ахуе немного это то, что дима - гей. ага. я не ожидал и не задумывался о таком даже до этого. думал ну натурал и всё. а оно вот как оказывается интересно. еще он там с челом сосался одним который  тоже был на тусе, но он уже натурал... ой парни что алкоголь вас заставляет делать....

это было неожиданно, но мне лично похуй гей не гей дима. он так и останется крутым челом. поэтому я нне вижу проблем, если он не будет нарушать моих личных границ потому что я не гей и мне это неприятно. а так все. он этого не делает так что ничего не изменилось в моем  отношении к нему

но сука я нааонец то получил пруф что я  нравился  даше!!1 ай  блять как же все же бесит что она там во время всего этого нашла какого то  еще парня ебаного. блять если я потом узнаю что она с ним сосалась или обнималась долго долго или трахалась или они лапали друг друг... я не выдержу такого удара мне кажется. это будет удар ниже пояса... даже пиша (блять какое слово я ищу а похуй) у меня заколотило сердце и прям злость появилась. мда. представляю это и так мерзко и неприятно. как даша лежит в общаге на кровати своей комнаты. какой то еблан рядом с ней. обнимает ее, держит за ручку нежно, гладит по голове!!! хотя она этого не любит, но ему позволяет это делать, возмжно она думает как  ей хорошо со мной,  но я не решаюсь на тактилки. а он решился и она не сопротивлялась, ннужно было просто взять за руку на мужика и ларчик бы открылся... но я так не сделал и поэтому она сейчас лежит с ним, они вплотную прильнулись своими телами. ощущают тепло друг друга, романтическая такая атмосфера и вот они смотрят друг на друга, говоря пару слов или ничего не говоря и он страстно целует её. они ложатся нна кроватти, он сверху, они обннимают друг друга и уже оба хотят друг друга явно. трогают за грудь, за жопу, лицо и вот они начинают сосаться с языком и все плавно переходит в жаркий секс.... мда, после такого хочется только лечь и плакать. ебать у  меня фантазия конечно.  а вот если такого плана что то реально было, то я просто буду уничтожен морально... и у меня сильное наитие. что что то такое было на самом деле, как бы  девочка красивая, из общаги, да и онна сама говорила, что много кто пытался начать с ней отношения... поэтому как минимум поцелуй нормальный, а не как у нас получился секунду и то так, поверхностно я бы скзаал, так он был такое ощущение с кем нибудь. причем такой нормальный поцелуй, именно старстный. ооох а  если секс был  то я ваще умру нахуй от раздражения и обиды... блять ебаная даша. иди нахуй  из моей головы. 

боже почему я так к ней привязался, да за что сука. я только и думаю о ней когда начинаю думать о девушках. сука. да столько прекрасных еще девушек есть около меня да и просто. но нет блять, я зациклился на одной, которая мне отказала. на закрытой, с ебучей шизой в голове, которая сама не знает чего хочет, которая обманывает, боится. аааааа блять. пошло все нахуй просто я в  ахуях. может это и есть любовь? или мой прайд что это уже МОЯ девушка и если я не  завоюю её, то я  не  мужик? я не знаю, честно, нельзя быть уверенным точно. все что я знаю точно, это мои чувства к ней, они есть, что я  часто  думаю о ней, сожалею о том что она мне отказала и думаю, что она сделала неправильный выбор и у меня есть сильная уверенность внутренняя, что если бы она сказала да, то я бы смог помочь  ей, изменить ее в лучшую сторону. как и она бы меня изменила.... сделала бы лучше. мы бы вместе работали бы над нашими изъянами... да блять сука ну отъебись ты от меня

столько девушек, а я привязался к одной, которой похуй на отношения со мной....

как бы  да...

![](15%2006%2021%20f33f372b9ee24f8c881f99e8779ee9ad/Screenshot_2021-06-16_at_05.24.31.png)

причем андрей вообще ливнул, даже из канала. а тимур просто по рофлу это сделал, я спросил у них. вот ответы

![](15%2006%2021%20f33f372b9ee24f8c881f99e8779ee9ad/Screenshot_2021-06-16_at_05.25.32.png)

![](15%2006%2021%20f33f372b9ee24f8c881f99e8779ee9ad/Screenshot_2021-06-16_at_05.25.41.png)

![](15%2006%2021%20f33f372b9ee24f8c881f99e8779ee9ad/Screenshot_2021-06-16_at_05.25.46.png)

ладно,  окей, его право, ничего против не имею. хотя я до сих  пор  думаю что обидел его разговорами до этого в канале, хотя я не собирался этого делать. ну ладно

а вот мои  оценочки пока  что в сессии

![](15%2006%2021%20f33f372b9ee24f8c881f99e8779ee9ad/Screenshot_2021-06-16_at_05.22.54.png)

тфкп сдано еее

хорошие вещи за день

1. сдал 2 кр по интурам и допустился к экзамену!!!
2. подискутировал с ребятами в канале
3. сделал парочку постов которые мне лично  понравились
4. меня за этот день, к ночи уже, поступило столько предложений тус, что я в ахуях, приятно конечно, но мення напрягло, на все хочеца а отказывать не хочеца. а  как  сессия сложится  я хз"
2021-06-15,"Дневник, Отношения","June 15, 2021 1:20 AM","# 15.06.21

Created: June 15, 2021 11:31 AM
Last Edited: June 16, 2021 5:29 AM
Tags: Дневник, Отношения

[15%2006%2021%20f33f372b9ee24f8c881f99e8779ee9ad/IMG_8136.mp4](15%2006%2021%20f33f372b9ee24f8c881f99e8779ee9ad/IMG_8136.mp4)

аааа блять вспоминая наш недавний разговор с димасом сразу вспоминается момент между мной и дашей, где я ей признался в чувствах и она вкинула что-то типо ""ну почему  нельзя любить за характер"" ой я прямо пока писал забыл как это было. но что то типо  того. посыл быт тот что тип я пидорас что не могу просто любить ее за  характер = быть ее другом, а не парнем. блять. женщина. я просто в ахуе.  после всего что было она это реально сказала.... блять я в ахуе с женщин

ааа еще с чего я был в ахуе немного это то, что дима - гей. ага. я не ожидал и не задумывался о таком даже до этого. думал ну натурал и всё. а оно вот как оказывается интересно. еще он там с челом сосался одним который  тоже был на тусе, но он уже натурал... ой парни что алкоголь вас заставляет делать....

это было неожиданно, но мне лично похуй гей не гей дима. он так и останется крутым челом. поэтому я нне вижу проблем, если он не будет нарушать моих личных границ потому что я не гей и мне это неприятно. а так все. он этого не делает так что ничего не изменилось в моем  отношении к нему

но сука я нааонец то получил пруф что я  нравился  даше!!1 ай  блять как же все же бесит что она там во время всего этого нашла какого то  еще парня ебаного. блять если я потом узнаю что она с ним сосалась или обнималась долго долго или трахалась или они лапали друг друг... я не выдержу такого удара мне кажется. это будет удар ниже пояса... даже пиша (блять какое слово я ищу а похуй) у меня заколотило сердце и прям злость появилась. мда. представляю это и так мерзко и неприятно. как даша лежит в общаге на кровати своей комнаты. какой то еблан рядом с ней. обнимает ее, держит за ручку нежно, гладит по голове!!! хотя она этого не любит, но ему позволяет это делать, возмжно она думает как  ей хорошо со мной,  но я не решаюсь на тактилки. а он решился и она не сопротивлялась, ннужно было просто взять за руку на мужика и ларчик бы открылся... но я так не сделал и поэтому она сейчас лежит с ним, они вплотную прильнулись своими телами. ощущают тепло друг друга, романтическая такая атмосфера и вот они смотрят друг на друга, говоря пару слов или ничего не говоря и он страстно целует её. они ложатся нна кроватти, он сверху, они обннимают друг друга и уже оба хотят друг друга явно. трогают за грудь, за жопу, лицо и вот они начинают сосаться с языком и все плавно переходит в жаркий секс.... мда, после такого хочется только лечь и плакать. ебать у  меня фантазия конечно.  а вот если такого плана что то реально было, то я просто буду уничтожен морально... и у меня сильное наитие. что что то такое было на самом деле, как бы  девочка красивая, из общаги, да и онна сама говорила, что много кто пытался начать с ней отношения... поэтому как минимум поцелуй нормальный, а не как у нас получился секунду и то так, поверхностно я бы скзаал, так он был такое ощущение с кем нибудь. причем такой нормальный поцелуй, именно старстный. ооох а  если секс был  то я ваще умру нахуй от раздражения и обиды... блять ебаная даша. иди нахуй  из моей головы. 

боже почему я так к ней привязался, да за что сука. я только и думаю о ней когда начинаю думать о девушках. сука. да столько прекрасных еще девушек есть около меня да и просто. но нет блять, я зациклился на одной, которая мне отказала. на закрытой, с ебучей шизой в голове, которая сама не знает чего хочет, которая обманывает, боится. аааааа блять. пошло все нахуй просто я в  ахуях. может это и есть любовь? или мой прайд что это уже МОЯ девушка и если я не  завоюю её, то я  не  мужик? я не знаю, честно, нельзя быть уверенным точно. все что я знаю точно, это мои чувства к ней, они есть, что я  часто  думаю о ней, сожалею о том что она мне отказала и думаю, что она сделала неправильный выбор и у меня есть сильная уверенность внутренняя, что если бы она сказала да, то я бы смог помочь  ей, изменить ее в лучшую сторону. как и она бы меня изменила.... сделала бы лучше. мы бы вместе работали бы над нашими изъянами... да блять сука ну отъебись ты от меня

столько девушек, а я привязался к одной, которой похуй на отношения со мной....

как бы  да...

![](15%2006%2021%20f33f372b9ee24f8c881f99e8779ee9ad/Screenshot_2021-06-16_at_05.24.31.png)

причем андрей вообще ливнул, даже из канала. а тимур просто по рофлу это сделал, я спросил у них. вот ответы

![](15%2006%2021%20f33f372b9ee24f8c881f99e8779ee9ad/Screenshot_2021-06-16_at_05.25.32.png)

![](15%2006%2021%20f33f372b9ee24f8c881f99e8779ee9ad/Screenshot_2021-06-16_at_05.25.41.png)

![](15%2006%2021%20f33f372b9ee24f8c881f99e8779ee9ad/Screenshot_2021-06-16_at_05.25.46.png)

ладно,  окей, его право, ничего против не имею. хотя я до сих  пор  думаю что обидел его разговорами до этого в канале, хотя я не собирался этого делать. ну ладно

а вот мои  оценочки пока  что в сессии

![](15%2006%2021%20f33f372b9ee24f8c881f99e8779ee9ad/Screenshot_2021-06-16_at_05.22.54.png)

тфкп сдано еее

хорошие вещи за день

1. сдал 2 кр по интурам и допустился к экзамену!!!
2. подискутировал с ребятами в канале
3. сделал парочку постов которые мне лично  понравились
4. меня за этот день, к ночи уже, поступило столько предложений тус, что я в ахуях, приятно конечно, но мення напрягло, на все хочеца а отказывать не хочеца. а  как  сессия сложится  я хз"
2021-06-13,Дневник,"June 15, 2021 1:27 AM","# 12.06.21

Created: June 13, 2021 1:29 AM
Last Edited: June 13, 2021 11:49 AM
Tags: Дневник

сегодня нихуя не делал по учебе, но не потому что отдыхал, а потому что снова обосрался. весь день какой  то никакой  был, ничего не хотел. но сейчас такое настроение ахуенно пиздец. прям хочется разговаривать, тусить, шутить, рофлить. особенно хочется дерзко  и жоско  рофлить, ну вот знаешь жоско очень оскорблять, слать нахуй  корешей,в шутку естественно. странно, но вот очень смешно это мне, да  и им.

попробовал почистить сегодня клаву сжатым воздухом,но к  сожалению проблема дабл тапо клавиш это не решило((( придется звонить в техподдержку  все таки эпла...

еще  начал сегодня заполнять бумажку для гостайны военки и никита пиздец меня запарил своими вопросами и усложнил ситуацию да и вообще реакция его это пиздец  конечно. запаривает меня и бесит чутка. релакс бро. ладно, вроде скзаал завтра пришлет все. правда  сука кажется мифи на карантин закрывают... как я  ее теперь отдам нахуй...

хорошие вещи за день

1. поговорил с Тимохой больше часа по телефону по душам
2. заполнил доки на гостайну почти
3. снова в моменте прямо  правдиво напиздел
    - хотел у мамки денег попросить чтобы купить себе цивилизацию 5, хз захотелось поиграть во что то где  не надо сильно активничать. так вот,  говорю тип вот мне  балон пришлось купить все дела он 600 стоил, а потом мамка такая он 129 стоил хаапхахпххап пиздец. и  я не растерялся, начал говорить что то и почти сразу придумал что спиздеть,  сказал что еще там заказал салфетки для компа их просто не привезли. хорошо, мне ннравится что навык  развивается
4. за долгое отсутствие сделал серьезный пост в тг                           

![](12%2006%2021%20ea3b3c2f3ff945568b42e7b2ed48ba56/Screenshot_2021-06-13_at_01.48.30.png)

1. про днюху немного проясняется ситуация
2. 

![](12%2006%2021%20ea3b3c2f3ff945568b42e7b2ed48ba56/01818A09-0166-45DE-B3B6-9F82249C44EF.png)

7. Хоть рофл, но приятно такие слова в мою сторону все равно слышать 

[12%2006%2021%20ea3b3c2f3ff945568b42e7b2ed48ba56/IMG_8068.mp4](12%2006%2021%20ea3b3c2f3ff945568b42e7b2ed48ba56/IMG_8068.mp4)

8. Никита мне сделал комплимент что у меня красивый почерк!

СУКАААА БЛЯТЬ НАХУЙ МЕНЯ ЗАЕБАЛА ЭТА СУКА ЕБАНАЯ КЛАВА ХВАТИТ СУКА ЛАГАТЬ ПИШИ НОРМАЛЬНО НАХУЙ ТЫ БЛЯДЬ ЕБУЧАЯ. СУКА СПАМИТ ДВЕ БУКВЫ РАЗНЫЕ А ТО НЕ ПИШЕТ БУКВУ БЛЯТЬ МУДИЛА СУКАААА!!!!!!!

сегодня ещё истории в инсту запилил по приколу с масками смешными, тоже давно аким не занимался. Очень давно. Вот Димас правду сказал, что критерий моего свободного времени - это я пилю истории в инсту хех

![](12%2006%2021%20ea3b3c2f3ff945568b42e7b2ed48ba56/FABFD8A8-B507-4EB9-ACE9-78600B4615F3.png)

![](12%2006%2021%20ea3b3c2f3ff945568b42e7b2ed48ba56/4F60E3F8-44C5-4EE7-BA83-B5592EA3C2C7.png)

![](12%2006%2021%20ea3b3c2f3ff945568b42e7b2ed48ba56/D00A5556-D509-454D-AC2A-D291A536D7C5.png)

![](12%2006%2021%20ea3b3c2f3ff945568b42e7b2ed48ba56/857C313F-A94C-443C-8056-1F884E03A982.png)

И про то что я люблю токсичный юмор когда в отличном настроении. Вот такого типа)

[12%2006%2021%20ea3b3c2f3ff945568b42e7b2ed48ba56/IMG_8077.mp4](12%2006%2021%20ea3b3c2f3ff945568b42e7b2ed48ba56/IMG_8077.mp4)

Мне пиздец смешно так говорить хз оч смешно реально"
2021-06-13,Дневник,"June 13, 2021 11:49 AM","# 12.06.21

Created: June 13, 2021 1:29 AM
Last Edited: June 13, 2021 11:49 AM
Tags: Дневник

сегодня нихуя не делал по учебе, но не потому что отдыхал, а потому что снова обосрался. весь день какой  то никакой  был, ничего не хотел. но сейчас такое настроение ахуенно пиздец. прям хочется разговаривать, тусить, шутить, рофлить. особенно хочется дерзко  и жоско  рофлить, ну вот знаешь жоско очень оскорблять, слать нахуй  корешей,в шутку естественно. странно, но вот очень смешно это мне, да  и им.

попробовал почистить сегодня клаву сжатым воздухом,но к  сожалению проблема дабл тапо клавиш это не решило((( придется звонить в техподдержку  все таки эпла...

еще  начал сегодня заполнять бумажку для гостайны военки и никита пиздец меня запарил своими вопросами и усложнил ситуацию да и вообще реакция его это пиздец  конечно. запаривает меня и бесит чутка. релакс бро. ладно, вроде скзаал завтра пришлет все. правда  сука кажется мифи на карантин закрывают... как я  ее теперь отдам нахуй...

хорошие вещи за день

1. поговорил с Тимохой больше часа по телефону по душам
2. заполнил доки на гостайну почти
3. снова в моменте прямо  правдиво напиздел
    - хотел у мамки денег попросить чтобы купить себе цивилизацию 5, хз захотелось поиграть во что то где  не надо сильно активничать. так вот,  говорю тип вот мне  балон пришлось купить все дела он 600 стоил, а потом мамка такая он 129 стоил хаапхахпххап пиздец. и  я не растерялся, начал говорить что то и почти сразу придумал что спиздеть,  сказал что еще там заказал салфетки для компа их просто не привезли. хорошо, мне ннравится что навык  развивается
4. за долгое отсутствие сделал серьезный пост в тг                           

![](12%2006%2021%20ea3b3c2f3ff945568b42e7b2ed48ba56/Screenshot_2021-06-13_at_01.48.30.png)

1. про днюху немного проясняется ситуация
2. 

![](12%2006%2021%20ea3b3c2f3ff945568b42e7b2ed48ba56/01818A09-0166-45DE-B3B6-9F82249C44EF.png)

7. Хоть рофл, но приятно такие слова в мою сторону все равно слышать 

[12%2006%2021%20ea3b3c2f3ff945568b42e7b2ed48ba56/IMG_8068.mp4](12%2006%2021%20ea3b3c2f3ff945568b42e7b2ed48ba56/IMG_8068.mp4)

8. Никита мне сделал комплимент что у меня красивый почерк!

СУКАААА БЛЯТЬ НАХУЙ МЕНЯ ЗАЕБАЛА ЭТА СУКА ЕБАНАЯ КЛАВА ХВАТИТ СУКА ЛАГАТЬ ПИШИ НОРМАЛЬНО НАХУЙ ТЫ БЛЯДЬ ЕБУЧАЯ. СУКА СПАМИТ ДВЕ БУКВЫ РАЗНЫЕ А ТО НЕ ПИШЕТ БУКВУ БЛЯТЬ МУДИЛА СУКАААА!!!!!!!

сегодня ещё истории в инсту запилил по приколу с масками смешными, тоже давно аким не занимался. Очень давно. Вот Димас правду сказал, что критерий моего свободного времени - это я пилю истории в инсту хех

![](12%2006%2021%20ea3b3c2f3ff945568b42e7b2ed48ba56/FABFD8A8-B507-4EB9-ACE9-78600B4615F3.png)

![](12%2006%2021%20ea3b3c2f3ff945568b42e7b2ed48ba56/4F60E3F8-44C5-4EE7-BA83-B5592EA3C2C7.png)

![](12%2006%2021%20ea3b3c2f3ff945568b42e7b2ed48ba56/D00A5556-D509-454D-AC2A-D291A536D7C5.png)

![](12%2006%2021%20ea3b3c2f3ff945568b42e7b2ed48ba56/857C313F-A94C-443C-8056-1F884E03A982.png)

И про то что я люблю токсичный юмор когда в отличном настроении. Вот такого типа)

[12%2006%2021%20ea3b3c2f3ff945568b42e7b2ed48ba56/IMG_8077.mp4](12%2006%2021%20ea3b3c2f3ff945568b42e7b2ed48ba56/IMG_8077.mp4)

Мне пиздец смешно так говорить хз оч смешно реально"
2021-06-11,Дневник,"June 12, 2021 12:18 AM","# 11.06.21

Created: June 11, 2021 11:51 PM
Last Edited: June 12, 2021 12:18 AM
Tags: Дневник

Попиздели снова с Дашей, она меня заебала блять. Иди нахуй просто. Пиздец. Бесит меня нахуй. Реально вывела. Неуважение просто ко мне. Как ситуация с Агнией, она тоже пишет что хочет со мной погулять, я ей предлагаю уже что раз сходить куда то и она блять сука постоянно отказывает. Как же меня это нахуй бесит. Когда слова не соответствуют действиям 

![](11%2006%2021%2010b8575677a74795928fc49ec74fef5c/933AD1E3-4968-45A3-9FE7-A100157CF52F.png)

![](11%2006%2021%2010b8575677a74795928fc49ec74fef5c/CD0B1E67-1F40-49B0-9FEE-C142616378E2.png)

![](11%2006%2021%2010b8575677a74795928fc49ec74fef5c/5FCE2A24-D20F-4E85-9C2C-C099FEC4F465.png)

![](11%2006%2021%2010b8575677a74795928fc49ec74fef5c/142D1130-A7F7-4BF7-88FE-019CA3EA75CB.png)

![](11%2006%2021%2010b8575677a74795928fc49ec74fef5c/908ABD60-3530-4FED-92F4-206993075F29.png)

Экзамен по тфкп довольно неплохо написал мне кажется, хоть не опозорился уже приятно. Марину спалили за 10 минут до конца пиздец неприятно. Она опять ныть начала бесконечно, мне уже отвечать нечего. Поэтому решил уже просто промолчать.

![](11%2006%2021%2010b8575677a74795928fc49ec74fef5c/B860D2E0-14EE-485C-AAA6-819191D28EC5.jpeg)

Купил чапман с шоколадом наконец то, давно хотел уже купить. 

![](11%2006%2021%2010b8575677a74795928fc49ec74fef5c/800DC4D9-6FC4-4901-91CD-B7B9256980FB.jpeg)

![](11%2006%2021%2010b8575677a74795928fc49ec74fef5c/B31C6893-3CB0-42F3-B8AB-5EFB46E19A9E.jpeg)

![](11%2006%2021%2010b8575677a74795928fc49ec74fef5c/9052B16B-82A8-4FBC-A68A-D84ACA04674E.jpeg)

![](11%2006%2021%2010b8575677a74795928fc49ec74fef5c/26C4E360-9773-41BB-8304-11E353338EA9.jpeg)

![](11%2006%2021%2010b8575677a74795928fc49ec74fef5c/6BF22251-6F78-4940-ADCD-F91FF5A1CC3A.jpeg)

![](11%2006%2021%2010b8575677a74795928fc49ec74fef5c/FD0BECDE-07D3-47B1-BD2C-9C6E3A534CDE.jpeg)

![](11%2006%2021%2010b8575677a74795928fc49ec74fef5c/13A7D23A-0022-49AB-AB8E-E1D4CB30A3D6.jpeg)

Ахуенно посидели с тимычем и Антоном. Потом проебал дохуя времени в никуда, потому что Даша не пошла гулять блять, Димас слился, а пока я его ждал прошло 3 часа и я уже устал потому что спал 2 часа. В итоге уехал домой, хотя мог пойти погулять с Машей или Дианой или Жанной или Саня вот меня позвал. Короче дохуя с кем мог пойти гулять… сука блять бесит нахуй. Я пока ехал пиздец засыпал в эльке. Как же устал. Аааа а теперь хуй знает когда я погуляю. Сука. Бесит.

3 хорошие вещи

1. Написал достойно тфкп для моего контекста
2. Ахуенно провёл время с Антоном и Тимычем 
3. Выпил с Некитом пиво
4. Поиграл с Мариной в игруху в стиме we were here
5. Выпил два новых пива
6. Договорились с парнями о сроках поездки в белоомут!!!
7. Появилась идея где др отметить, в белоомуте с парнями!!
8. Появилось свободное время отдохнуть наконец чутка и посмотреть чбд

Блять Даша нахуй иди просто как меня вся эта хуйнч заебала блять. Нихуя мы друг друга не понимаем. Просто нихуч. Какая она неконтактная, необщительная, просто невозможно на диалог идти.

Бля надеюсь я сдал тфкп пиздец

На носки развели меня Вика. Ещё одну пару купить. Ну ладно сам нарвался. Денег нет.

Аркадий оказывается тоже рабтает

Наташа тоже работала все время баристой 

Ахуеть. Все блять работают и учатся. Просто ахуеть сука, а я блять нихуя не делаю только тусуюсь 

Смешно пиздец годнота

[11%2006%2021%2010b8575677a74795928fc49ec74fef5c/IMG_8026.mp4](11%2006%2021%2010b8575677a74795928fc49ec74fef5c/IMG_8026.mp4)

![](11%2006%2021%2010b8575677a74795928fc49ec74fef5c/B0BD1062-DACC-4C51-9332-469EC4460782.jpeg)

![](11%2006%2021%2010b8575677a74795928fc49ec74fef5c/001A33EE-8975-4046-B909-F0DAB2831A03.jpeg)

Такой я ехал на тфкп

![](11%2006%2021%2010b8575677a74795928fc49ec74fef5c/1EE33343-17F0-4BBA-BBA1-3C984DD34CFC.jpeg)"
2021-06-10,Дневник,"June 11, 2021 12:45 AM","# 10.06.21

Created: June 10, 2021 10:04 AM
Last Edited: June 11, 2021 12:45 AM
Tags: Дневник

Вот так на данный момент 

![](10%2006%2021%2054ef81a48fca4801ab2845b5420920d1/E0DFB4A9-BAE0-421F-82B1-E06923F327A1.png)

Хз просто мне очень нравится и приятно видеть лайки, такие эстетические приятные уведомления, когда видишь сердечки эти штук вот 40, аааа Просто приятно мне

Такой вот снова еду к телеку

![](10%2006%2021%2054ef81a48fca4801ab2845b5420920d1/E630A46E-B456-4423-BD23-294CF93D950B.jpeg)

Воском волосы намазал, взял алкашку наконец то выбросить что пил дома норм

Ахцеть у меня зачёт по тфкп. Ебать дед спасибо нахуй!!!!

![](10%2006%2021%2054ef81a48fca4801ab2845b5420920d1/7B66E9BB-B7FD-4D96-98E9-AD4E5EE3E8E4.png)

![](10%2006%2021%2054ef81a48fca4801ab2845b5420920d1/E81B8BFF-CC02-4716-B674-2FFF85FFC733.png)

![](10%2006%2021%2054ef81a48fca4801ab2845b5420920d1/4946A51F-C2A8-489F-9DC1-C2E329929704.png)

![](10%2006%2021%2054ef81a48fca4801ab2845b5420920d1/9F1E3831-C273-4CB8-9CE9-0FB39D0F2298.png)

![](10%2006%2021%2054ef81a48fca4801ab2845b5420920d1/4BFA2B25-DFA4-4FB5-9C5B-636ACD24CCB9.png)

![](10%2006%2021%2054ef81a48fca4801ab2845b5420920d1/F71BDE2D-7842-481B-B159-F3EAC976220D.png)

![](10%2006%2021%2054ef81a48fca4801ab2845b5420920d1/C854A1E1-D63F-4FF9-9F5B-7F3A5A3FDC16.png)

![](10%2006%2021%2054ef81a48fca4801ab2845b5420920d1/A8E1164E-6BB9-4DDE-A132-C601DE16A631.png)

![](10%2006%2021%2054ef81a48fca4801ab2845b5420920d1/5433D2E0-DD89-4A9E-A77D-014FF82F9F37.png)

![](10%2006%2021%2054ef81a48fca4801ab2845b5420920d1/C7BA43F1-71C7-457B-AF75-6CED7CC91980.png)

![](10%2006%2021%2054ef81a48fca4801ab2845b5420920d1/71BE88AE-91A3-4BED-9478-24060782E609.png)

Милый смех даши

[10%2006%2021%2054ef81a48fca4801ab2845b5420920d1/IMG_7986.mp4](10%2006%2021%2054ef81a48fca4801ab2845b5420920d1/IMG_7986.mp4)

бля так много всего произошло за сегодня а как будто ничего.  опять лень писать. но хороший день. я ахуел что телек мне зачел две кр. ебать  ни встать. первую я вообще как лев защитил. прям реально кажется разобрался неплохо в этих конформных отображениях. решил ему 3 задачи в соло!!! оох а потом он мне вопросы начал задавать по второй и в этот раз я уже спросил тип че за дела первую хотя бы зачти мне. он сказал что конечно зачел что я совершенно справедливо ее защитил! даже не смотрел у меня решения моей второй кр. просто рандомные вопросы начал задавать ну  и я  ответил +- норм и он мне поставил зачёт!!!!! ура!!!!!!!!!!!

3 хорошие вещи

1. сдал 2 кр по тфкп и допустился к тфкп!!!
2. купил подарки насте и марине
3. отличное настроение после сдачи тфкп! просто прекрасное"
2021-06-09,Дневник,"June 10, 2021 12:33 AM",
2021-06-08,Дневник,"June 8, 2021 11:08 PM",
2021-06-08,Дневник,"June 8, 2021 1:56 PM",
2021-06-06,Дневник,"June 7, 2021 12:00 AM",
2021-06-06,"Восторг, Дневник, Личностный рост, Отношения, Похвала, Прекрасный  день, Радость, Счастье","June 6, 2021 10:46 AM",
2021-06-04,Дневник,"June 4, 2021 10:34 PM",
2021-06-03,Дневник,"June 4, 2021 4:55 AM",
2021-06-02,Дневник,"June 2, 2021 5:51 PM",
2021-06-01,Дневник,"June 2, 2021 1:11 AM",
2021-05-31,Дневник,"May 31, 2021 5:00 PM","# дневник

Created: May 31, 2021 10:08 AM
Last Edited: May 31, 2021 5:00 PM
Tags: Дневник

бля настя меня 2 дня чисто игнорит. вот буквально игнорит. я уверен, что она видела. что я ей написал и просто не чекает. скорее всего ей лень фоткать конспекты, но и отказывать она боится хз, поэтому самый простой вариант просто не чекать... 

![](%D0%B4%D0%BD%D0%B5%D0%B2%D0%BD%D0%B8%D0%BA%20a5bc11ed41984cebab8a582d5b23fbc2/Screenshot_2021-05-31_at_10.08.16.png)

ааааа ну сказала бы хоть что то, хоть какой то ответ. отказала бы и всё. так лучше было бы, я хотя бы знал ответ, определенность была бы

ну хоть что то приятное на этой ебаной неделе...

![](%D0%B4%D0%BD%D0%B5%D0%B2%D0%BD%D0%B8%D0%BA%20a5bc11ed41984cebab8a582d5b23fbc2/Screenshot_2021-05-31_at_10.15.10.png)

хоть вторую кр сдал и то хорошо. осталось кр1 и тест1 переписать пятого... ага, приеду я сегодня, конечно. не ну спасибо на самом деле, что предложил вообще. многие бы не  предложили такую возможность. а уже использовать ее или нет - твое дело

блять как у меня горит с тимура сибгатулина. бесит. тип ну чувак ну напиши ты что то в духе воды. добавь от себя. надо письмо написать научнику и все ему разжевать надо. ааааа. ладно. я не по фактам говорю, просто на нервах сильных из за учебы. и у меня со всего бесит. просто хочу проект хотя бы отправить поскорее...

![](%D0%B4%D0%BD%D0%B5%D0%B2%D0%BD%D0%B8%D0%BA%20a5bc11ed41984cebab8a582d5b23fbc2/Screenshot_2021-05-31_at_10.47.42.png)

бля спасибо тимуру галимову что разжевал ему, я бы не смог

лол фига у мфти прикольная капча для библиотеки

![](%D0%B4%D0%BD%D0%B5%D0%B2%D0%BD%D0%B8%D0%BA%20a5bc11ed41984cebab8a582d5b23fbc2/Screenshot_2021-05-31_at_12.44.20.png)

блин меня пугает на самом деле что мой телефон уже падал два раза за день на ковер, слабое падение и после  каждого у меня начинает лагать кнопка его. я нажимаю,  а ничего не проихсодит(( блять, не хочу новый телеф, это же дохуя бабок, лучше на что то другое потратить их. хоть этому уже год 3-4  я думаю и пережили мы с ним очень многое, но я все еще его люблю и он меня вполе устраивает. все функции, которые мне нужны от телефона в нем есть и работают. вот правда тач айди перестал работать, после того как я кажется кнопку случайно промочил водой(( нну ладнно, остальное робит вроде. камеру можно было бы лучше, но у него вполне приличная тоже, не хуевая, просто можно лучше

сука ну и нахуй я считал эту задачу а блять.  в рот ебал. только физтехам можно пользоваться. ответ кста 53R/31. ААААА я ее блять считал 30 минут наверное... боже нахуй

![](%D0%B4%D0%BD%D0%B5%D0%B2%D0%BD%D0%B8%D0%BA%20a5bc11ed41984cebab8a582d5b23fbc2/Screenshot_2021-05-31_at_13.31.37.png)

блять я не понимаю почему у ебаного мифи до сих пор нет адекватного сайта, где будет вся полезная инфа о вузе? инфа о преподах, их характерах, как они учат, как сдавать зачет, какие у кого кр, решения к кр, блять ну это же так просто, такая простая идея, а до сих пор нет ничего норм...  только ебаный мертвый  мифист, нахуй он ннужен. ну это хоть что то конечнно но блять годный сайт так бы сильно помог на самом деле...

ой ебать не заходил в вк 3 часа называется...

![](%D0%B4%D0%BD%D0%B5%D0%B2%D0%BD%D0%B8%D0%BA%20a5bc11ed41984cebab8a582d5b23fbc2/Screenshot_2021-05-31_at_16.59.26.png)

13 блять сообщенй и всем сука отвечать... хорошо хоть некоторые - это из бесед"
2021-05-30,Дневник,"May 31, 2021 3:01 AM","# дневник

Created: May 30, 2021 10:37 AM
Last Edited: May 31, 2021 3:01 AM
Tags: Дневник

ох че то как то слишком много милостей или норм я хз. просто странное ощущение после такого меня преследует, как будто это не я вовсе пишу. как будто играю роль кого то хз

![](%D0%B4%D0%BD%D0%B5%D0%B2%D0%BD%D0%B8%D0%BA%20ae446ba9f6494d8cbe84f856727e4389/Screenshot_2021-05-30_at_10.36.50.png)

Ещё сегодня спустя продолжительный перерыв в медитации просидел почти 15 минут

![](%D0%B4%D0%BD%D0%B5%D0%B2%D0%BD%D0%B8%D0%BA%20ae446ba9f6494d8cbe84f856727e4389/F64FF9DF-0F3F-4348-9199-E51391984D07.png)

Балдёж. Мне помогло точно, как то, но стало легче я чувствую. Полезная практика медитаций 

сидели сегодня 8 часов делали проект, слава богу сделали все что нужно, но только пиздец. сидели в дисе и мне как то прям тяжело было говорить. я гораздо больше обычного запинался, прямо как в старые времена  (до логопеда). неприятно очень было. на к снова были запинки, т и д чаще всего, ну как и всегда. но тип странно, в жизни мне легче говорить гораздо. а здесь и координаты, достаточно, изогнутый кристалл, отрицательный, десять и тд были проблемы с проговариванием...((( прямо грустно стало, как будто я зря занимался дикцией, чтобы сейчас вот говорить как раньше было - хуего и с дохуищей запинок бляяяяяя сука  ненавижу блять дайте мне говорить как совершенно нормальный  человек((( блять да за что мне эта хуйня, все жизнь же до класса 7 наверное прекрасно разговаривал блять... положительные однако в этот стороны были, я прямо за них рад. я открывал широко губы большинство времени, потом если сложно слово то менял порядок слов в предложении и из за этого сложнопроговариваемое слово было легко произнести, потом довольно редко на самом деле, я прямо четко и медленно с работтой мышц  рта произносил это сложное слово, а зря что редко, так и надо стараться делать. похуй что там подумают другие.

как же у меня сейчас много близких друзей, корешей, подруг, братьев реально, сестёр, хороших знакомых, сколько я знаю интересных личностей. ааа а я даже не ценю это, это возможно не всегда будет,  а я даже об этом не задумываюсь... как же я благодарен Вселенной за то, что так вот произошло, судьбу, да похуй чему то большему и самому себе за это. обожаю свое окружение, которое  я сам создал своими руками вокруг себя. они меня мотивируют, дают новые знания, дарят положительные эмоции, особенно радость и смех, обожаю шутить и смеяться над их шутками и своими) люблю вас всех, кто со мной! а ведь когда то всем было похуй на меня и как не заходил бы я в вк,то у меня всегда было 0 сообщений новых 99% времени, мб только беседа класса... а сейчас я боюсь заходить в соцсети, потому что мне мильон человек пишет и надо им всем отвечать. апхапапхапхахп иронично, но очень приятно осозновать насколько сильно я изменился в максимально лучшую сторону. апхахпахпахах просто улыбка на лице появляется. как приятно находиться в центре внимания, быть любимым и любить, ценить каждого человека рядом. общаться и заводить новые интересные знакомства. каждый что-то привносит от себя мне, а я от себя к ним. без них бы я был совершенно другим человеком, совершенно. особенно моя бы психика и моральная составляющая, без них я был бы одинок, жалок, угнетен и без желания жить и что то делать. просто бы как и раньше учился и ничем больше бы не интересовался. сидел бы дома и только и делал бы, что ботал... мда, такой жизни ли я хочу? променял ли я текущую новую прекрасную, интересную, очень насыщенную и весёлую жизнь на отсутсвтие долгов по учёбе? нет, и еще раз нет! в этом я уверен. я уверен так же в том, что у меня  были и тогда долги, возможно больше. потому что я бы ни с кем не общался и не  у кого бы не просил и мне бы не так охотно помогали бы. сейчас мне помогают от чистого сердца многократно спасая меня из пизды лишь потому, что я хорошо ко всем отношусь, у мення со всеми отличное отношение, ни с кем нет ссор или негатива какого либо, а если появляется то я его разрешаю. и ко всем я отношусь с уважением и вниманием, даже если особо не общаюсь. цени это. поэтому люди тоже ценят это и помогают мне от души, а не за деньги!

итак начнем сегодня новый тренд от дианы ""писать 3 вещи, за которые я благодарен жизни"":

1) моё окружение (друзья, подруги, мама,  брат, бабушка и т.д.)

2) моя общительность

3) моё стремление развивать себя психологически

ой я сейчас чекнул диалог с дяной и оказалось, что там не 3 вещи, за которые я благодарен, а 3 хорошие вещи, которые случились за день. ага, ну ладно и то и то хорошо я считаю"
2021-05-29,"Low Point, Дневник","May 29, 2021 11:58 PM","# Дневник

Created: May 29, 2021 12:35 PM
Last Edited: May 29, 2021 11:58 PM
Tags: Low Point, Дневник

Блять я нихуя не зарабатываю и не заработал ещё за свою жизнь на настоящей работе, только в ставках если и то все на полнейшую бесполезную хуйню проебал. Так вот, а знаешь сколько я потратил в этом месяце денег??? 34.353 тыщи рублей нахуй!!!! Пиздец. Просто сижу на шее у мамки кусок дерьма ебаного. Никаких планов. Никакой стратегии. Просто держусь на вере и удаче, ничего больше. Сука ботал всю ночь в итоге научился решать только один номер из 4 по тфкп блять… а про интуры… я их даже не тронул, я настолько плох и нихуя не знаю, что вообще не до них было нахуй. Как же я себя ненавижу. Как же я поздно взялся за ум и открыл глаза на тот пиздец, к которому я приближался в свой жизни. Хорошо хоть ещё не прям очень поздно. Сука а ведь мог спокойно закрыть общефиз, списывая варики, но нет, единственная причина, почему я этого не сделал, это потому что мне было похуй. Оооох еблан. Надо было просто посмотреть вариант и загуглить задачки, написать их на листочке и потом сидеть с умным лицом на кр и незаметно сдать этот написанный дома листок с кр, потому что Богдану похуй и он даёт всем один вариант блять. Повезло что хоть общефиз последний сем, ага, дожить бы мне до следующего семестра… числанут ведь сука. Блять. Как же мне хуего. Я ещё ведь не могу ботать, точнее могу, у меня идеальные для этого условия. Дома никто не мешает. Прекрасная и спокойная обстановка дома. Все есть. Еда. Постель комфортная. Своя комната. Интернет, ноутбук и тд. Но нет блять, несмотря на все эти преимущества и средства комфорта я все равно умудряюсь нихуяшеньки не ботать и просто прокрастинировать. Вот буквально. Как выглядит моя попытка ботать. Я планирую жоско поботать в этот день, просыпаюсь, сажусь за стол ботать иииии… мне становится не по себе от мысли в голове сколько мне придётся сейчас разбирать, насколько сильно мне придётся попотеть, чтобы в это все вникнуть, да и то не очень большой шанс, даже маленький, что я пойму все и на нужном мне уровне или вообще найду материалы для моей программы… и эти мысли так на меня давят, я хочу избежать этих проблем просто и начинаю, переключаюсь на что угодно другое. Соцсети, переписывание, занятия над дикцией, сон, просмотр сериалов, ютуба, гулянки и тусы…. Вот буквально все что мне придёт в голову, тем я и займусь. Лишь не испытывать дискомфорта от моего безделья, незнания базовых вещей, да и просто прилагания умственных усилий для разбора программы предмета за семестр… где моя сила воли? Где мое желание? Борьба за МОЕ будущее?!!! Пойми блять наконец уже, вбей себе в голову, что если ты вылетишь, то это будет куча проблем, это будет просто худшее, что было в твоей жизни. И я не столько про лично тебя говорю, а тех, кто все это мне обеспечил - Мама и брат. Как же я их расстрою, я представляю как мать будет зла, подавлена и сломлена, если услышит, что меня отчислили… она столько блять вложила в меня денег… я такой дорогой проект для неё и я до сих пор не начал давать хоть каких то плодов!! Ни копейки в дом не принёс. Все что я делал это гулял, тусил, флексил, общался, заводил знакомства, гулял с девушками, искал девушку, жертвовал чем то своим, временем чаще всего, лишь бы девушка не была расстроена мной. Боже куколд ебанвй, ну поздравляю, ты доигрался.

Тебе блять даже мать шведскую стенку купила, ты вспомни не лицо, когда она увидела, что она блять стену пробила насквозь в ту комнату… Боже, как она была зла и напряжена. И все ради тебя!!! И несмотря на этот искренний поступок ты все равно блять не подготовился норм к военке хоть с подтягиваниями… я молчу уже о том, что ты ни разу не пошёл бегать… и в итоге обосрался и чуть не умер на 3км, да и самое страшное, что тебе настолько хуего было, что ты чуть не сдался уже на круге 3/6… стыд, ты никогда не сдавался в таких мероприятиях, не был лучшим или супер пупер бегуном - нет, но никогда не сдавался, всегда шёл до конца, выкладывался на все свои силы и выжимал их все из себя за пробежку. И тут ты просто берёшь и позоришься так. Даже Ваня пробежал быстрее тебя 100 метровку. Задумайся, он ведь вообще не занимается чем то и выглядит как кожа да кости буквально и весит как пёрышко. Не в обиду Ване. Пиздец серьезно. Так у тебя ещё и балл средний хуевый дядь. 3.64 нахуй. Тебе надо из кожи вон лезть, чтобы хорошо сдать нормативы и надеяться, что ты их супер хорошо сдашь и тебя из за них возьмут. Нет же, ты нихуч не готовился и даже перестал за месяца два до сдачи нормативов в принципе подтягиваться на своей стенке, усталость он чувствовал и нежелание заниматься спортом. Оооох. Сколько тебе лет? 5? Постыдник. Совершенно не думаешь о своём будущем и как стать независимым во всех планах и взрослым человеком. Я правда крайне сильно разочарован собой. Нет слов. Живешь моментом и получением кратковременного удовольствия, нежели чем вложением своих ресурсов для достижения чего то значимого в будущем. Сидишь. На шее у матери и брата. Если бы не они, ты уже давно был умершим человеком и жил бы на улице и работал в маке каком нибудь. Как я до такого докатился… раньше смотрел про это мемы и думал меня никогда такая жизнь и ситуации не коснутся, смеялся беззаботно… теперь уже не до смеха, потому что это теперь моя жизнь, кажется. Мем смешной, ситуация страшная.

Только с божьей помощью не вылечу  🙏 🙏  🙏 

ААААААААААААААААААААААААААААААААААААААААААААААААААААААААААААААААААААААААААААААААААААААААААААААААПППППППППППППППППППППППААААААААААААААААААААААААААААААААААААААААААААААААААААААААААААААААААААААААААААААААААААААААААААААААААААААААААААААААААААААААААААААААААААААААААААААААААААААААА

Как же хочется просто стать одному на клифе горы и просто заорать во всю мощь, выплеснуть весь этот пиздец из меня. Все эти АААА я сам вручную написал, без копирования 

Конечно мне немного легче становится от того, что я вспоминаю как Ваня, Наташа, Даня сдавали сессию 2ого сема. У всех по 3 вторых пересдачи летние. Пиздец. Такой стресс я в рот ебал. И ведь сдали же. Сдали ебать!!! Так а почему я не сдам? Аа правда они были допущены к этим экзам сука. А у меня такое ощущение что меня никогда не допустят. Хотя по факту ведь всего 2 контроши по каждому предмету тфкп и интуры. Не 4 по каждому, а всего две. Это не как у храма, хотя храм конечно не задаёт допов и лекции у него крутые… но ладно он ебанутый конечно. Ооох ну 2 кр закрыть в два раза легче, чем 4. К тому же, если что, если что, то будет два месяца лета наверстать всю эту хуйню. Предостаточно времени вполне. Планирую получить только пересды по тфкп и интуры и желательно допуститься до обоих предметов,  тогда вполне неплохо выйдет. Главное другие предметы сдать, а не получить по ним ещё пересд, иначе уже будет очень хуего, а так если я ещё до тфкп и интуров не допущусь, то это просто смерть сразу и я не знаю что тогда делать, реально надо будет псж писать, потомок что это пизда полная будет… :(

А так же Некит в сессии 3ого сема а. Получил 2 комиссии на восьмую неделю, 2 ебать. Условный перевод. И до конца шёл, даже когда не сдал проект. Какой мув то повернул. Сдал ведь в итоге все. Такой ещё спокойный всегда был. Вообще не видел Некита нервным или сломленным никогда. А Арина. Казалось бы Арина нахуй!!! А получила тоже вторую комиссию по общефизу. Сдала же тоже блять как то. Стоит Даню с Костей отметить. Хоть их и отчислили в итоге, но, ноо как они до конца бились, ходили боролись чтобы остаться, ходили сдавали, их посылали на пересдачи… как Даня проебывался жоско. А все равно сдавал же, находил способы!! Так почему у меня не получится??! Главное найти желание и бороться до конца. Барахтаться, биться до конца. Делать что должен и будь, что будет. Ботать, спрашивать вопросы к друзей, просить помощи. Делать все это, а не просто сидеть ждать последней недели лета нихуя не ботая, а потом начинать ботать усердно, пытаться, жоско нервничать, стрессовать. Пизда ебаная. Такой еблан. Я ведь так и сделал этим летом. Боже, какой я безответственный и похуист, прокрастинация, бездельник… лишь бы гулять и веселиться в моменте. Совершенно не задумываешься о будущем какие серьёзные могут быть последствия 

Я вот выговорился и полегчало даже немного, ну точно стало получше, чем было. Не надо замыкаться только на закрытии долгов, но так же делать что то, что держит меня в здравом уме и в хорошем духе. А то только ботанье меня сломает точно, в этом я уверен. Буду чувствовать себя полностью никчёмным, одиноким, грустно очень будет, депрессия начнётся и чувствовать себя никому не нужным, отделенным от общества, задротом, недоделанным ботаном, которого нет соцсети, но в тоже время дохуя долгов…. Пизда

Ля ну хоть что то приятно произошло. Телеку было похуй довольно и он там два раза съебался куда то надолго, в первый раз я зассал взять варики себе, а потом поговорил с ребятами, мы там перешли в новую аудиторию и сели вместе я Ваня Некит и Антон. Поболтали чутка, порофлили и я успокоился чутка. Потом обстановка сама на удивление спокойная была в принципе, тип чилового так, кто хочет стоит в очереди защищаться, кто то пишет, телек не душит за какие то свои конспекты, ему к слову похуй совершенно на них было. Воот. Да и там было много людей, человек 25 думаю. Ну и когда он ушёл второй раз Антон вкинул идею взять варики себе и дома решить их и потом принести сказать тип вы не успели в тот раз проверить. Ну и мне понравилась тема. Я пошёл их искать, нашёл и взял себе 3 штуки кр1 по интурам, кр2 по тфкп, кр2 по интурам. Парни там себе взяли ну и после этого мы пошли домой вместе. А че сидеть, я не могу решить свои задачи там, еле первый решил, чёт неожиданная херня просто попалась и я тупил, а так простенько. Надеюсь телек не заметит пропажи вариантов, бля надеюсь ему похуй, очень. А то мне не нужны проблемы… Бля, надеюсь удастся ему так вот все сдать как на физике прямо. Дома решу все, там или скажу что вот в тот раз не успели проверяйте или возьму новый вариант, буду делать вид что решаю, а потом просто подменю варик и отдам решённое дома. Звучит по кайфу, очень надеюсь, что прокатит!!

СукА опять дикую грусть словил под ночь. Подумал о том сколько у меня долгов блять, авписал их все и не по себе стало, страшно… вдруг меня правда числанут?? Потому что ну это пиздец сколько их нахуй. Я хз вообще как с тфкп и интурами поступать, просто треш. Мне бы допуститься бляяяяять нахуй. 

Зато было очень приятно получит от мамы такое сообщение 

![](%D0%94%D0%BD%D0%B5%D0%B2%D0%BD%D0%B8%D0%BA%20ceadc04ffe0c42848075e1a90b559c9a/B4E1F1AC-FC83-479B-87B4-5E72DA4D81B5.png)

Прямо меня успокоило это. Поддержка мамы для меня очень важна, потому что я живу только благодаря ей. Так бы уде давно бомжем никчёмным был… а ещё что не менее важно. Это то, что мне кажется, это впервые в моей жизни, когда я словами прямо сказал, что люблю ее, пусть даже текстом, но хоть как то я это сделал, что уже хорошо, надеюсь это станет началом хорошего изменения и я буду почаще это говорить маме!! А так конечно мне стыдно очень, что я никогда до этого вроде это ей прямо не говорил, ну с класса 6 думаю, по крайне мере я не помню… какой я не благодарный сын блять. Сука ненавижу себя

Псих тест ещё прошёл интересный сегодня, Диана скинула 

![](%D0%94%D0%BD%D0%B5%D0%B2%D0%BD%D0%B8%D0%BA%20ceadc04ffe0c42848075e1a90b559c9a/05E05DCB-8E40-447B-B1C5-34DAAC8E6F90.jpeg)

![](%D0%94%D0%BD%D0%B5%D0%B2%D0%BD%D0%B8%D0%BA%20ceadc04ffe0c42848075e1a90b559c9a/887C8A46-6890-4E48-8789-8E8473B3BB91.jpeg)

![](%D0%94%D0%BD%D0%B5%D0%B2%D0%BD%D0%B8%D0%BA%20ceadc04ffe0c42848075e1a90b559c9a/734E3312-7720-4674-9A00-1F8FF217C931.jpeg)

![](%D0%94%D0%BD%D0%B5%D0%B2%D0%BD%D0%B8%D0%BA%20ceadc04ffe0c42848075e1a90b559c9a/39680363-DC42-44DD-8A90-4F80CDDD88BA.jpeg)

![](%D0%94%D0%BD%D0%B5%D0%B2%D0%BD%D0%B8%D0%BA%20ceadc04ffe0c42848075e1a90b559c9a/56C0AFD9-D542-42F4-B312-22653A773420.jpeg)

![](%D0%94%D0%BD%D0%B5%D0%B2%D0%BD%D0%B8%D0%BA%20ceadc04ffe0c42848075e1a90b559c9a/898F09E9-D34B-42FF-AAEB-F1931D3D9B4E.jpeg)

Лень писать, поэтому кину скрин что в тг написал

![](%D0%94%D0%BD%D0%B5%D0%B2%D0%BD%D0%B8%D0%BA%20ceadc04ffe0c42848075e1a90b559c9a/A975129A-1DF3-4CE2-B033-9D0C40A35AA5.png)

Ля написал Диане новое для себя собщение, выражающее прямо мой мотив романтический и сыкую немного, но не сильно, просто необычный опыт, никогда так не делал ещё вроде. Давно я так не рисковал так скажем и выставлял себя открытым на распашку, не прикрываясь юмором и шутками

![](%D0%94%D0%BD%D0%B5%D0%B2%D0%BD%D0%B8%D0%BA%20ceadc04ffe0c42848075e1a90b559c9a/9427CE36-46C3-475B-BB36-741A38A5566A.png)

мужик

Ля ебать я сегодня настрочил дохуя, наверное наибольшее за все время ведения дневника, в ноушене точно, да и в бумажном тоже думаю. Рекорд засчитан и зафиксирован

Все таки писать в течении дня в телефон сразу или когда есть минутка свободная - очень даже годная тема и зря я ее избегал и недооценивал. А то только вечером когда домой приду и сяду за ноут, то только тогда начинал писать что было за весь день и мои эмоции, что то подзабылось, да и лень столько писать часто бывает за один присесть, а как бы уже конец дня, дальше следующий будет, поэтому им сейчас или никогда уже не запишу именно сегодняшний день

Хочу прорыдаться жестоко 😭😭😭 чувствую как дерьмо накопилось и тянет меня на дно. Так хуего блять. Приятно было ещё с бабушкой поговорить, она мне сегодня позвонила поболтали, я ей так в шутку сказал что как бы не отчислили и она меня поддержала, тоже очень помогло мне конечно не поддержка, правда. Люблю тебя, бабуль!! 🥰🥰😍 вот сука стыдно сильно, что я так мало мне кажется времени ей уделяю, мало с ней общаюсь и избегаю даже общения, потому что мне не интересно и не о чем особо с ней общаться. Обычно я только слушаю ее рассказы, которые у неё всегда есть. Вот что что, а моя бабушка Тома всегда найдёт, что рассказать. Люблю ее за это. А я так вот с ней отношусь… ох да что же я такой уебан то, самых близких мне людей я так с нему поступаю и отношусь к ним - позор. Ей осталось возможно не очень долго, друг, не упусти возможность и время побыть рядом с ней… ничто и никто не вечен, помни это((((( грустно стало, отлично просто

А вот и Дяна ответила

![](%D0%94%D0%BD%D0%B5%D0%B2%D0%BD%D0%B8%D0%BA%20ceadc04ffe0c42848075e1a90b559c9a/2858088E-9CC3-47EB-BE57-C954C8A7B288.png)

 Боять ещё с паролями надо разобраться и новые придумать, а то мои блять утекли в сеть вот недавно узнал… сафари сказал и теперь вот ванпас 

![](%D0%94%D0%BD%D0%B5%D0%B2%D0%BD%D0%B8%D0%BA%20ceadc04ffe0c42848075e1a90b559c9a/5CB6A8BA-C26E-4E9D-8C72-B38D6AE5E0B3.png)

Ооо уже 102 записи «дневник» у меня. Горжусь собой!

А да, ещё что круто я считаю, что я прям молодец, это что теперь мне становится легче добавлять не совсем знакомых людей, в плане мы друг друга очень поверхностно знаем, например только в сети немного общались, так вот, первым, без какой либо конкретной причины добавлять их в друзья в вк или фоловить в инсте и ставить сколько угодно лайков на фотки, которые мне правда нравятся. Я считаю это нормально. Типо так и должно быть и я очень хочу продолжать развивать этот навык. Сегодня я проделал этот трюк с Вероникой из группы Даши. Тип мы с ней поверхностно знакомо, но все хорошо идёт, тип взаимоуважение все дела, поэтому я добавил ее сначала в вк первый, а сегодня вот инст увидел ее в вк и зафоловил. А потом лайкнул 3/8 фоток. Тип это же заебись, очень круто. Мне правда нравятся эти фотки и я сделал человеку приятное, расположил к себе +еще. Ему то явно приятно получить лайк - одобрение. Правда рад и доволен собой, что я так делаю уже довольно давно. Даже если результат неудачный, когда не фоловят/добавляют в ответ, как например с Викой, то мне похуй - ее дело, я же не заставляю проявлять взаимность. Моя цель - проявить к человеку интересе и внимание, показать его явно, а дальше он сам решит хочет он тоже сделать по отношению ко мне или нет. Так что на чиле брат 

Пойду что ли чекну, зафоловила ли она меня. Оооо нихуя себе, вот такое всегда приятно!!!!

![](%D0%94%D0%BD%D0%B5%D0%B2%D0%BD%D0%B8%D0%BA%20ceadc04ffe0c42848075e1a90b559c9a/1EC91F76-6513-4CCC-8751-1CFDDD392AF7.png)

![](%D0%94%D0%BD%D0%B5%D0%B2%D0%BD%D0%B8%D0%BA%20ceadc04ffe0c42848075e1a90b559c9a/2E2CD98C-039A-4150-ADC0-A5848C5D6626.png)

Вот видишь как мне приятно получать лайки! Вбей себе это наблюдение в голову! Так вот и каждому абсолютно человеку их приятно получать. Так что не ссы бля, спокойно делвй что хочешь. Нравится фотка - лайкай, для этого они и нужны и не думай ни о чем. Даже если кто то там че то доебется по рофлу, ну типо прямо скажешь, что очень красивые фотки вот ты и лайкнул хули тут. Хотя до меня ещё никто никогда так не доебывался, хотя думаю подсознательный страх есть у меня к такому. Вот Димас помню в ответ мне ВСЕ фотки пролайкал, потом уже я ему написал схахаха. Потому что это было для меня удивительным. Я написал просто что приятно и не рофлит ли он. А я то забыл, что я сам ему там чуть ли не все лайкнул и тип он тоже решил так сделать… но приятно то пиздец и я ему это написал прямо, если есть что сказать хорошего о человеке - говори! Тоже хорошее мото

А это просто для анализа какие ей нравятся фото

![](%D0%94%D0%BD%D0%B5%D0%B2%D0%BD%D0%B8%D0%BA%20ceadc04ffe0c42848075e1a90b559c9a/CDF030D8-9757-4781-9E7D-9602E1318968.png)

![](%D0%94%D0%BD%D0%B5%D0%B2%D0%BD%D0%B8%D0%BA%20ceadc04ffe0c42848075e1a90b559c9a/4B0D9DDD-069E-4516-800A-0EF6DCBAD8DC.png)

Вот такие пироги. Красивая девушка"
2021-05-28,Дневник,"May 29, 2021 12:33 AM","# дневник

Created: May 28, 2021 9:41 PM
Last Edited: May 29, 2021 12:33 AM
Tags: Дневник

пизда мне так хуего. максимально. по моему мне пиздец. я нихуя не сдам и меня отчислят блять. сука. догулялся. еще все пишут мне, заботятся, помогают, спрашивают это так мило и приятно на самом деле. но у меня настолько хуегое настроение, что мне не хочется разговаривать с кем либо. вот совсем. просто хочу, чтобы меня оставили в покое наедине со мной... мне так хуего. я так боюсь за свое будущее и переживаю. мне так обидно, что я довел до такого состояния. я чувствую, что будет пиздец следующий месяц. я не выдержу. я чувствую это. я слишком много отлыниваю от бота. аааааа блять какой же я еблан. ведь это только я виноват в этом сукааааа. я не хочу в армию!!!! бляять как же я не хочу в армию нахуй. боже блять спасите этого еблана кто нить. я не заботаю всё. у меня пропало желание учитья и ботать, по крайне  мере в такие короткие и сжатые сроки и такое количество материала. потому что я нихуя вот не знаю и мне просто максимально страшно завтра пойти к телеку и он начнет мне задавать даже базовые вопросы, а я буду говорить хуйню и просто опозорюсь... я буквально не смогу ответить на различие операций интегрирования и диффиренцирования... боже как же я пал. насколько это ужасно, просто в думайся. и мне еще повезло в этом семе попасть к телеку, когда все очно будет. просто класс. ему делать нехуй и он все спрашивает. ААААА я хочу плакать. рыдать. ныть. ничего не делать. я ничего не хочу. я хочу сделать суицид  уже, кажется  так будет проще... потому что реально если меня отчислят то всё - жизнь моя закончена. я её  проебал окончательно и безповоротно. а во всем винить только себя могу... вот к чему привела моя погоня к социально насыщенной жизни и за девушками... аааах. да как же жить надо. ботаю - мне хуего, я не живу а существую, гуляю - моя жизнь рушится, потому что буду работать на заводе всю оставшуюся жизнь и зарабатывать копейки, зато вспомнить есть что блять. АААААААА ну баланс нужен. я давно это понял. но как его найти. как им пользоваться. как его применить этот баланс сука((

мне страшно и одиноко

 боже какой же я еблааан блять я хочу плакать. я такой тупой беспомощный кусок  дерьма бляяяять. ааааа просто слабака, поддался этим разгулам, свободе блять. мне просто жалко маму и брата... я так их подвел. в меня столько блять вложили сука. боже какой же я еблан. я ненавижу себя. блять меня же реально отчилслить могут с большой вероятностью в этом семестре. сукаааа. ААААААА (((((((( блять. мне бы хоть ко всем экзаменам допуститься и я рад буду если только по тфкп и интурам улечу на пересдачу осеннюю. блять. какой я ущерб. как же я в себе разочарован, что только сейчас мне приходит осознание всего пиздец что я творил, что я гулял и не ботал. мне раньше было так похуй. я думал ну ладно сдам и сдам, ничего страшного и продолжал гулять.. но сейчас я уже так совсем не уверен. бляяяять какой я долбоеб. меня отчислят и моя жизнь конечена. буквально. я буду работать на каких то залупах, проебу год в армии, расстрою маму с братом самое неприятное в этом, если они вообще после такого будут мне помогать а не выгонят из дома на улицу... блять как  же я боюсь. как же мне страшно и хуего

ладно. надо признать - я обосрался по полной и это целиком моя вина и отвественность за мои действия только на мне и теперь надо разбираться с последствиями. я вроде успокоился, нашел все нужные материалы, теперь я посплю чутка и сяду ботать эти задачки шаблонные. планирую завтра просто написать две кр, кр1 по тфкп и интурам, а потом уже их защитить. думаю справлюсь. все будет хорошо, главное соберись и ботай! я верю в тебя! мы и не из такого дерьма вылазили, главное оставайся собой и будь уверенным в себе. борись до конца! мама с братом тебя оченнь сильно любят, помни это!"
2021-05-27,Дневник,"May 27, 2021 12:14 AM","# дневник

Created: May 27, 2021 12:05 AM
Last Edited: May 27, 2021 12:14 AM
Tags: Дневник

надо жить в моменте

ох как же я беспомощен. как мне ничего не хочется делать совершенно. вот ничего. не разговаривать ни с кем. не переписываться. не ботать особенно. ни что то еще. даже просто отдыхать не хочется. я не знаю чего я хочу. у меня нет сил никаких. кожа вся на пальцах изгрызана. мне даже больно писать сейчас, пальцы о клавиатуру бьются и больно. мда. нихуя не хочу. в тоже время всего хочу. хочу жить, а не существовать и проебывать жизнь. давненько мне так хуего не было блять. вот реально.  как будто я сейчас деградирую к своему прошлому я, который только и сидел дома и не было каких либо друзей у него. мне очень страшно из за этого. я очень сильно этого не хочу. пиздец. я люблю своих друзей. я их обожаю и я очень рад и благодарен судьбе, что у меня такое окружение. но я просто не знаю что со мной. пиздец. я очень уставший. подавленный. мне лень переписываться вообще стало. вот поговорить лично или по телефону это я с радостью пока что еще делаю. но вот переписываться... мне пиздец нет желания. а я просто ведь хочу иметь любимую девушку, которую можно обнять, поцеловать, быть рядом с ней, смотреть на ее добрую и искреннюю улыбку... я уже два года иду к этой цели, стараюсь, ищу, делаю шаги, развиваюсь, падаю, встаю... и все ничего.. я так и не  добился этого. сука. да схуяли это так сука сложно то блять. разве так должно быть??? может я такой уебок все таки?? что я делаю не так я не понимаю бляяяять. сука я просто хочу любимую девушку. слышать ее голос. гулять с  ней. трогать ее. ласкать. заботиться о ней.... а сука все не получается. да что такео. в чем моя ошибка((((( меня это угнетать стало очень сильно и я грустить прям начал пиздец. 

хотя с другой стороны вот есть диана, казалось что она мне нравится очень, и внешность и характер у нее ахуенный просто. но я хз... вот сейчас думаю и как  то  нет особых чувст. нет сильного желания делать какие то шаги, что то еще. просто ну будь что будет. если само срастется - окей. нет, ну похуй уже как то. хз почему.  может она не мой  человек? может в этом моя проблема, что я всегда пытаюсь найти кого то лучше и из за этого не фокусируюсь на одной девушке, которая на самом деле ахуенная????"
2021-05-25,Дневник,"May 25, 2021 3:21 AM","# дневник

Created: May 25, 2021 3:08 AM
Last Edited: May 25, 2021 3:21 AM
Tags: Дневник

дочитал седня первый свой комикс ""invincible"". просто очень зашел сериал и решил дочитать че дальше будет, не смог ждать. прикольный, правда он большой был очень и я не вдумчиво читал, а большую часть диалогов пролистывал, но не жалею, мне лень так было бы читать и я бы не захотел. так вполне хорошо

сегодня еще решил с мариной запостить в вк про аск фм залупу. спонтанно так получилось. чет кринжую немного сейчас хз с чего. сложно объяснить. наверное потому что сильно выделился  сейчас, меня всегда такое сильно смущало и как бы сбивало с ног. да, наверное это довольно точное описание. 

а так нихуя не делал весь день снова. ой пизда мне блять по учебе. сука. как же лень и похуй просто. завтра сдаю нормативы по военке, нихуя не готовился, но думаю все норм +- будет. похуй пляшем. справлюсь

и снова готовиться к новым зачетам и кр сука блять. как же я не хочу. спасите меня кто нить. еще сука 3 часа ночи и я нихуя не делал просто залипал в соцсетях. нихуя полезного, столько времени проебал в никуда. а мог спать и набираться сил для завтра. вот сука. минус режим

Позаботился сегодня о Дяне, дал ей выговориться и выслушал ее. Ей было очень приятно, она сказал, что это было очень мило с моей стороны 

Интересно, куда меня приведёт эта жизнь? Мой путь? Я не знаю, увидим

Блять, конечно меня очень настораживает моя проблема с грязевики кожи на пальцах рук, пиздец. Раньше это ещё было в малой степени, но последние месяца 4 я начал прям очень жоско их грызть, давно такого не было. Что до крови и мяса, встаю порой и руки пиздец шипят как после спирта раны… ля, не знаю какая причина, но как же я заебался их грызть, буквально в жизнь грызу их епта. Надеялся, что хоть до 20ого др перестану… ну ещё есть шанс"
2021-05-23,Дневник,"May 24, 2021 1:34 AM","# дневник

Created: May 23, 2021 2:34 AM
Last Edited: May 23, 2021 2:56 AM
Tags: Дневник

пизда мне по учебе по ходу. нихуя не хочу писать и делать. блять. еще  заебали мне  все писать блять. сука еще этот баг на маке с двумя пробелами сука. заебал. как то он участился сейчас. аааа да шо делать. отчислят нахуй. и лень так ботать в никакую прямо. еще заебало реально что все сука мне пишут что то. я устал всем отвечать и поддерживать диалог активно, а не на похуй знаешь написать там ""пон"". ля. еще тимоха блять. мы с ним уже две недели общаемся нон стоп. это тип когда он че то вкидывает постоянно, спрашивает меня и тд, на любой мой ответ вкидывает еще больше и постоянноо. и как бы ну это круто что ему нравится со мной общаться с одной стороны, а с другой заебал он меня, я устал уже так часто с человеком общаться. мне страшно зайти куда то, залить в канал в тг что то, потому что нужно ему сначала ответить иначе некрасиво получается... вот люблю блоками общаться. когда натурально подходите к завершению диалога и все. как бы пообщались заебато, закончилось хорошо, поддержали отношения и потом если будет инсайт какой то снова поговорите - заебись.

на нк впервые съездил. прикольно. так много гуляю конечно. сегодня еще хотел ботать день - нхиуя не ботал и еще хотел к даше  поехать она пригласила к себе в высотку пиццу покушать. а потом сама же и слилась... тупые бабы блять. вот буквально она сама нихуя не знает чего она хочет блять. я ебал. как они живут так? она то хотела, потом перехотела отменила потом то се и тд пятое десятое... ебнуться. бабы ебнутые блять

ладно, че то в тяготу писать что то, только если чисто факты перечислять. лень и нет желания вообще. пойду спать лучше тогда

я устал общаться, от неботания и своей слабости

![](%D0%B4%D0%BD%D0%B5%D0%B2%D0%BD%D0%B8%D0%BA%20fa141cfb61e34da8a752b6ff1b42d5cf/_LM7NmgMtyM.jpg)

бля фотка ахуенная просто. как же я такие фото на память обожаю реально. такой кайф на них потом смотреть пиздец кайфую. момент такой ценный запечатлен. вот пройдет 5 лет, будет мне 25 увижу эту фотку и точно улыбнусь от нахлынувших воспоминаний!!!!)

аа еще че. походу наконец то доделал до конца запись с мц. надеюсь одобрят и я свободен наконец блять. ебал рот хуйню эту сука!!! но прикольно в конце концов быо, скилл поднял явно! надеюсь в скором времени потом и маша доделает и выпустят репортаж со мной!!!

ля как круто, что я канал в тг начал вести. прикольный опыт, да и своего рода публичный дневник так скажем. попиздеть можно с ребятами. прямо активно в чатике обсуждаем что то с антоном некитом и мариной. прямо балдеж. а еще круто, что туда продолжают потихоньку приходить новые люди!! мне очень приятно. уже 27 человек!!! еее и все мои друзья/подруги)) круто, что я проделал такой большой путь от хикки до души компании любой!!!!

все никак дневник витали не прочту хех. да похуй на самом деле,но ладно. просит блять канал личные в своем канале... я ему блять свой канал раза 3 про него говорил и ему похуй было... странный мув ну ладно, не хочет не надо. еще у меня дневник мой просил. так спокойно, не ну он конечно свой мне доверил, но бля, я не обязан проявлять сразу такой же уровень доверия и открытости. я не готов кому либо показывать, а уж его то я почти нихуя не знаю

бля, а разбавлять текст картинками и всякими медиа файлам - круто. прямо пишу смотрю на фотку и сразу хорошо на душе становится) я там так улыюась, молодец. в послденее время мне так нравится как я выгляжу и когда улыбаюсь с зубами, прямо красавчик. что хочется улыбаться только

![](%D0%B4%D0%BD%D0%B5%D0%B2%D0%BD%D0%B8%D0%BA%20fa141cfb61e34da8a752b6ff1b42d5cf/Screenshot_2021-05-23_at_02.56.04.png)

![](%D0%B4%D0%BD%D0%B5%D0%B2%D0%BD%D0%B8%D0%BA%20fa141cfb61e34da8a752b6ff1b42d5cf/Screenshot_2021-05-23_at_02.56.34.png)"
2021-05-23,Дневник,"May 23, 2021 2:56 AM","# дневник

Created: May 23, 2021 2:34 AM
Last Edited: May 23, 2021 2:56 AM
Tags: Дневник

пизда мне по учебе по ходу. нихуя не хочу писать и делать. блять. еще  заебали мне  все писать блять. сука еще этот баг на маке с двумя пробелами сука. заебал. как то он участился сейчас. аааа да шо делать. отчислят нахуй. и лень так ботать в никакую прямо. еще заебало реально что все сука мне пишут что то. я устал всем отвечать и поддерживать диалог активно, а не на похуй знаешь написать там ""пон"". ля. еще тимоха блять. мы с ним уже две недели общаемся нон стоп. это тип когда он че то вкидывает постоянно, спрашивает меня и тд, на любой мой ответ вкидывает еще больше и постоянноо. и как бы ну это круто что ему нравится со мной общаться с одной стороны, а с другой заебал он меня, я устал уже так часто с человеком общаться. мне страшно зайти куда то, залить в канал в тг что то, потому что нужно ему сначала ответить иначе некрасиво получается... вот люблю блоками общаться. когда натурально подходите к завершению диалога и все. как бы пообщались заебато, закончилось хорошо, поддержали отношения и потом если будет инсайт какой то снова поговорите - заебись.

на нк впервые съездил. прикольно. так много гуляю конечно. сегодня еще хотел ботать день - нхиуя не ботал и еще хотел к даше  поехать она пригласила к себе в высотку пиццу покушать. а потом сама же и слилась... тупые бабы блять. вот буквально она сама нихуя не знает чего она хочет блять. я ебал. как они живут так? она то хотела, потом перехотела отменила потом то се и тд пятое десятое... ебнуться. бабы ебнутые блять

ладно, че то в тяготу писать что то, только если чисто факты перечислять. лень и нет желания вообще. пойду спать лучше тогда

я устал общаться, от неботания и своей слабости

![](%D0%B4%D0%BD%D0%B5%D0%B2%D0%BD%D0%B8%D0%BA%20fa141cfb61e34da8a752b6ff1b42d5cf/_LM7NmgMtyM.jpg)

бля фотка ахуенная просто. как же я такие фото на память обожаю реально. такой кайф на них потом смотреть пиздец кайфую. момент такой ценный запечатлен. вот пройдет 5 лет, будет мне 25 увижу эту фотку и точно улыбнусь от нахлынувших воспоминаний!!!!)

аа еще че. походу наконец то доделал до конца запись с мц. надеюсь одобрят и я свободен наконец блять. ебал рот хуйню эту сука!!! но прикольно в конце концов быо, скилл поднял явно! надеюсь в скором времени потом и маша доделает и выпустят репортаж со мной!!!

ля как круто, что я канал в тг начал вести. прикольный опыт, да и своего рода публичный дневник так скажем. попиздеть можно с ребятами. прямо активно в чатике обсуждаем что то с антоном некитом и мариной. прямо балдеж. а еще круто, что туда продолжают потихоньку приходить новые люди!! мне очень приятно. уже 27 человек!!! еее и все мои друзья/подруги)) круто, что я проделал такой большой путь от хикки до души компании любой!!!!

все никак дневник витали не прочту хех. да похуй на самом деле,но ладно. просит блять канал личные в своем канале... я ему блять свой канал раза 3 про него говорил и ему похуй было... странный мув ну ладно, не хочет не надо. еще у меня дневник мой просил. так спокойно, не ну он конечно свой мне доверил, но бля, я не обязан проявлять сразу такой же уровень доверия и открытости. я не готов кому либо показывать, а уж его то я почти нихуя не знаю

бля, а разбавлять текст картинками и всякими медиа файлам - круто. прямо пишу смотрю на фотку и сразу хорошо на душе становится) я там так улыюась, молодец. в послденее время мне так нравится как я выгляжу и когда улыбаюсь с зубами, прямо красавчик. что хочется улыбаться только

![](%D0%B4%D0%BD%D0%B5%D0%B2%D0%BD%D0%B8%D0%BA%20fa141cfb61e34da8a752b6ff1b42d5cf/Screenshot_2021-05-23_at_02.56.04.png)

![](%D0%B4%D0%BD%D0%B5%D0%B2%D0%BD%D0%B8%D0%BA%20fa141cfb61e34da8a752b6ff1b42d5cf/Screenshot_2021-05-23_at_02.56.34.png)"
2021-05-18,Дневник,"May 20, 2021 5:01 PM","# Дневник

Created: May 18, 2021 12:19 PM
Last Edited: May 20, 2021 5:01 PM
Tags: Дневник

Ахуеть, я впервые жизни так уверенно врал кому то, конкретно маме. Прям уверенным голосом, без запинок, вот прям с комитментом к делу. Никогда раньше не получалось. Всегда я как то волновался сильно, а правильно ли я делал прямо в моменте, чтосоверщенно неправильно - если решил что то, то уже не думай ни о чем, а просто делай то, что решил! Или мне становилось чаще всего просто банально лень придумывать, что сказать правдивого, идти до конца, потому что я понимал, что все, просто мне напиздеть не получится, надо выкручивать и я всегда сливался, а сегодня ахценно получилось! Как ни странно, но я горжусь собой за такое! Что получилось! Это не очень правильно, но полезный навык и я впервые отлично выполнил такое действие!!! Красава, так держать! А в итоге мне просто нужны были деньги, потому что какая то сука подписка спизидила у меня 500 рублей блять и не первый раз уже, а я только заметил это и в итоге, даже после того, как я попросил в долг у Некита, то я смотрю и думаю, а хули все равно так мало вышло то блять!!? Пиздец, потом то я увидел куда деньги ушли... суки. Вот ну и я сказал маме, что нужна 1000 для справки там для военкомата у психолога, специфическая. 

Вообще, что я понял из этого опыта, что нужно говорить максимально общими словами стараться, не вдаваться в детали, а говорить тип «я хз вот нужна специфическая справка для военки я хз, я позвонил и они вот сказали, что поняли о чем я и сделают мне. Больше я не знаю и не интересовался.» вот так как то, прямо годная стратегия 

Сэкономил сегодня 50 Рубасов в результате неосознанных торгов с продавщицей цветов, ееее. Я сказал тип «а эти 150 стоят?» она такая «не, 160, но давайте по 150»!!!

Вот цветочки такие купил Диане, думаю, понравятся :)

![](%D0%94%D0%BD%D0%B5%D0%B2%D0%BD%D0%B8%D0%BA%203139c8167c1249d486b6737a1b45f800/D4C39C47-570E-495B-8591-7885EEA04647.jpeg)

![](%D0%94%D0%BD%D0%B5%D0%B2%D0%BD%D0%B8%D0%BA%203139c8167c1249d486b6737a1b45f800/EBFDC0D5-A0B1-4259-9209-9958AF65B5A9.jpeg)

![](%D0%94%D0%BD%D0%B5%D0%B2%D0%BD%D0%B8%D0%BA%203139c8167c1249d486b6737a1b45f800/813AC3C8-DC0B-4D38-950E-9E78D70ABCF0.jpeg)

![](%D0%94%D0%BD%D0%B5%D0%B2%D0%BD%D0%B8%D0%BA%203139c8167c1249d486b6737a1b45f800/1D1FDF08-1BE8-4583-A21E-BA8EA57A1226.jpeg)"
2021-05-17,Дневник,"May 17, 2021 2:24 AM","# дневник

Created: May 17, 2021 12:51 AM
Last Edited: May 17, 2021 2:24 AM
Tags: Дневник

чет пиздец хуевый день. хуевый выхи. хуевыо настроение. я сегодня впервые за долгое время прямо рыдать начал от пиздеца накопвшегося. сука какая хуйня то сам виноват причем блять. какой мудила то сука. ненавижу себя. мне так хуего. я не знаю чего хочу. что делать. куда стремиться. как поступать... я запутался в игре под названием жизнь... сука. я не знаю ЧТО ДЕЛАТЬ!!!! по учебе пизда полная, хуева куча долгов, все зовут гулять меня туда сюда, столько ту всяких, я смотрю как все тусуются а я тут кисну и грустно пиздец становится, и вот я разрываюсь перед всем этим и не могу блять. что делать. как поступить. потому что ботать я вообще нихуя не хочу. вот просто ни капли блять. никакого желания. никакой мотивации. я очень хочу псж написать. прям очень. но в тоже время и не хочу совсем. блять. я просто хочу чтобы было легче учиться и так не ебали нахуй. потому что отчисление на первое время решит мои проблемы и мне не придется париться с дедлайнами этими... но мифи - это мое все, это моя жизнь на данный момент буквально. там все мои друзья почти, подруги, оно держит меня в здравом уме, оно близко дома, я уже на высокой ступени социальной иерархии здесь, меня много кто знает, мне из за этого легко знакомиться с новыми людьми, общаться легко, интересных людей дохуя, развиваюсь в коммуникативынх навыках жестко.... так что я не могу уйти отсюда, но в тоже  время я не могу это потянуть... я не знаю что мне делать. мне очень тяжело. причем не то что я программу не тяну. а потому что я не ботаю вообще нихуя. я просто списываю или делаю хуй знает как и хуй знает сколько времени. да что там блять говорить... я домашку в вузе НИ РАЗУ НЕ СДЕЛАЛ за все время обучения блять. максимум в первом семе... это такой стыд блять

еще даша нахуй меня бесит. боже, она совершенно не умеет поддерживать. это пиздец полнейший. по крайне мере текстом. это кринж бля. хуйню несет, которая нихуя не помогает. общие советы, не пытается разобраться в том, что я чувствую, чего хочу. просто общие клише типо разберись в себе. слова понимаю тебя. или на себя переключается типо  ей тоже дохуя тяжело нахуй. ааааа  блять бесит. причем я не знаю, что она должна была скзаать, чтобы мне стало легче. я не знаю сам. меня просто бесит этот факт вот. я не виню ее. я просто хочу чтобы меня кто то обнял, поддержал, сказал вдохновляющие  слова и был рядом со мной... ааааах блять, как хуего

алиса сегодня написала и пригласила покататься на великах после учебы... после вчерашнего фиаско с ответом в одно слово... боже, какие же бабы странные  блять. я в ахуе. 

ааааааа учеба нахуй, как мне ботать. чего я хочу?

завтра пойду с алисой покатаюьс на великах надеюсь, а в вт с дианой в киноху

Боже, спасибо, что Тимоха существует!! Как же мне приятно его слова и ласкают мне душу!! Никто мне такого никогда ещё не говорил! Аааа, как же круто!!!! То что я всегда хотел услышать от людей он наконец сказал!!!!! Ааа! Люблю тебя как брата!!!!"
2021-05-15,Дневник,"May 16, 2021 2:42 PM","# дневник

Created: May 15, 2021 10:12 PM
Last Edited: May 16, 2021 2:42 PM
Tags: Дневник

ААААА БЛЯТЬ СУКА ГОРИТ НАХУЙ. СУКА опять из за даши. ревность неприязнь я не знаю что это. но блять знать что она ебалась с кем то и явно часто и не с одним парнем, а со мной нет. АААОПАААААА БЛЯТЬ СУКА как неприятно и горит с этого, вот просто горит нахуй блять. Я спросил у нее про месячные и прокладки и сука нахуй она меня затролила что я че додик какой то нахуй что ли, были ли у меня подруги, девушки, сестры??? аааа блять с этого горит так сука неприятно и низко себя чувствую, как будто я ничто по сравнению с ней и ее сексуальым и интимным опытом. а блять бесит блять хррр тфу. вот нахуя такое писать, нахуя этот хейтинг, что у меня просто не было такого опыта, может быть интереса бля, ну нахуя а блять? ну... а горит пердак с таокго. очень неприятное чувство теперь у меня, чувствую себя подавленнно, низко, никем, ничтожеством, что я неполноценный, что не было особо отношений у меня... как будто я неправильный(((

сука еще с алисы горит. поинетерсовался как она. так она меня весь день игнорила, а потом просто ответила ""привет, да"" боже блять, какое неуважение просто я ебал. как такие люди находят друзей? пиздец разочаровывает меня

![](%D0%B4%D0%BD%D0%B5%D0%B2%D0%BD%D0%B8%D0%BA%20021012481cad4ff9a6b5b487cfba4c10/Screenshot_2021-05-16_at_14.42.17.png)

просто такой похуизм - бесит. ну ладно, не хочет и не надо тогда"
2021-05-14,Дневник,"May 14, 2021 2:37 AM","# Дневник

Created: May 14, 2021 2:32 AM
Last Edited: May 14, 2021 2:37 AM
Tags: Дневник

Спустя начал существования моего акка в инсте я решил сменить логин впервые:

![](%D0%94%D0%BD%D0%B5%D0%B2%D0%BD%D0%B8%D0%BA%201d505613c6714df09c71677dd6400e51/C9F97681-A0D5-4A2F-A15F-E33DF975EB71.png)

![](%D0%94%D0%BD%D0%B5%D0%B2%D0%BD%D0%B8%D0%BA%201d505613c6714df09c71677dd6400e51/DA47C597-29D7-4B96-8591-675ECD97AA3C.png)

![](%D0%94%D0%BD%D0%B5%D0%B2%D0%BD%D0%B8%D0%BA%201d505613c6714df09c71677dd6400e51/6ABA35B0-05DE-4EBD-9D6C-D51B68DE4792.png)

![](%D0%94%D0%BD%D0%B5%D0%B2%D0%BD%D0%B8%D0%BA%201d505613c6714df09c71677dd6400e51/CDE6BCB3-3D01-4B8F-B62C-B8F6DF52E128.png)

 

На более простое и запоминающееся и в тоже время довольно уникальное имя -vasilizder. Для чего? Ну наверное с мыслью на будущее, чтобы продвигать себя в инсте и свой блог так скажем. А то glitchytech_13 как то сложно пишется и читается для людей, не раз меня спрашивали как читать правильно, потом не запоминается мб, не уверен. Ну крч просто мне кажется этот лучше будет, посмотрим уже дальше. Кстати, слава богу создатели не лохи и у меня не слетели отметки на фотках. Фух, а то я волноваться немного начал

![](%D0%94%D0%BD%D0%B5%D0%B2%D0%BD%D0%B8%D0%BA%201d505613c6714df09c71677dd6400e51/5451BE9A-BB55-4A5F-AF58-8116D76D03E5.png)

Приятно кстати, что в телефонной версии можно несколько фоток прикреплять, хотя в десктоп нельзя сука, только одну за раз!"
2021-05-14,"Дневник, Каша из мыслей, Смешанные чувства","May 14, 2021 2:38 AM","# Дневник

Created: May 14, 2021 2:32 AM
Last Edited: May 14, 2021 2:37 AM
Tags: Дневник

Спустя начал существования моего акка в инсте я решил сменить логин впервые:

![](%D0%94%D0%BD%D0%B5%D0%B2%D0%BD%D0%B8%D0%BA%201d505613c6714df09c71677dd6400e51/C9F97681-A0D5-4A2F-A15F-E33DF975EB71.png)

![](%D0%94%D0%BD%D0%B5%D0%B2%D0%BD%D0%B8%D0%BA%201d505613c6714df09c71677dd6400e51/DA47C597-29D7-4B96-8591-675ECD97AA3C.png)

![](%D0%94%D0%BD%D0%B5%D0%B2%D0%BD%D0%B8%D0%BA%201d505613c6714df09c71677dd6400e51/6ABA35B0-05DE-4EBD-9D6C-D51B68DE4792.png)

![](%D0%94%D0%BD%D0%B5%D0%B2%D0%BD%D0%B8%D0%BA%201d505613c6714df09c71677dd6400e51/CDE6BCB3-3D01-4B8F-B62C-B8F6DF52E128.png)

 

На более простое и запоминающееся и в тоже время довольно уникальное имя -vasilizder. Для чего? Ну наверное с мыслью на будущее, чтобы продвигать себя в инсте и свой блог так скажем. А то glitchytech_13 как то сложно пишется и читается для людей, не раз меня спрашивали как читать правильно, потом не запоминается мб, не уверен. Ну крч просто мне кажется этот лучше будет, посмотрим уже дальше. Кстати, слава богу создатели не лохи и у меня не слетели отметки на фотках. Фух, а то я волноваться немного начал

![](%D0%94%D0%BD%D0%B5%D0%B2%D0%BD%D0%B8%D0%BA%201d505613c6714df09c71677dd6400e51/5451BE9A-BB55-4A5F-AF58-8116D76D03E5.png)

Приятно кстати, что в телефонной версии можно несколько фоток прикреплять, хотя в десктоп нельзя сука, только одну за раз!"
2021-05-09,Дневник,"May 14, 2021 12:00 AM",
2021-05-07,Дневник,"May 13, 2021 11:59 PM",
2021-05-06,Дневник,"May 13, 2021 11:59 PM",
2021-05-06,Дневник,"May 6, 2021 2:55 AM",
2021-05-05,Дневник,"May 6, 2021 2:55 AM",
2021-05-04,Дневник,"May 5, 2021 1:22 AM",
2021-05-03,Дневник,"May 3, 2021 10:21 PM",
2021-04-27,Дневник,"May 3, 2021 9:58 PM","# Дневник

Created: April 27, 2021 12:00 PM
Last Edited: May 3, 2021 9:58 PM
Tags: Дневник

Не заходил в вк день, с 6 наверное вчерашнего вечера, просто делаем ставки сколько у меня там сообщений... ставлю на 11, ля приятно с одной стороны очень сильно, что люди мне пишут, хотя конечно из них где то половина будет бесед, но ведь даже 5 лс это очень много! Так что да, а с другой стороны, мне так лень отвечать, а если вам ещё от каждого гс будет.... то я сдохну

![](%D0%94%D0%BD%D0%B5%D0%B2%D0%BD%D0%B8%D0%BA%20e46e19cd705148bd88d9a7c2ed328251/75657AC4-40E0-4841-9348-A5196DD66F58.png)

Почти угадал - 10

Ого, мне впервые за очень долгое время кто то кинул заявку в друзья, причём не при личном там контакте, а после общения уже в онлайне кинул, обычно это я делаю 

Бля, честно, то я ожидал увидеть много сообщений и гс от Алисы.... а в итоге на кучу моих сообщений она ничего вообще не ответила.... ебать, вот это меня правда удивило оч сильно... в неприятную сторону прямо скажем. Обидно и грустно как то даже, хотел ей написать что то, поговорить с ней, прям очень сильное желание было, но потом подумал, что не стоит. Я как то обиделся, если у неё было желание, она бы ответила на одно из моих сообщений что нибуь, возможностей дохуища так то, но нет, она это ничего не сделала, поэтому похуй тогда. Да и слишком часто спрашивать как прошёл день, как самочувствие, как настрой, как настроение и так далее, то это как то странно уже мне кажется, это работает если вы уже прям близкие люди, но я этого пока с ней не чувствую и эта вся ситуация только отладила меня от этих мыслей 

Бля, почему я раньше с телефона не писал в ноушн? Мне казалось это дико неудобно, но нет, это нормально, теперь у меня будет норм заполненный дневник, а не пустой, потому что я пишу только в конце дня, теперь я могу писать когда захочу сколько захочу и все это я написал за минут 10 - вышло дохуя уже. Так что балдёж рил, хорошо, что я начал так делать. А то раньше когда был на улице то писал все в тг почти, потому что мне казалось там удобнее, но в итоге мне не нравится, что что то у меня в тг, что то в ноушн... я хочу, чтобы один вид контента был в одном месте и только в одном, а не синхронизировать цепочку событий из разных мест - так неудобно

Бля начал переживать снова из за головы и самбо этого ебаного, пиздец. Меня там блять кидали много и мощно, что мне стал страшно правда за мою голову и самое главное мой мозг - пиздец. Давно такого не было. А мне страшно, что из за этих ударов и вибраций в голову от падения у меня может дикция ухудшиться... пиздец реально страшно из за этого..... очень я этого боюсь всего, потому что у меня такое ощущение сильное, наитие, что мои проблемы с дикцией если не начались после того как я начал ходить на карате, то хотя бы усилились из за него.... надо сходить к неврологу и спросить у него про это

Сижу в стцдофисе и тянка напротив меня мы с ней довольно часто пересекаемся взглядами. У неё такого же цвета волосы, неплохая вполне тянка и по внешности и вроде по характеру, ну это со стороны первое поверхностное впечатление. Просто эмпирическое наблюдение 

А ещё я ожидал увидеть сообщение от Маши, но его тоже нет.... ахуеть, все предсказания не сбылись. как то даже хз... неожиданно 

Ненавижу самбо 

А ещё меня вчера Марина спросила совет про ситуацию тяжелую из жизни. Я был удивлён и польщен конечно. 8 минут гс вышло"
2021-04-26,Дневник,"May 3, 2021 9:58 PM","# Дневник

Created: April 26, 2021 6:51 PM
Last Edited: May 3, 2021 9:58 PM
Tags: Дневник

Ля ахуеть просто че происходит. Аня позвала сходить с ней в магаз. Я так ахуенно разговариваю и причём с такой скоростью, прям реально быстро, но очеееень чётко. Я так в ахуе с себя!! Молодец!! Причём Аня сама позвала ааааа ебать. Че происходит то. Хз че будет, но я кайфую."
2021-04-26,"Восторг, Дневник, Радость","April 26, 2021 3:03 AM","# Дневник

Created: April 26, 2021 6:51 PM
Last Edited: May 3, 2021 9:58 PM
Tags: Дневник

Ля ахуеть просто че происходит. Аня позвала сходить с ней в магаз. Я так ахуенно разговариваю и причём с такой скоростью, прям реально быстро, но очеееень чётко. Я так в ахуе с себя!! Молодец!! Причём Аня сама позвала ааааа ебать. Че происходит то. Хз че будет, но я кайфую."
2021-04-24,Дневник,"April 26, 2021 12:46 AM","# Дневник

Created: April 24, 2021 4:58 PM
Last Edited: April 26, 2021 12:46 AM
Tags: Дневник

Только что девушка уронила зонт и зашла в эльку, которая вот вот уедет. Я заметил и мгновенно поднял его и начал ей кричать «девушка, девушка!!» она сначал не слышала и не реагировала. Я такой думаю ну пиздец я не буду заходить ещё двери закроются и крикнул громче, как мне казалось, я просто был в наушниках и не могу оценить насколько громко и какой у меня голос был. Но она наконец отреагировала и забрала и поблагодарила меня. Ну а я довольный пошёл дальше

Сижу в метро смотрю на своё отражение и думаю «Боже, какой же я ахуенный и уверенный себе 🥰😍»

Сука снова заплатил за девку, минус 1400... где наверное 700 ее.... сука блять, снова не смог сказать ей прямо, что тип хотя бы просто сказать, чтобы она мне за себя кинула

А не, ладно, прошу прощения, зря быканул.... она в итоге после прощания написала в вк поперчила телефон, чтобы за сидр кинуть деньги"
2021-04-23,"Дневник, Каша из мыслей, Личное, Мысли","April 24, 2021 1:29 AM","# Дневник

Created: April 23, 2021 4:07 PM
Last Edited: April 24, 2021 1:29 AM
Tags: Дневник, Каша из мыслей, Личное, Мысли

Бля ненавижу отказывать сукаааа. Отказал пойти с Тимохой гулять, потому что хочу с цирком пойти. Сука. Так неловко и неприятно, чувствую себя мразью и что он подумает, что мне похуй на него..... ааааа сука балять

в итоге написал ему, что сори такие дела. неприятно и неловко не круто как то, чувствую себя мразью какой то, что слился....

в итоге посидел с машей часа два в доминос, мы поболтали, она ввела меня в новый курс дела ситуации с Димой и Севой. я сказал своё мнение, поддержал её. я такой прям был седня на позитиве с ней. такая дикция прекрасная была, причем говорил я быстро с ней и все равно отлично было все, без запинок. активно контактировал с ней, держал за плечи, брал за руки вот это вот все. то есть частенько. ну а что, в таких ситуациях особо что то не скажешь, поэтому единственное, что остается - это крепко обнять. а так как мы были в кафе, то вот то, что я написал. потом попрощались с ней и крепко обнялись на остановке и я поехал к парням в бар

там суперски посидели я Антон Тимыч и Артём. поболтали, выпили, пошутили, постебались. ооох кайф такой ля. завтра еще с тимычем на тусу в клуб пойдем девчонок клеить. еееее балдеж. я прямо в предвкушении сейчас большом. думаю пройдет все заебись и засосу минимум 3 девчонок, так смачно прямо засосу и потрогаю. ляяя потрогать хочу и пососаться. будет заебись все, я уверен в себе

потом после бара я предложил покататься на элеткро самокатах, потому что они как раз у входа в бар стояли. поездили на красной площади и хотя они не были с прям сильным энтузиазмом в начале, но в конце всем понравилось, сказали классная вещь!

думаю завтра с Алисой на них покататься, она сказала, что не каталась. прикольно будет. хз, что ждать от этой встречи. рассматривает она меня как парня? или может у нее уже есть парень? ооох я не ебу. но позвала как бы она меня встретиться, сказала что ей кажется, это будет интересно! так что да. будет явно интересно. посмотрим по ситуации и по поступающей информации в риал тайм что да как действовать. почему то сейчас картина в голове у меня, что мы с ней пососемся. хех, посмотрим. но как минимум пообщаемся и я тоже думаю, что это будет интересный диалог. получу дополнительный опыт с женщинами, а онн никогда не бывает лишним!

после прогулки с ней поеду в клуб сразу, поэтому видимо придется сразу одеваться нарядно. ну ладно, почему то меня это волнует, что типо я так выделяться буду и такой нарядный, что прям неловко как то.... а похуй должго быть, вот что. я - ахуенен! уж тем более в суперском наряде!

ляяя честно, мне страшно это говорить и может это не правильно, но мне так приятно обниматься с машей! у нее такая большая грудь, я не могу. и мы всегда так крепко прижимаем друг друга (оба, взаимно), что прям аааа, ее грудь распластается по моей груди и прямо такой каааайф. 

вообще, то я заметил, что я изменил подход к обниманиям. я стал крепче обнимать, потом добавил движения рукой, поглаживания по спину, как знак более крепких отношений. рукой вообще тема гладить или так нежно водить. или даша вот рукой похлопывала нежно, давая знак, что хочет прекратить обнимать типо ""ладно ладно, хватит обниматься"". тоже стоит взять на заметку в будущем думаю. хотя у меня еще не было ни разу ситуации, чтобы я хотел перестать с кем то обниматься аххапхахпах"
2021-04-22,"Дневник, Каша из мыслей, Смешанные чувства","April 22, 2021 11:37 PM","# дневник

Created: April 22, 2021 9:45 AM
Last Edited: April 22, 2021 11:37 PM
Tags: Дневник, Каша из мыслей, Смешанные чувства

ебать у меня сгорело сейчас. забирал остатки заказа, который не привезли полностью и который мама забарала. так вот остался ингалятор. заказ собственно уже помечен как выполненный. и вот представь, нихуя нет, приходит какой то хуй с горы и говорит ""дайте мне хуйню эту"" заказ был ля ля ля. соотвественно меня начинают спрашивать точечные вопросы, на которых я совершенно не ебу что ответить. и сука я так ненавижу такие ситуации, когдя я просто как беспомощный ребенок стою и не ебу что делать. или начинать наводить кипиш просто и чтобы они все решали, орать, кричать и тд или просто стоять и качать головой и меня просто нахуй пошлют. АХУЕННЫЕ ВАРИАНТЫ сука. все такая хуйня блять. меня так горит с такого это пиздец. настроение просто испортилось максимально. до сих пор на взводе и эмоциях.

бля какие гандоны из другой группы телека, где даша. я ебал в рот. суки никто кроме даши не кинул от них работу. суки жадные. неужели это так сложно? если же они такие умные и написали все, то им тяжело помочь? пиздец

что то я грущу, зависть настигла и какое то осознание ущербности, что люди так много всего делают, а я то что в итоге.....? вон чел с которым на тусе познакомился Виталя, он так лкш прога работа стартапы еще хуйня всякая, так еще и онлайн дейтинг, знакомится со всеми, оч круто. я почитал его канал и прямо зависть настигла, прямо грустно стало, что он так много всего добился, а я столько времени, усилий своих вкладывал в свою соц жизнь, в искусство знакомств, общения с девушками и что в итоге? два поцелуя всего? балять.... мне даже стыдно как то.... отношения построить тоже не получилось... неужели я такой ущербный и неудачник?

сегодня совершенно спонтанно решил пойти наконец то покраситься в пепельный блонд в парикмахерской!! я очень давно это хотел, но боялся(( что дорого, что там хз взгляды поймаю, но прежде всего, что дорого очень выйдет.в итоге это обошлось мне в 2200 всего лишь! получилось просто замечательно, женщина-парикмахер просто золото! Она так со мной тщательно возилась, укладывала прическу, поделилась знаниями, советами, даже по секрету дала формулу краски моей для волос!!! оох, классно классно, вот так и бывает, совершенно не ожидаешь, а на тебе как бывает.

потом появилось дикое желание пойти покататься на скейте. хз, вот просто было и все. пошел взял его у бабушки и покатался пол часа+. не то что получил супер кайф, но интересно было. просто я все еще не понимаю прикола скейта. типо мнне так страшно кататься, потому что там хуй затормозишь, что от любого препятствия я могу нахуй полететь и содрать себе ебучку и тд и тд. и как бы мне кажется, что нет у этих проблем рационального решения, вот просто нет. это риск, который идет за счет удовольствия от катания. ну или я чего то не знаю или опыта еще должного нет..... хз, но пока что я не раскусил прикола скейта

ой а потом я так заебался, мне так много кто писал, так много кому ответить и ведь никого не хочу игнорить, но маша мне там столько гс послала, что жесть и надо их внимательно послушать, потому что мне это важно. в общем замотался пиздец. потом начал общаться с девчонкой с 4 курса, Алиса зовут. так спонтанно тоже. я за ней слежу уже год наверное и раньше она меня не замечала просто, а сейчас из за Вовы и его стендапа мы разговорились как то, она мне про бебура ответила и мы начали активно общаться. и как бы я особо надежд не строил на нее в плане девушки, потому что я ее младше на 2 года, но... видимо у нее уже есть парень тоже.... ах, эль класик. как заебало. кажется моя страта не работает. надо делать на мужика как брат, просто писать сразу мотив и все. не хочет - ладно, зато время не трачу на нее... но страшно сука или я даже хз чего боюсь.

тип если написать так тянке какой нить с потока, то слухи пойдут или после этого общение будет напряженным, а мне этого не надо, мы в одном котле варимся и будем еще долго это делать, возможно мне потом понадобится ее помощь или что ещё. так что я хз.... надо подумать...."
2021-04-21,"Беспокойство, Дневник","April 26, 2021 3:03 AM","# дневник

Created: April 21, 2021 4:15 PM
Last Edited: April 26, 2021 3:03 AM
Tags: Беспокойство, Дневник

бля я не знаю что делать, кажется я теряю себя и падаю в яму прошлого себя. мне лень с кем то идти на прогулки, общаться, заводить новые знакомства. аааах. я не знаю что мне делать. что изменилось? что изменить? потом еще с дашей этот чит чат, который снова заставил о ней думать, потом ее фотка ахуенная на хом мифи. блять. сука. ну ебать, причем же другим я уверен гораздо сложнее, но я не могу перестать переживать за себя, что мне хуего. что мне делать? я хочу учебу подправить, получить девушку, заводить новые интересные знакомства, получать различные опыты, выходить из зоны комфорта, саморазвиваться, духовно, морально, физически, следить за своей дикцией и много чего. но как мне это все сделать? у меня не выходит.... я не могу.... я сдаюсь под этим давлением сейчас. это депрессия? я не ебу, но очень неприятно. не знаю что делать, как описать это даже. поэтому спрашивать у кого то нет смысла.....

зато общение с прикольной девочкой начал - Алиса. причем я за ней уже очень давно слежу, но только вот сейчас начали активно общаться, да и вообще общаться. Причем по большей части ее инциатива, она мне спустя долгое время ответила про бебура и мы начали чатиться. А сегодня еще и лично встретиться предложила!!!! Сама! Просто поболтать, потому что ей кажется, что будет интересно!!"
2021-04-14,"Беспокойство, Дневник, Отношения","April 26, 2021 3:03 AM","# Дневник

Created: April 14, 2021 10:07 PM
Last Edited: April 26, 2021 3:03 AM
Tags: Беспокойство, Дневник, Отношения

Ааа больно сука 

ох сегодня точно выяснили с дашей, что встречаться мы не будем. грустно обидно неприятно. решила то она это давно и просто мне сказки рассказывала, что вот время ей нужно, подумать, отдохнуть.... ох хуйня конченная блять. ну сука скажи ты прямо, прояви ко мне хоть уважение. я столько времени и сил своих потратил на это все. а в итоге бесполезно.... просто заебись. хз что дальше делать. не думаю, что я готов быть друзьями с ней. как минимум потому что не готов видеть, как другой парень ее обнимает, целует и т.д. как думаю об этом - не по себе становится..... но так страшно терять что то, а здесь еще и такого близкого и интересного человека... аах я же пуси, ненавижу и не умею терять. всегда стараюсь хоть маленькую лазейку оставить, чтобы если что - вернуть

сижу слушаю нфа альбом the search, до этого лароя. ээээх балять"
2021-04-13,"Дневник, Страхи, Стресс","April 13, 2021 12:08 PM","# дневник

Created: April 13, 2021 3:06 AM
Last Edited: April 13, 2021 3:23 AM
Tags: Дневник, Рефлексия

ой как хуего че то мне ментально. что то я только тусуюсь да тусуюсь. а толку то? девушки нет, даша меня че то динамит, ааах блять почему же это так сложно найти мне девушку, которая любит меня за того, кто я есть? чтобы просто вот обнять ее, поцеловать, заняться сексом.... я не могу понять, ну вот что со мной не так что я делаю не так может??? Я НЕ ПОНИМАЮ БЛЯТЬ Я СДЕЛАЛ ВСЕ, ЧТОБЫ МНЕ БЫЛО ЛЕГКО ЭТО СДЕЛАТЬ..... я спокойно совершенно отношусь к тому. когда у нравящейся мне девушки уже есть парень, если вижу ее с парнем - мне похуй и даже несмотря на это мне тяжело. мысли про дашу, что она там кого то себе нашла - просто не дают мне покоя. все думаю что она с кем то трахается там. пока я занимаюсь своими делами.... да чтож такое. 

завтра даня в гости придет ко мне, мб жанна. прикольно, впервые за очень долгое время такое происходит. покажу ему подольск что ли. эээээх.... вроде заебись, но почему меня что то гложит, почему мне плохо, негативные мысли не дают мне покоя... мои пальцы уже почти без кожи, мне 19 лет, почти 20, а я так и не перестал грызть кожу на пальцах. какой стыд боже. сколько я уже пытаюсь прекратить это делать. ах, что же я за слабак то блять. сука, еще и по дикции снова начал комплексовать что то. чет тяжелее стало, чем раньше держаться

в выхи собрался спонтанно совершенно из за фразы мамы, она же и предложила в гости даню позвать, поехать в казань к соне, я же уже очень давно это обещал к тому же.... ну вот, надо держать свое слово, а уж тем более близким людям. но и это меня не радует почему то. потому что я всегда думаю о учебе, взрослой жизни, о том что мне надо сделать, с кем погулять поговорить, найти девушку аааааааа я так не могу уже больше. я хочу сдаться. просто сдаться. я не знаю что делать. как мне быть. что правильно а что нет. дайте совета аааааа. блять. ну что же за хуета.

мне так хуего ментально, я не могу. как мне быть? тема с девушкой меня нереально дизморалит. казалось бы вот она, у меня в руках - даша. все идет и шло просто прекрасно, лучше и быть не может. а в итоге она динамит меня, общие слова вкидывает, френдзонит. нахуя? я не понимаю, мы же идеально подходим друг другу, по крайне мере отлично. но что не так? проблема во мне? зачем она это делает, она уже приняла решение быть друзьями, но боится мне говорить, потому что потеряет меня? ааах ну блять, как неприятно об этом думать. да и не думаю, что друзья так обнимаются, целуются в щечку, лоб. для друзей так одеваются в лпатья. сука. ну что не так со мной? что я должен делать, что должен изменить или добавить в свою пикап игру? кто нибудь, ответьте мне пожалуйста. еще и учеба меня грузит. я столько кр завалил, что пиздец. наверное больше, чем в первом семе блять. так еще и даню с костей отчислили, некиту повезло не отчислиться. блять сука нахуй. ну что же жизнь такая страшная. армия пугает меня до нельзя костей.

боже как же я не хочу в армию это пзидец. это конец жизни для меня, если я туда попаду. год в никуда, пока мои друзья будут развиваться - я буду деградировать во всех аспектах почти. бляяяяять как же туда не хочеца. но и не хочеца сидеть на шее у  мамки. но и работать не хочется. БЯЛЧОЫОАЩВЫОАЫ АААААААААА

сука как тяжело же жить. я уже на грани. с машей пиздец - помоги, с даней пиздец, у сони всегда все грустно, жанна игнорит меня постоянно - пиздец бесит, даша динамит нет взаимности, не делает комплименты, не реагирует на мои, потом с мц хуйня бля, цирк давно не видел и они между собой гуляют, потому что живут близко. блять как это обидно. чувствую себя из за такого отсраненным, одиноким сука пиздец. ну нахуй

еще сегодня должны были пойти на фанвстречу к некиту, даню провожать. а в итоге не было её и узнал я об этом после пар. оказывается некит не шутил, когда сказал, что её не будет.. сука бесит такое отношение. типо он постоянно рофлит, что вот отменяется все, ничего не будети и это рофл, а сейчас он сделал тоже самое и никак не уточнил, что это не рофл блять. сука бесит такое меня. похуистическое отношение. ааадловлдаыщоцшащоцуаоаааааааааааааа

потом хуйня с фотками с крыши. сука.балдеж конечно. сходили к главе безопасности, к психологу, написал объяснитульную а дане выговор дали. ахуенно порофлили.

блять как мне справляться с самим собой же? с моими собственным мыслями? с жизнью....?"
2021-04-13,"Дневник, Рефлексия","April 13, 2021 3:23 AM","# дневник

Created: April 13, 2021 3:06 AM
Last Edited: April 13, 2021 3:23 AM
Tags: Дневник, Рефлексия

ой как хуего че то мне ментально. что то я только тусуюсь да тусуюсь. а толку то? девушки нет, даша меня че то динамит, ааах блять почему же это так сложно найти мне девушку, которая любит меня за того, кто я есть? чтобы просто вот обнять ее, поцеловать, заняться сексом.... я не могу понять, ну вот что со мной не так что я делаю не так может??? Я НЕ ПОНИМАЮ БЛЯТЬ Я СДЕЛАЛ ВСЕ, ЧТОБЫ МНЕ БЫЛО ЛЕГКО ЭТО СДЕЛАТЬ..... я спокойно совершенно отношусь к тому. когда у нравящейся мне девушки уже есть парень, если вижу ее с парнем - мне похуй и даже несмотря на это мне тяжело. мысли про дашу, что она там кого то себе нашла - просто не дают мне покоя. все думаю что она с кем то трахается там. пока я занимаюсь своими делами.... да чтож такое. 

завтра даня в гости придет ко мне, мб жанна. прикольно, впервые за очень долгое время такое происходит. покажу ему подольск что ли. эээээх.... вроде заебись, но почему меня что то гложит, почему мне плохо, негативные мысли не дают мне покоя... мои пальцы уже почти без кожи, мне 19 лет, почти 20, а я так и не перестал грызть кожу на пальцах. какой стыд боже. сколько я уже пытаюсь прекратить это делать. ах, что же я за слабак то блять. сука, еще и по дикции снова начал комплексовать что то. чет тяжелее стало, чем раньше держаться

в выхи собрался спонтанно совершенно из за фразы мамы, она же и предложила в гости даню позвать, поехать в казань к соне, я же уже очень давно это обещал к тому же.... ну вот, надо держать свое слово, а уж тем более близким людям. но и это меня не радует почему то. потому что я всегда думаю о учебе, взрослой жизни, о том что мне надо сделать, с кем погулять поговорить, найти девушку аааааааа я так не могу уже больше. я хочу сдаться. просто сдаться. я не знаю что делать. как мне быть. что правильно а что нет. дайте совета аааааа. блять. ну что же за хуета.

мне так хуего ментально, я не могу. как мне быть? тема с девушкой меня нереально дизморалит. казалось бы вот она, у меня в руках - даша. все идет и шло просто прекрасно, лучше и быть не может. а в итоге она динамит меня, общие слова вкидывает, френдзонит. нахуя? я не понимаю, мы же идеально подходим друг другу, по крайне мере отлично. но что не так? проблема во мне? зачем она это делает, она уже приняла решение быть друзьями, но боится мне говорить, потому что потеряет меня? ааах ну блять, как неприятно об этом думать. да и не думаю, что друзья так обнимаются, целуются в щечку, лоб. для друзей так одеваются в лпатья. сука. ну что не так со мной? что я должен делать, что должен изменить или добавить в свою пикап игру? кто нибудь, ответьте мне пожалуйста. еще и учеба меня грузит. я столько кр завалил, что пиздец. наверное больше, чем в первом семе блять. так еще и даню с костей отчислили, некиту повезло не отчислиться. блять сука нахуй. ну что же жизнь такая страшная. армия пугает меня до нельзя костей.

боже как же я не хочу в армию это пзидец. это конец жизни для меня, если я туда попаду. год в никуда, пока мои друзья будут развиваться - я буду деградировать во всех аспектах почти. бляяяяять как же туда не хочеца. но и не хочеца сидеть на шее у  мамки. но и работать не хочется. БЯЛЧОЫОАЩВЫОАЫ АААААААААА

сука как тяжело же жить. я уже на грани. с машей пиздец - помоги, с даней пиздец, у сони всегда все грустно, жанна игнорит меня постоянно - пиздец бесит, даша динамит нет взаимности, не делает комплименты, не реагирует на мои, потом с мц хуйня бля, цирк давно не видел и они между собой гуляют, потому что живут близко. блять как это обидно. чувствую себя из за такого отсраненным, одиноким сука пиздец. ну нахуй

еще сегодня должны были пойти на фанвстречу к некиту, даню провожать. а в итоге не было её и узнал я об этом после пар. оказывается некит не шутил, когда сказал, что её не будет.. сука бесит такое отношение. типо он постоянно рофлит, что вот отменяется все, ничего не будети и это рофл, а сейчас он сделал тоже самое и никак не уточнил, что это не рофл блять. сука бесит такое меня. похуистическое отношение. ааадловлдаыщоцшащоцуаоаааааааааааааа

потом хуйня с фотками с крыши. сука.балдеж конечно. сходили к главе безопасности, к психологу, написал объяснитульную а дане выговор дали. ахуенно порофлили.

блять как мне справляться с самим собой же? с моими собственным мыслями? с жизнью....?"
2021-04-12,Дневник,"April 12, 2021 12:53 AM","# дневник

Created: April 12, 2021 12:02 AM
Last Edited: April 12, 2021 12:53 AM
Tags: Дневник

так много всего произошло лень даже рассказывать как то. да и дневник не для историй а для моих чувств наверное я не ебу. знаю только, что лень рассказывать. седня отдыхал дома весь день, гуляю приболел как-то, насморк появился и кашлять начал. устал, и с машей гулял в чт она мне такую историю конечно рассказала про проблемы в отношениях и измену севе. ооох, я даже не знал что сказать особо, жесть, но я просто поддержал, обнял, подержал руку, в общем тактилкой - обнимашки, погладить по голове, по спине, руку подержать. вотт, никакого осуждения главное и вроде хорошо. потом с мариной сходили впервые пошли фоткаться ходили в парк эрмитаэ потом в центре погуляли. а потом я поехал с даней на ночной показ. еще погуляли с товарищем тимохой вечерком и вот как то так.

даню блять отчисляют 18ого апреля уже.... завтра вот будем у некита прощаться

так меня тимоха конечно крепко и долго обнимал, когда мы прощались. никогда я еще так  не обнимался с парнем, а с девушкой - да, что приятно. он не гей если что, просто видимо ценит меня так сильно"
2021-04-05,Дневник,"April 5, 2021 2:32 AM",
2021-04-02,Дневник,"April 2, 2021 2:28 AM",
2021-03-30,"Беспокойство, Дневник, Мысли, Проблемы","April 26, 2021 3:03 AM","# дневник

Created: March 30, 2021 1:21 PM
Last Edited: April 26, 2021 3:03 AM
Tags: Беспокойство, Дневник, Мысли, Проблемы

а как же я устал и заебся под давлением и отвественностью. мои мысли просто душат меня, нахуй я взял этот выпуск мифишный? потом еще звук редачит. аааа блять. а это сука 8ая неделя да ебаный сыр. у меня итак уже дохуя долгов. а на это неделе теормех, сети, англ..... ладно англ, это хуйня, никогда нихуя по нему не делал - буквально. но теормех и сети..... ооооох, ладно, я сильный, я справлюсь! не для этого я занимался дикцией и собой, чтобы вот так просто сдаться и дать заднюю. нельзя расслабляться никогда и жить в зоне комфорта всегда - это не жизнь, это существование. надо постоянно испытывать себя и выходить из своей зоны комфорта! тем самым расширяя её!"
2021-03-29,"Дневник, Страхи, Стресс","March 29, 2021 11:46 PM","# дневник

Created: March 29, 2021 11:43 PM
Last Edited: March 29, 2021 11:46 PM
Tags: Дневник, Страхи, Стресс

я так устал бляяяять. у меня нет сил. мне пизда на этой неделе бляяяяяять сука. бабушка, потом дохуя кр к которым я не готов СУУУУКА, а еще теперь я согласился вести этот конкурс талатнов для мц.... ну нахуя блять? это конечно круто очень, что я выхожу из зоны комфорта и пробую себя в новых ролях и контекстах... но блять, мне такая жопа будет на этой неделе. ебаный рот. кто нибудь, спасите меня пожалуйста!!!!! он мне блять столько текста прислал что надо сделать для этого конкурса, написать сценарий блять. аААААДОВЛДАОЫВДЛОАЫАЩОЦУЩАОЦУЩШАОЦУЩШАОЦЩАО бляяять. ну сука. нахуя мне это, я же сломаюсь. мне уже супер хуего бляяяяяя. я так боюсь брать отвественность."
2021-03-28,"Беспокойство, Дневник, Отношения, Проблемы, Чувства","April 26, 2021 3:03 AM","# дневник

Created: March 28, 2021 10:36 PM
Last Edited: April 26, 2021 3:03 AM
Tags: Беспокойство, Дневник, Отношения, Проблемы, Чувства

ночую сегодня опять у бабушки. эээх, да что же с ней такое то ебана рот. мама вообще пиздец выматывается, она то гораздо больше с ней сидит, заходит, готовит ей...

даша меня пиздец бесит сегодня что то. сначала она ничего не говорит про то, как что с кем гуляла. только общие слова, ну я не прошу прям точно точно рассказывать а хотя бы так ""с друзьяшками пошли в рестик посидеть"" хоть это, а получаю это ""оч хорошо погуляла"". ахуенно!!!!! потом она весь день сегодня не отвечала на сообщения, ну ладно бы это, занят человек может быть, но обычно она пишет мне, что вот, сегодня возможно буду выпадать из сети, дела, так что я не игнорю. а сегодня нихуя. сейчас она зашла в вк, но тг не чекнула. оооох блять..... как меня заебало это все. моя любовь постепенно улетучивается. несмотря на наши классные с ней совместные прогулки и разговоры по поводу отношений, совместно с объятиями и поцелуями в щечку, ее закрытость эта меня правда выбешивает....."
2021-03-24,"Депрессия, Дневник, Одиночество, Отстраненность, Переживания, Раздражение, Разочарование, Страхи","March 25, 2021 12:12 AM","# дневник

Created: March 24, 2021 11:54 PM
Last Edited: March 25, 2021 12:12 AM
Tags: Депрессия, Дневник, Одиночество, Отстраненность, Переживания, Раздражение, Разочарование, Страхи

все думаю как же оптимизировать процесс записи моих мыслей. что то в тг что то здесь, потом как назвать эффективнее и общнее, какие еще создать каналы и что там хранить. ааа я контролер такой, в такие моменты это минус явно. надо просто подумать какое то время, прийти к решение, попробовать и если не зайдет - изменить. вот и все так надо. хорошо я пробую и ошибаюсь, вроде даже неплохо получается в итоге. в тг посоздовал каналов для разных фишек, дневник веду клево, мне прям нравится. потом через несколько лет я буду очень признателен себе сечащнему что начал это все записывать. это очень круто.

че то вот с рефлексией и самоанализом сейчас запар, хз вроде есть интересные мысли, но не хочется суету наводить, а хочу чтобы можно было найти это быстро и чтобы не захламляло где не надо

завел сегодня в тг канал, где буду писать рецензии на алкашку. давно уже хотел разобраться, что мне нравится и уже часто от друзей слышал, что надо начать это делать. и брат вот советовал. покупать и пробовать просто, что нравится, что нет. чтобы постоянно говно не пить или на рандом надеться. так что тоже крутая тема я считаю. 

может вести открытый канал в тг? мне кажется приокльная идея. типо ваня хоть и хейтить тимура и стебется что он ведет канал там для 10 человек, но это крутая тема я считаю. просто делиться мыслями, о чем думаешь, общаться, чтобы тебя люди лучше понимали. я думаю это ахуенная тема правда. что то сегодня как то очков в эту идею довольно много подкинуло посмотрим посмотрим

как же я жду уже пт, чтобы пойти с дашей гулять в киноху!!!!! ааааа блять скипните время и дайте мне с ней погулять мне уже на все похуй. на кр по физосу на справки на вождение на б.... на все блять. я хочу просто обнять ее крепко крепко и поцеловать хоть в щечку!!!1 очень хочу с ней увидеться аааааа. как же я ревную, когда она мне не отвечаает и всегда надумываю что вот наверное сосется или трахается с кем то..... баляяяят мне это так бесит, это ведь не правда, но все равно мне так больно от этих мыслей. просто она закрытая очень и не часто говорит что делает, чем занималась конкретно и я поэтому про это надумываю.... потому что если это так - то это разорвет мое сердце на части.......((((

совсем забил на учебу бляя причем варик

аааа даша сейчас пожелала добрых снов. бля почему она так всегда пишет без смайлов там без улыбок без каких то еще слов... аа обидно блять. хочеца чтобы она как по нежному, любовному поежала. там солнышко добрых снов.... ааа ля так тяжело мысли материализовывать свои....

так по физике, варик слили кр а я все равно его даже не прорешал...блять еблан, прорешай хоть этот варик!!!!! ААААААА блять мне фылдаоыаоыщаоыщшво ыодфоыажрыщ меня все так заебало. че то снова давить начинает. надо напрягаться. и учеба ебучая и с бабушкой этоТ ПИЗДЕЦ ЕБЕЙШИЙ ДА СУКА БЛЯТЬ НАХУЯ ЗАЧЕМ АААА, то справка для физры, вождение это, потом поддерживать контакт с друзьями, гулять с новыми людьми, знакомиться, быть лучшей версией себя, а не деградировать до хикки как я раньше был..... а это меня так выматывать стало сейчас, я чувствую как мои силы на исходе прямо... а как их пополнить сейчас - я не знаю. раньше просто отдохнуть, побыть наедине или поспать и все, я снова - я, веселый, уверенный, добрый, заботливый, дружелюбный, открытый, остроумный, красивый, с отличной улыбкой, душа компании, поддержать любой разговор с кем угодно смогу!!!!1 а сейчас прям я грусть ловить начал хз почему...... просто реально баланс в сферах всех нужен, а не только в соц жизни. а то учеба вообще по нулям у меня, вождение бы сдать еще, а экз всратый еще и вовремя зачета по англу видимо будет.....

блять ну ситуация с бабушкой меня прямо вообще выбешивать начинает. этот цирк уже слишком долго затянулся. мама пиздец устает, я то ладно, но даже это влияет на меня. она приходит уставшая, грустная, раздраженная и по работе дела у нее появляются долги. и это хуего блять. бабушка как 5ий ребенок буквально стало. ирония жизни. как родился так и умрешь. ааааа блять ну ебать прости что так говорю, но или уже выздорови пожалуйста и будь как зина или не мучайся и спокойно умри во сне..... простите еще раз, но я все еще считаю что ее время пришло. больше мне нечего сказать и оправдываться я за свое мнение не буду. я так считаю и все.

ААААА БЛЯТЬ НУ ПОМОИГТИЕ КТО НИТЬ. еще и почему то чувство одиночества, отсртаненности меня нагнетает с какого то хуя..... 5 лет депрессия"
2021-03-23,"Дневник, Мысли, Отношения, Прикольно","March 23, 2021 11:30 PM","# дневник

Created: March 23, 2021 11:13 PM
Last Edited: March 23, 2021 11:30 PM
Tags: Дневник, Мысли, Отношения, Прикольно

нихуя не делал по учебе.... блять долбоеб 

сегодня закончился наш с дашей перерыв. хотя он должен был закончиться завтра в 9 чаосв вечера. да да я хотел типо сдержать слово и завтра ей написать о своих выводах раздумий. я контролер и слишком много думаю явно. потому что это пиздец. какой нахуй слово здесь? мне даша сама написала сначала в инсте пост скинула, а потом вообще в тг написала типо ""я так понимаю мы общаться больше не будем?"" такое я точно не мог проигнорировать. однако все равно спросил у брата дани что делать то. он сказал вот что блять писать конечно, че ты хуйню надумываешь себе. она же явно скучает по тебе, напиши. в итоге я подумал, что лучше поговорить по телефону, такие важные вещи лучше как можно более лично обсуждать. да и хотелось ее услышать. 

позвонил ей, извинился что нарушал так ее личные границы и что постараюсь исправиться и чтобы она тоже по немногу открывалась мне. вот, она сказала что очень скучала по общению со мной. как приятно!!!!! так и сказала!!! ""я особо ни с кем не общаюсь, и вот сижу думаю что могла общаться это время с тобой, а не общаюсь"". ооооох так приятно, что мы снова отлично общаемся. перерыв явно пошел на пользу! в пт договорились пойти в кино на ""душу""! еееее урааааа погуляем с ней как я раааад ураа. бля так похуй на учебу уже, просто хочу, чтобы она была моей!!!! я так этого хочу. ну мы же подходим друг другу ааааа. все идет к этому.

еще покрасились с мамой вчера снова. наконец то у нас получился белый оттенок!!!! я очень хотел с белыми походить. запостил пост в инсте и так много девушек подруг написало, что мне этот цвет очень идет!!!! аоеоаоеоаоеееее так приятно. мне самому очень нравится! и девушкам нравится! просто бинго бинго! ляяяя потом все же хочу сходить в парикмахерскую покраситься, чтобы лучше краску нанесли и более не знаю яркий что ли живой цвет был"
2021-03-22,"Беспокойство, Дневник, Жизненный опыт, Личное, Мысли, Рефлексия","April 26, 2021 3:03 AM","# дневник

Created: March 22, 2021 12:09 AM
Last Edited: April 26, 2021 3:03 AM
Tags: Беспокойство, Дневник, Жизненный опыт, Личное, Мысли, Рефлексия

бабушку сегодня все таки положили в больницу. ну наконец то. как раз к ней собирался пойти и в тот же момент мама пишет эту новость. в сб когда ходил в бар отмечать др антона, то она мне названивала все и умирающим голосом ни с того ни с сего давила на жалость, что я такой гандон, мать и ее бросил, мать устает, голова болит, а я тут тусуюсь. потом ласт раз звонит и говорит, вот плохо ей, голова болит и я бы на твоем месте вернулась домой. блять у меня так с этого сгорело, сука меня такое так бесит боже. просто пиздец, нахуй так делать? испортила вечер и что бы я блять сделал? а блять, потом я с ней посижу ну что такого. знаешь, я молодой, это мой выходной я хочу отдохнуть и насладиться своей молодостью, к тому же лучшему корешу 20 лет. надо отметить. ну блять ну правда зачем так делать.

так неправильно говорить, но я просто надеюсь, что бабушка скоро уйдет с миром. просто во сней умрёт. без боли, слез, переживаний и волнений. мирная смерть. ты скажешь я урод моральный. но а если подумать, то что плохого в этом? она страдает, переживает, только и делает, что волнуется, как в принципе и всю свою жизнь, по любому пустяку и очень сильно. зачем ей это терпеть? ради чего? она прожила свою жизнь, ей 80+, о чем ты? у нее нет хобби, единственная её цель в жизни была последние 15 лет - это забота и уход за мной с братом. спасибо ей за это огромное! правда! я её очень люблю! но всему хорошему есть конец. у любого приключения есть начало и конец, всегда. все хорошее и плохое когда то закончатся. она прожила свою жизнь, пришло время сказать пока. к тому же зачем ей мучать меня и маму? мне ночевать, мама вообще почти живет у неё. а у нее работа. я то ладно, легко по сравнению с ней отделываюсь ещё. спасибо ей за это! но просто какие плюсы то? я не вижу ни одно. все страдают, она сама, я и мама. а даже если ей станет лучше, то что ей делать то? ради чего жить? она живет одна, как я сказал хобби никаких нет, кроме просмотра телека. друзей нет, дай бог гулять сможет. ее характер - что она всегда волнуется, буквально всегда. она единственный человек в моей жизни, который всегда найдет повод по чему поволноваться, причём сильно. вот буквально. из за этого у неё и проблемы, что мысли негативные и накручивает себе все. и не может это контролировать и расслабляться. ох да, тяжелый случай

поэтому сделай для себя выводы, продолжай заниматься духовными методиками, медитациями, дыханием, очищением мыслей и контролем своего сознания. это очень важные вещи!

скоро еще подходит время окончания нашего перерыва в общении с дашей... хммм даже не знаю хорошо это или плохо. будь что будет"
2021-03-19,"Дневник, Личное, Отношения, Переживания, Чувства","March 19, 2021 1:53 AM","# дневник

Created: March 19, 2021 1:44 AM
Last Edited: March 19, 2021 1:53 AM
Tags: Дневник, Личное, Отношения, Переживания, Чувства

сегодня даша мне написала, хотя у нас перерыв в общении. выжное там дело было, у телека консультация с ними и нам можно прийти, чтобы я своим передал. вооот, а потом спросила как дела у меня. ну и я озадачился. отвечать просто нормально я не хотел, отвечать нормально я не хотел, потом спрашивать у нее как дела и поддерживать диалог я не хотел, ведь все таки раз решли перерыв сделать, то надо придерживаться своего решения. в итоге хз сделал как сделал, написал что норм и что давай не будем начинать, все таки у нас вот перерыв и тд. она такая ок. и в конце добавил, что если что то случится и нужно поговорить будет, то я рядом всегда. всё

до этогоо рассказал Сонечке про то, как я Даше признался. вообще я так рад, что наконец то наши отношения однозначно определились с ней - друзья. не партнеры будущие, не хз что, не там флиртуем, а именно друзья. и теперь я спокойно могу ей рассказывать про девушек и свои похождения, как она это делала. а я все стеснялся, думал обижу её, потому что что-то могло у нас быть это точно. так вот, она мне так помогла на самом деле, потому что она сама испытала такую же ситуацию на себе и лучше понимает дашу. я послушал, сделал выводы для себя и так приятно, так круто, что у меня есть такая подруга, которая меня поддержала, убедила, что я все правильно сделал и признался и вообще мое поведение и отношение к ней. все - правильно и круто очень!!! и мне стало легче, я думал мб надо было дерзче или как то наглее и тд. а теперь уверен, что как я делаю, это мой путь и он к тому же правильный. в итоге много полезного узнал из этого разговора, поделился эмоциями, получил просто шквал комплиментов!!!! ой как же приятно, только сонечка так может)) на лет 10 вперед. ляяяя правда, таких подруг надо очень сильно ценить, а то я прям себя чувствую как то не так, что получаю так много комплиментов и поддержки, а я как то не особо ей делаю комплименты прямые и как то что ли скрываю чувства, эмоции свои. хз даже, ну она прям и солнышком меня назовет и моим лапочкой и красавчиком и зайчиком и умничокй и прям уууух. как приятно. а я что? я что то так не могу, не искренне если только... вот, спасибо ей вообщем большое. теперь мое понимание улучшилось, но ждать я все равно долго дашу не готов. если хочет сама возиться - пусть, но я не хочу быть так на цепях что ли привязан или встречаемся или идем по своим путям поодиночке"
2021-03-17,"Дневник, Замешательство, Отношения, Переживания","March 18, 2021 1:42 AM","# дневник

Created: March 17, 2021 4:11 PM
Last Edited: March 18, 2021 1:42 AM
Tags: Дневник, Замешательство, Отношения, Переживания

че то не знаю еще, что делать с дашей. вроде мы общаемся, но не так. ответы односложные у неё, закрыта она больше чем обычно, все спрашивать у нее приходится, чтобы получить ответ и односторонне всё..... 

поговорил с дашей серьезно и пришел к выводу, что нужно взять перерыв в общении на неделю хотя бы минимум, а там посмотрим. впервые такое делаю. хотя с агнией я просто прекратил общение. а перерыв вот так впервые. хз, с ней сейчас ну невозможно и некомфортно мне общаться. ее вот это поведение, что у нее всегда плохое настроение, неискренность, закрытость, приходится все из нее выдавливать информацию. ну я не могу так общаться. о чем мне говорить? монолог мне не нравится. ответы односложные, не интересуется, как там я... хотя мы далеко уже не незнакомцы и это то больше всего бесит. такое я терпеть больше не хочу - не хочешь меняться, то нам не по пути, спасибо за все, пришло время тогда прощаться"
2021-03-16,"Дневник, Отношения, Стресс","March 17, 2021 12:27 AM","# дневник

Created: March 16, 2021 6:11 PM
Last Edited: March 17, 2021 12:27 AM
Tags: Дневник, Отношения, Стресс

в последние дни чувствую себя плохо, настроение не очень и ничего делать не хочется. только гуляю и тусуюсь. все еще не знаю, что делать с дашей. общаться? перестать общаться? ждать? надеяться? аааааа, ну блять, мы же так идеально подходим друг другу.... если она его не любит, то чего тянет то блять......

ночую сегодня у бабушки уже второй раз. приезжала скорая и я себя так неловко чувствую вообще не знаю как вести себя, стесняюсь, чувсвтую себя ниже их, будто мне 5 лет. боюсь, что меня осудят за что то, что я неправильно сделаю.... пиздец. нервничал очень сильно. сейчас она заснула вроде и я сижу караулю и записываю это все. бляяя бабушка сходила посрать в ведро и я думаю надо ли идти убирать.... надо конечно, но так противно.... ой бляяять сука вдруг там говном обмазана ручка ну сука ааааааааа но надо убрать не будет же бабушка с говном в комнате спать"
2021-03-14,Дневник,"March 16, 2021 6:01 PM","# дневник

Created: March 14, 2021 8:57 PM
Last Edited: March 16, 2021 6:01 PM
Tags: Дневник

пиздец всего произошло за эти выхи.... надо бы поделиться, а то я уже не могу это все постоянно переваривать в своей голове

мда лень подробности писать их можно найти в переписках с машей например. вчера в клуб ходил с дашей и даней. признался даше в своих чувствах. попытался сначала поцеловать. поцеловал секунду, потом сказала зря я так сделал. позвал поговорить и сказал свои чувства... пообнимались крепко. но в итоге я в френдзоне походу.... поцеловал в щечку на прощанье."
2021-03-11,Дневник,"March 11, 2021 10:19 PM","# дневник

Created: March 11, 2021 6:22 PM
Last Edited: March 11, 2021 10:19 PM
Tags: Дневник

давно я не писал чет. подзабил да и лень. хотя дохуища всего произошло. я даже уже не помню, что я последнее записывал

сейчас у меня жоско подгорел пердак : научник кинул файл, который надо было попытаться открыть, но когда его открыаешь у меня выскакивает это :

![](%D0%B4%D0%BD%D0%B5%D0%B2%D0%BD%D0%B8%D0%BA%202159e326d92346acba23a80c1574622d/Screenshot_2021-03-11_at_18.11.09.png)

я такой ну нахуй само собой. а он блять пишет ""мы решили, что Вася открывает файл"" я просто ахуел от такого. кто решил то блять? нас 3 в команде, я нихуя не соглашался, а второй Тимур вообще не в курсах. красава просто чувак!!!! В итоге мы пошли в дис и я прямо сказал, что я не буду открывать этот файл и все. просто не буду, я не готов рисковать компом. поэтому не буду открывать. и на самом деле я горд собой за этот поступок. что я не отмазывался, не искал причин или извивался весь. я просто прямо отказал. и это очень круто! потому что это у меня обычно плохо получается, а здесь прям идеально вышло!!! ты молодец Васек!!!

АААААА БЛЯТЬ ДАША ВЫБРАЛА ЕБАНОГО ОДНКОЛА ВМЕСТО МЕНЯ!!! СЕРЬЕЗНО??? я ее звал в среду гулять, она сказала типо не может занятая неделя  и сейчас, когда она купила билет в клуб, она говорит, что в сб с одноклом встречается.... панимаю, ладно"
2021-03-03,Дневник,"March 3, 2021 10:54 AM",
2021-03-02,"Беспокойство, Дневник, Злость, Раздражение","April 26, 2021 3:03 AM",
2021-03-01,"Беспокойство, Дневник, Отношения, Рефлексия, Стресс","April 26, 2021 3:03 AM",
2021-02-27,"Дневник, Разочарование","March 1, 2021 1:08 AM","# дневник

Created: February 27, 2021 5:46 AM
Last Edited: March 1, 2021 1:08 AM
Tags: Дневник, Разочарование

пиздец, дописал ебаный сценарий для рубрику про космос в медиацентре (мц). ебнешься, неделя была это сделать и я опять в ласт момент это делаю.... сука я буквально несколько раз садился его делать и в итоге просто избегал работы, смотря видео и мемы.... пиздецццццццц!!!! бляяяя а сейчас сбил режим сна и в 5 часов его доделал за час чистого времени.... причем он мне нравится. мда, урок очередной"
2021-02-24,"Дневник, Злость, Мысли, Печаль, Сомнения, Страхи, Стресс","March 1, 2021 1:08 AM","# 24.02.21

Created: February 24, 2021 11:50 PM
Last Edited: March 1, 2021 1:08 AM
Tags: Дневник, Злость, Мысли, Печаль, Сомнения, Страхи, Стресс

сегодня прокатился с братом на тачке. все было хорошо, пока он не врезался в тачку сзади, когда мы выезжали из фитнес центра. зато интересный опыт ну

даня меня как то игнорит или мне кажется, но это меня нехило бесит. вообще я завидую и бешусь, когда начинаю думать об отношениях жанны и дани. после нг они стали так близки. тусуются друг у друга, смотрят фильмы, общаются лично каждый день. еще и с алисой стал встречаться, что только помогает всему этому общению. блять так бесит меня это. что по сути я причина всему этому. потому что я с жанной отлично общался все время это, она МОЯ лучшая подруга была все это время, а с даней они вообще не общались почти. она даже на нг его не звала, забыла. это даня попросился, написва мне в лс и я согласился и жанна да, была не против. но суть в том, что изначально она хотела только со мной погулять в нг. и теперь вот что я получил. а бесит меня еще то, что жанна блять мне отвечает раз в день и постоянно игнорит. ааааа блять сука так горит с этого всего реально. и завидно их отношениям, что я теперь как бы лишний, на переферии. у них явно теперь будет крепче связть, чем со мной....."
2021-02-23,"Беспокойство, Горит пердак, Дневник, Злость, Интересные ситуации, Радость, Разочарование, Сомнения, Стресс, Счастье","April 26, 2021 3:03 AM","# 22.02.2020

Created: February 23, 2021 12:49 AM
Last Edited: April 26, 2021 3:03 AM
Tags: Беспокойство, Горит пердак, Дневник, Злость, Интересные ситуации, Радость, Разочарование, Сомнения, Стресс, Счастье

стыдно было, сегодня на паре по тфкп сидел ржал в голос с даней на задней парте. как в школе прямо. вообще не мог сдержать смех и под конец пары уже просто чуть не взорвался окончательно, но успокоиться так и не получилось... стыдно перед телеком....

потом еще пердак сгорел, что мы должны были цирком пойти в бар и антон с ваней просто съебались. я такой кричу антон, он мне подожди и просто они уходят.... я ему звоню спрашиваю про бар и он типо просто говорит вк чекай. в итоге они просто в двоем съебались и я поехал один..... так с этого сгорел. прямо очень некрасиво поступили они. блять да подождать меня разве сложно? мы блять сидели в одном кабинете.... потом антон мне позвонил и я все же поехал на бдд, встретились все на ушаково. он извинился и все хорошо. но я прямо даже уже хотел поехать домой. мы же еще хотели в москву поехать, а они просто в наглую поехали в бутово. в итоге там в баре сидели. ладно. посидели классно. рассказал им как я сосался с телками на тусе и как она мне жопой о хуй терлась и что я ее сиськи трогал так же. они прям позавидовали мне. меня еще в шутку альфачом назвали вместе с тимычем. только тимыч ищет отношения, а я кого выебать ахпха. ну по фактам возможно. я хочу кого то уже трахнуть. а отношения все как то ссу заводить с кем-то. а вдруг найду кого-то лучше? вообщем поговрили о телках, кто с кем общается, че было, с кем сосался трахался. классно, что я могу об этом с ними побазарить и самое главное, что я большую часть говорил на эту тему!!!1 это прямо очень классно я считаю

потом доехал домой и балдеж. сумка с самбовкой мешала правда чутка, ну похуй. думаю, так может начать все таки отношения с Дашей? она вроде классная девчонка во всех планах. как бы вроде green flag.... а я все ищу лучше варики.... или более легкую пизденку....??? 

а ля, Настя еще сегодня в вуз приехала в таком сеск наряде. уух пизда реально. футболка, что живот весь видно и декольте нихуевое. сиськи как обычно зачетные. че то она одевается в вуз так откровенно довольно и нарядно всегда. как на тусу какую то, чтобы парня зацепить. ну прямо сиськи ее меня цепляют. не оторваться реально. приятно смотреть конечно, но просто парень ее как оценит это? я то положительно, мне то наблюдать за голой грудью только в кайф хех"
2021-02-21,"Беспокойство, Дневник, Стресс","April 26, 2021 3:03 AM","# дневник

Created: February 21, 2021 4:57 PM
Last Edited: April 26, 2021 3:03 AM
Tags: Беспокойство, Дневник, Стресс

еще вспомнил момент, что на похоронах деда эта бабка мне начала затирать про то, что у про деда написали 2 строчки на википедии и не про каждого это напишут. нахуя она мне это говорит? в такой манере

пиздец стресс сейчас был. пришел мужик ставить шведскую стенку и пробил стену сверлом. не его вина, просто стена тонкая оказалсь. пизда я на очко подсел, когда увидел реакцию мамы. эти ооооох и закатывания глаз и ругания сама с собой. пиздец я стрессовал. я хз че делать даже, как бы уже назад пути нет, но в каждую секунуд мама могла или взорваться или заплакать.... ооох, ебнешься просто

наконец показал брату атаку титанов. сказал, понравилось.

он че то вспомнил про камасутру, что я ее подарил Агнии... пиздец, он так расстроился прям. ААААА БЛЯЯ НУ НАХУЯ Я ЭТО ПОДАРИЛ. ебать ну сука, реально, нахуя????? пиздец сука. ну это же подарок, сувенир от Никиты. ну бляяяяять. ладно бы просто книга, но нет, блять это сувенир из Берлина был. и я сука его просто подарил.... причем еще и дорогой очень. и я просто его отдал Агнии на НГ.... ну сука ебанешься. мне так стыдно и некомфортно, что я так его подвел.....

АААААААААААААААААА бляяяяяяяяяяяяяяяяяяяяяяяяяяяяяяять СУУУКОУКОУДАОЫЖФАОЫТЩШПРЩРПЩРАЦЩРА БЕСИИИИТ БЕСИТ ВСЕ СУКА ААЫЛОАФЫАОЦУЩРАЦЩШТЦУАТЛМЫДЛТЩЦУШОАЦЩУШОАШУОАШОСЩШЫВТМЦТПЦЩШЦТАШЦУОАЗШОАЦШПОЗОЗОДЛТ...ЮБВЫТА"
2021-02-20,"Беспокойство, Дневник, Стресс","April 26, 2021 3:03 AM","# дневник

Created: February 20, 2021 4:07 PM
Last Edited: April 26, 2021 3:03 AM
Tags: Беспокойство, Дневник, Стресс

сегодня приезжает Никита и у меня собрание по мц какое то. а мог бы блять пойти пить пиво с пацанами, а не это вот собрание ебейшее..... нахуй оно мне надо? вроде и хочу перед публикой выступать, но эти все оффициальные мероприятия мне не нужны, еще и в мои выходние дни блять в 19 вечера. ебать, можно ли придумать еще хуже время???? я просто хочу.... лучше бы пошел бы на вокал просто. мне это хочется, да и голос развить и выступить найдется где я думаю, препод посоветует

БЛЯЯЯЯЯ СУКА сижу уже час на ебучем первом собрании ведущих мц. нахуй я на это записался? мне так похуй"
2021-02-19,"Беспокойство, Дневник, Жизненный опыт, Личное, Мысли, Рефлексия, Стресс","April 26, 2021 3:03 AM","# похороны деда

Created: February 19, 2021 11:24 PM
Last Edited: April 26, 2021 3:03 AM
Tags: Беспокойство, Дневник, Жизненный опыт, Личное, Мысли, Рефлексия, Стресс

сегодня были похороны деда. пришли посмотрели на него в гробу, после чего повезли на кладбище. там его закопали, бросили земли каждый и положили потом цветы. не знаю что еще сказать. потом мне начала бабка какая то зачитывать моральные настрои (хз какое слово). сгорел с нее. просто стой молчи и отдай дань уважения деда. не разговаривай со мной. я тебя не знаю, не видел никогда и никогда не увижу.

потом поехали в кафе посидеть. я решил, что не пойду. мама до последнего все делала, чтобы я остался. хотела чтобы я еще постоял подождал всех у входа с ними, ага, хорошая попытка мам. но нет, мне просто сгорело и я просто сказал ""ладно, я пошёл"" попрощался с дяде Володей и Ильей и ушел. так и было буквально. ну а что я еще скажу?

не хотел там сидеть, потому что мне совершенно не о чем общаться с этими людьми. хоть они мне и как бы родственники, но я их видел в жизин большинтсво не больше 2 раз. ну как бы, мне смешно лично вся эта ситуация. вот мама их знает, она их возраста, вот пусть и сидит. я деду отдал дань уважения и почтения. эта часть уже совсем к этому не относится. мне даже и не хотелось с ними разговаривать. о чем я поговорю? они меня лет на 20 старше, я их вижу впервые почти всех (мы ехали с мамой с детьми дяди Володи, Илья и Инна) и че я влезу и че скажу. я не ебу соврешенно. поэтому я просто сидел всю дорогу в машине смотрел в окно молчал и слушал их разговор. как обычно я люблю делать. ну типо похуй, у меня нет идей о чем с ними и как поговрить.

в общем, эта была максимально неловкая ситуация для меня. вообще не люблю такое. когда казалось бы с людьми, которыми ты должен быть близок - это совершенно не так и ты должен с ними находится в одном пространстве. и ты сидишь, стресуешь пиздец думая о чем бы поговорить, что спросить, что рассказать...."
2021-02-18,"Горе, Дневник, Печаль","March 1, 2021 1:08 AM","# дневник

Created: February 18, 2021 12:01 AM
Last Edited: March 1, 2021 1:08 AM
Tags: Горе, Дневник, Печаль

в пятницу 13:30 похороны....."
2021-02-17,"Горе, Депрессия, Дневник, Жизненный опыт, Личное, Опасения, Печаль, Страхи","March 25, 2021 12:11 AM","# дедушка

Created: February 17, 2021 11:06 PM
Last Edited: March 25, 2021 12:11 AM
Tags: Горе, Депрессия, Дневник, Жизненный опыт, Личное, Опасения, Печаль, Страхи

я сидел слушал пару по тфкп и листал ленту в инсте, когда мне пришло сообщение от мамы, что дедушка умер 16 февраля в 6:05...... я просто сидел и все. и думал о том, какая была наше последняя встреча, разговор, что он мне сказал последнего? как я его запомню? как изментися моя жизнь? чему он меня научил? что привнес в мою жизнь? какие были его последние слова? как это произошло? и в таком духе. я сидел сначала, не читая сообщение и игнорируя звонок мамы. потому что я не знал, что сказать, что написать, как отреагировать. потому что я ничего не чувствовал честно говоря. хотя я все это думал, но я не плакал, не особо грустил или такое. и я не мог ей ответить своим похуистичным тоном и ничего больше не сказва, не успокоив как нибудь. а как тут успокоишь? что скажешь то? я не знаю. по крайне мере маме я не нашел бы что сказать. затем я полежал на полу просто лежа. и в конце концов собрался с силами и позвонил маме. будь что будет. она перезвонила потом мне и сказала все. и во время звонка у меня начали нахлынувать чувства. я начал плакать еле сдержавшись я быстро попращался с мамой, особо ничего так и не сказав. и просто плакал лежал. не знаю что конкретно это вызвало, но я плакал, даже рыдал. истерика даже. пролежал так час наверное. после чего я поехал гулять с Дашей. честно, я думал еще, гандон ли я, если пойду гулять? меня это очень сильно волновало. но во время разговора мама сама сказала про гулянье, чтобы я покушал. и это сняло с меня моральное давление и я решил, что поеду.

во время прогулки с Дашей, мы ходили на каток, не было проблем, не было неожиданных слез и тому подобное. все прошло на самом деле плавно очень. шутили ни о чем, рофлили, узнавали что-то друг о друге, катались, обменивались комплиментами. классно было. ей понравилось тоже очень. расскажу об этом в рефлексии все же подробнее

а потом, под конец прогулки мне Никита написал, что что же это я такой пидр не спросил, можно ли мне пойти гулять, а то вдруг мама хотела, чтобы я был рядом и т.д. меня это так взбесило. так и хотелось написать иди нахуй. зачем просто это писать? оставь это при себе. я тоже потерял дорого мне человека. может это мой механизм кооперации с этим горем. что я сделаю для мамы. от одной мысли, что мне придется ее успокаивать или сидеть обнимать и гладить как ребенка мне не по себе. я так не могу почему то. не знаю из за чего, просто это было бы очень неловко. я вроде ребенок и мать так буду.... аааах я не ебу. мне сложно словами это чувство описать, но что то во мне препятствует нашей близости с ней....."
2021-02-17,Дневник,"March 1, 2021 1:08 AM","# дедушка

Created: February 17, 2021 11:06 PM
Last Edited: March 25, 2021 12:11 AM
Tags: Горе, Депрессия, Дневник, Жизненный опыт, Личное, Опасения, Печаль, Страхи

я сидел слушал пару по тфкп и листал ленту в инсте, когда мне пришло сообщение от мамы, что дедушка умер 16 февраля в 6:05...... я просто сидел и все. и думал о том, какая была наше последняя встреча, разговор, что он мне сказал последнего? как я его запомню? как изментися моя жизнь? чему он меня научил? что привнес в мою жизнь? какие были его последние слова? как это произошло? и в таком духе. я сидел сначала, не читая сообщение и игнорируя звонок мамы. потому что я не знал, что сказать, что написать, как отреагировать. потому что я ничего не чувствовал честно говоря. хотя я все это думал, но я не плакал, не особо грустил или такое. и я не мог ей ответить своим похуистичным тоном и ничего больше не сказва, не успокоив как нибудь. а как тут успокоишь? что скажешь то? я не знаю. по крайне мере маме я не нашел бы что сказать. затем я полежал на полу просто лежа. и в конце концов собрался с силами и позвонил маме. будь что будет. она перезвонила потом мне и сказала все. и во время звонка у меня начали нахлынувать чувства. я начал плакать еле сдержавшись я быстро попращался с мамой, особо ничего так и не сказав. и просто плакал лежал. не знаю что конкретно это вызвало, но я плакал, даже рыдал. истерика даже. пролежал так час наверное. после чего я поехал гулять с Дашей. честно, я думал еще, гандон ли я, если пойду гулять? меня это очень сильно волновало. но во время разговора мама сама сказала про гулянье, чтобы я покушал. и это сняло с меня моральное давление и я решил, что поеду.

во время прогулки с Дашей, мы ходили на каток, не было проблем, не было неожиданных слез и тому подобное. все прошло на самом деле плавно очень. шутили ни о чем, рофлили, узнавали что-то друг о друге, катались, обменивались комплиментами. классно было. ей понравилось тоже очень. расскажу об этом в рефлексии все же подробнее

а потом, под конец прогулки мне Никита написал, что что же это я такой пидр не спросил, можно ли мне пойти гулять, а то вдруг мама хотела, чтобы я был рядом и т.д. меня это так взбесило. так и хотелось написать иди нахуй. зачем просто это писать? оставь это при себе. я тоже потерял дорого мне человека. может это мой механизм кооперации с этим горем. что я сделаю для мамы. от одной мысли, что мне придется ее успокаивать или сидеть обнимать и гладить как ребенка мне не по себе. я так не могу почему то. не знаю из за чего, просто это было бы очень неловко. я вроде ребенок и мать так буду.... аааах я не ебу. мне сложно словами это чувство описать, но что то во мне препятствует нашей близости с ней....."
2021-02-16,"Беспокойство, Дневник, Жизненный опыт, Мысли","April 26, 2021 3:03 AM","# 15.02.21

Created: February 16, 2021 1:25 AM
Last Edited: April 26, 2021 3:03 AM
Tags: Беспокойство, Дневник, Жизненный опыт, Мысли

сегодня узнал, что жанна с андреем трахались 14 февраля. хз к чему я это написал, просто держу в курсе.

завтра иду гулять на каток с дашей. никогда не ходил на каток честно говоря. проебал 1500  рублей бляяя. хотя можно было со студаком по 50% скидку купить.... но я боюсь, что там очно купить нельзя будет или что билеты кончатся, что оба маловероятные события. просто очкого обосраться перед девушкой. не конкретно дашей, а вообще. любой. поэтому делаю всегд сейвого.

спор проебал еще. Даня встречаться начал с Алисой уже прям точно. спустя год где-то, все таки спор подошел к концу. я все это время общался с девчонками, гулял и так и не нашел себе девушку, даня же за месяц со столькими девчонками замутил и диана и алиса и алена. на тусе еще заосался с двумя. пиздец альфа конечно. я же за все это вермя так и не начал с кем то встречаться. думаю это проблема во мне, что я боюсь пойти на решающий шаг уже, даже когда уже все готово, но все равно не довожу до конца и все пытаюсь найти идеальную девушку. и по характеру и фигуре и семье и чувству юмору и так далее. хз как это этого избавитсья мне. даже сейчас я не уверен и не готов пойти на решающий шаг с дашей, думаю там о вике, ане, арине и так далее. ээээх блять, да расслабься ты. не контролируй ты все так"
2021-02-14,"Дневник, Самоанализ","March 1, 2021 1:08 AM","# дневник

Created: February 14, 2021 11:15 PM
Last Edited: March 1, 2021 1:08 AM
Tags: Дневник, Самоанализ

сдал физос вчера еее!! насосал точнее. резвый поставил 23 балла за написанное и не давал ничего сказать устно ""все должно быть написано"" блять ебать просто. я уж думал все, конец. смирился уже.но нет, спустя 5 секунд он начал задвать допы, на которые я тоже посредственно отвечал и потом вообще думал, где же экспонента пересекает ось абсцисс??? он спросил сдал ли я матешу вообще я сказал чт офизос ластовый и он сказал, ладно, закрою вам его идите. и я ушел довольный. заебись. больше к резвому я не пойду. батеев норм мужик ваще, многих тянул, правда кореша моего - Даню, не пытался даже, сразу послал. хотя мог бы

потом ждал всех до 16, хотя сам вышел в 13 30 где то наверное. после чего покушали в маке и поехали в некиту. я и он. а, арина просто съебалась оот нас, ничего не сказав и начала бычить на некита потом.... ох, какая она странная и антисоциальная конечно.... в итоге переночевал у некита и мы вдвоем потусили классно и побазарили. это отлично! потому что это было довольно непростое для меня испытание, потому что с некитом мне не прям комфортно общаться и было интересно, как я продержусь. в итоге результат - пять с плюсом!!!"
2021-02-11,"Беспокойство, Дневник, Жизненный опыт, Личное, Мысли, Отношения, Чувства","April 26, 2021 3:03 AM","# дневник

Created: February 11, 2021 10:46 AM
Last Edited: April 26, 2021 3:03 AM
Tags: Беспокойство, Дневник, Жизненный опыт, Личное, Мысли, Отношения, Чувства

бля пришел на первую пару по англу в семестре и меня нет в списках, хотя я уже семестр отучился в группе этой... причем блять даня и павлов до сих пор есть в них аххапхапх найс.

в послденее время меня начали напрягать наши отношения с Жанной. она меня игнорит в наглую уже, заходит по сто раз на дню и не чекает тупо. говорит, что какой то баг у нее, но бля, окей, но ты и до этого все время меня игнорила. минимум по дню.... так это заебало если честно, у нас так давно не было прям классного, смешного, долгого разговора, как это было в начале нашей дружбе( и я соскучился по ним. когды мы тупо рофлили, говорили про хуйню всякую, придумывали что то, смеялись, даже понимая, что говорим про хуйню какую то, но дело не в этом, суть в том, что мы общались, обменивались эмоциями, смехом.... вот и сейчас этого уже давно давно нет. теперь они с даней скорешились и стало даже хуже в общении между нами.

сегодня я так заебался общаться серьезно. в один момент сразу столько людей мне написало. и маша с историей и даша и аня и соня и т.д... всем ответить хочу, а так же адекватно и искренне ответить, а не на похуй. в итоге просидел час+ где то отвечая и так устал. не умею я заканчивать диалог. всегда тяну его до того как собеседник не оборвет. все девчонки кстати с кем я списывался. 

маша вообще меня сегодня удивила сильно, она плакала, что у нее нет друзей реальных в мифи. и сказала, что я единственный ее близкий друг из мифи и что она меня очень любит и ценит как друга!!!! боже это настолько приятно, мне тяжело описать словами. мне так еще никто никогда не говорил)) аааа прямо душу греет. так вот поразило меня, что у такой девчонки, казалось бы настоящий эктстроверт и такие проблемы, в компании одиноко, друзья казалось бы кидают ее и так далее. то есть даже она чувствует то, что испытваю я. то есть это доказывает мою правоту мировозрения моего и что друзей много не бывает, даже у таких как маша. если это не так. то скорее всего это просто иллюзия и ты себя обманываешь кто твой настоящий друг."
2021-02-11,"Беспокойство, Дневник, Жизненный опыт, Мысли, Проблемы","April 26, 2021 3:03 AM","# дневник

Created: February 11, 2021 10:46 AM
Last Edited: April 26, 2021 3:03 AM
Tags: Беспокойство, Дневник, Жизненный опыт, Личное, Мысли, Отношения, Чувства

бля пришел на первую пару по англу в семестре и меня нет в списках, хотя я уже семестр отучился в группе этой... причем блять даня и павлов до сих пор есть в них аххапхапх найс.

в послденее время меня начали напрягать наши отношения с Жанной. она меня игнорит в наглую уже, заходит по сто раз на дню и не чекает тупо. говорит, что какой то баг у нее, но бля, окей, но ты и до этого все время меня игнорила. минимум по дню.... так это заебало если честно, у нас так давно не было прям классного, смешного, долгого разговора, как это было в начале нашей дружбе( и я соскучился по ним. когды мы тупо рофлили, говорили про хуйню всякую, придумывали что то, смеялись, даже понимая, что говорим про хуйню какую то, но дело не в этом, суть в том, что мы общались, обменивались эмоциями, смехом.... вот и сейчас этого уже давно давно нет. теперь они с даней скорешились и стало даже хуже в общении между нами.

сегодня я так заебался общаться серьезно. в один момент сразу столько людей мне написало. и маша с историей и даша и аня и соня и т.д... всем ответить хочу, а так же адекватно и искренне ответить, а не на похуй. в итоге просидел час+ где то отвечая и так устал. не умею я заканчивать диалог. всегда тяну его до того как собеседник не оборвет. все девчонки кстати с кем я списывался. 

маша вообще меня сегодня удивила сильно, она плакала, что у нее нет друзей реальных в мифи. и сказала, что я единственный ее близкий друг из мифи и что она меня очень любит и ценит как друга!!!! боже это настолько приятно, мне тяжело описать словами. мне так еще никто никогда не говорил)) аааа прямо душу греет. так вот поразило меня, что у такой девчонки, казалось бы настоящий эктстроверт и такие проблемы, в компании одиноко, друзья казалось бы кидают ее и так далее. то есть даже она чувствует то, что испытваю я. то есть это доказывает мою правоту мировозрения моего и что друзей много не бывает, даже у таких как маша. если это не так. то скорее всего это просто иллюзия и ты себя обманываешь кто твой настоящий друг."
2021-02-08,Дневник,"March 1, 2021 1:08 AM",
2021-02-06,"Дневник, Интересные ситуации, Шок контент","March 1, 2021 1:08 AM",
2021-02-04,"Low Point, Беспокойство, Депрессия, Дневник, Жизненный опыт, Личное, Мысли, Опасения, Проблемы, Разочарование, Рефлексия, Сомнения, Страхи, Цели","April 26, 2021 3:03 AM",
2021-02-04,Дневник,"March 1, 2021 1:08 AM",
2021-02-02,"Беспокойство, Дневник, Опасения, Сомнения, Страхи","April 26, 2021 3:03 AM",
2021-02-01,"Дневник, Жизненный опыт, Злость, Личное, Мысли, Рефлексия","March 25, 2021 12:11 AM",
2021-01-31,"Беспокойство, Дневник, Личное, Рефлексия","April 26, 2021 3:03 AM","# 31.01.21

Created: January 31, 2021 11:59 PM
Last Edited: April 26, 2021 3:03 AM
Tags: Беспокойство, Дневник, Личное, Рефлексия

опять я ничего не сделал за день по подготовке к пересдачам.... просидел весь день за просмотром берсерка и аот, но хоть упр логопеда сделал.... но блять я уже третий день подряд ничего не делаю по учебу, а пересдач буквально завтра начинаются.... ПИЗДЕЦ Я ЕБЛАААААН СУКАААА!!! НУ ЧТО НЕ ТАК СО МНОЙ НУ СЯДЬ ТЫ ЗАСТАВЬ СЕБЯ НАЧАТЬ ДЕЛАТЬ ГОТОВИТЬСЯ ЭТО НЕ СЛОЖНО ГЛАВНОЕ ПРОСТО СУКА НАЧАТЬ И ПРЕОДОЛЕТЬ ЭТОТ СТРАХ ТОГО ЧТО ТЫ НЕ СПРАВИШЬСЯ И МНОГО ЧЕГО УЧИТЬ!!! ПРОСТО СЯДЬ И НАЧНИ ДЕЛАТЬ И СТАНЕТ СРАЗУ ЛЕГЧЕ!!!!"
2021-01-30,"Беспокойство, Дневник, Жизненный опыт, Личное, Мысли, Отношения, Плохие привычки, Рефлексия","April 26, 2021 3:03 AM","# 30.01.2021

Created: January 30, 2021 4:41 PM
Last Edited: April 26, 2021 3:03 AM
Tags: Беспокойство, Дневник, Жизненный опыт, Личное, Мысли, Отношения, Плохие привычки, Рефлексия

у меня очень серьезная проблема — я делаю все, лишь не заниматься учебой. смотрю мемы, сплю, слушаю музыку, смотрю видосы, мастурбирую, моюсь, лежу и т.д., лишь бы не заниматься важными вещами, которые я должен сделать. я не знаю, почему я такой слабый? я просто боюсь и бегу от проблем.....

я снова проебал день и не сделал ничего для подготовки к пересдачам.... вот что я за еблан? может я не хочу учиться? может надо отчилслиться и это не мое? я не знаю ответа на это.... а кто знает?

в последнее время начал мастурбировать на хентай мангу и такое удовольствие получаю от этого, гораздо больше чем от порно обычного. Здесь происходит постепенная стимуляция и она сильнее и я могу кончить несколько раз, в отличие от обычной порнухи. Думаю это потому, что тут есть какой то более менее продуманный сюжет, очень красивые 2д тянки и необычные ситуации в которых находится главный герой. Наприме живет в приемной семье где у него сводные сестры и милфа мачеха или на работе недоступный босс или просто неразделенная любовь или сложность выбора кого же он действительно любит и т.д. Понятно, что это все далеко от глубины там аот, но все же, меня это возбуждает. А, чуть не забыл, еще важный фактор всего этого — это то, что там нарисованные сцены такие, ну вот пропитаны любовью, страстью, искренностью к своему партнеру. Желанию и наслждению с ним. И вот это скорее всего меня цепляет. Ведь все что я хочу, это быть с человеком которого я люблю и просто чувствовать его тепло рядом со мной. Любить его, доставлять ему удовольствие. Это и показывается в хентай-манге. Там герои занимаются таким страстным сексом, там такие выражения лица, мимика, чистые эмоции, что прям ну вот завидую, как же хочется так же. Просто любить кого то....."
2021-01-26,"Дневник, Личное","March 1, 2021 1:08 AM","# 26.01.21

Created: January 26, 2021 11:24 PM
Last Edited: March 1, 2021 1:08 AM
Tags: Дневник, Личное

бабушке снова стало плохо и пришлось идти к ней, ждать скорую. до этого мама в 3 ночи разбудила и мы к ней пошли... не знаю, что происходит, но я вроде должен проявлять сочувствие, но мне честно говоря похуй и даже бесит все это, что приходится идти туда, сидеть. эх, честно, возможно я ужасный человек, но кажется, что бабушке проще было бы умереть спокойной смертью во сне. да, я так думаю. ну типа она живет одна, внуки уже один в швеции, другой в другой квартире. а ведь весь ее смысл жизни в том, что она за нами ухаживала, еду готовила - это ее паранойя вообще, а сейчас смысл пропал и что делать? Все что она делает, это волнуется по любому поводу. Мне даже уже не хочется ей ничего говорить, потому что я знаю, что это бесполезно, её уже не изменить. Чтобы я не сказал, она все равно будет волноваться, плакать и мне уже просто не хочется тратить сил, да и я не знаю что сказать. Поэтому я с ней почти ни о чем не разговариваю, просто находимся в одном помещении и молчим. Хз, ну мне так хоть сейчас спокойно, раньше я волновался, типо скажи что нить, че молчишь. А сейчас уже, сижу спокойно молчу и норм. Надо ценить тишину

в последнее время так лень че то писать, а особенно делиться чувствами своими хз даже что произошло...."
2021-01-24,Дневник,"March 1, 2021 1:08 AM","# 24.01.21

Created: January 24, 2021 11:55 PM
Last Edited: March 1, 2021 1:08 AM
Tags: Дневник

опять проебал день, спал до двух блять. потом нихуя так и не смог дельнового заставить себя сделать.

из приятного, я смог сдать оду!! ееее, хоть что то сдал. ну он легкий довольно был, учитывая что я спокойно списал теорию, а практика такая легкая, что я просто один раз просмотрел решение похожего и написал сам. а вта конечно дед дает пиздец, а не задачи...."
2021-01-22,"Горит пердак, Дневник","March 1, 2021 1:08 AM","# 22.01.21

Created: January 22, 2021 11:11 AM
Last Edited: March 1, 2021 1:08 AM
Tags: Горит пердак, Дневник

блять как же у меня уже горит с девок тупых. Серьезно, большинство из них считает нормально сидеть онлайн и игнорить, ааааа бля, а потом это оправдывать тупыми аргументами. Нет, я тоже игнорю, но блять. Сейчас конкретно я говорю про Жанну. Она на постоянной основе игнорит меня день+, хотя сидит онлайн. И у меня горит с этого. Типо я понимаю, занята, но это у нее же привычка общения стала, отвечать фиг знает когда. Можно же написать, что я занята. Ну да, я понимаю, что так не всегда получится, у меня тоже бывает, что я вроде и не занят прям, но вести диалог оживленный я сейчас не могу или не хочу и не знаю, когда захочу. Может я хочу просто в беседе общей посрать или мемы чекать или попракостинировать, и поэтому как-то не пишу людям, что сейчас занят и отвечу позже, думая, что ну я хз когда смогу то ответить. А если напишу так, то давление уже накладывается какое-то, что ответить должен, у меня правило есть, что отвечать нужно в течение 24 часов. Поэтому блять я вообще хз с этим игнором, с этими соц сетями, ааааааа блять как бесит как сложно я не ебу что правильно, а что нет. сука, хуйня все это. Как меня это бесит все"
2021-01-22,"Дневник, Плохие привычки","March 1, 2021 1:08 AM","# 22.01.21

Created: January 22, 2021 11:11 AM
Last Edited: March 1, 2021 1:08 AM
Tags: Горит пердак, Дневник

блять как же у меня уже горит с девок тупых. Серьезно, большинство из них считает нормально сидеть онлайн и игнорить, ааааа бля, а потом это оправдывать тупыми аргументами. Нет, я тоже игнорю, но блять. Сейчас конкретно я говорю про Жанну. Она на постоянной основе игнорит меня день+, хотя сидит онлайн. И у меня горит с этого. Типо я понимаю, занята, но это у нее же привычка общения стала, отвечать фиг знает когда. Можно же написать, что я занята. Ну да, я понимаю, что так не всегда получится, у меня тоже бывает, что я вроде и не занят прям, но вести диалог оживленный я сейчас не могу или не хочу и не знаю, когда захочу. Может я хочу просто в беседе общей посрать или мемы чекать или попракостинировать, и поэтому как-то не пишу людям, что сейчас занят и отвечу позже, думая, что ну я хз когда смогу то ответить. А если напишу так, то давление уже накладывается какое-то, что ответить должен, у меня правило есть, что отвечать нужно в течение 24 часов. Поэтому блять я вообще хз с этим игнором, с этими соц сетями, ааааааа блять как бесит как сложно я не ебу что правильно, а что нет. сука, хуйня все это. Как меня это бесит все"
2021-01-21,Дневник,"March 1, 2021 1:08 AM","# Дневник

Created: January 21, 2021 1:35 AM
Last Edited: March 1, 2021 1:08 AM
Tags: Дневник

полный день свободный - нихуя не сделал. какой раз уже? тебя отчислят дядь. хватит прокрастинировать, пиздец какой то, это уже слишком запуещнно. хватит бояться ботать, что не все заботаешь, просто начни ботать и все"
2021-01-20,"Дневник, Мотивационное","March 1, 2021 1:08 AM","# Дневник

Created: January 20, 2021 12:14 AM
Last Edited: March 1, 2021 1:08 AM
Tags: Дневник, Мотивационное

![](%D0%94%D0%BD%D0%B5%D0%B2%D0%BD%D0%B8%D0%BA%2078b0a6feebae4e76bbd850c375fce328/Screenshot_2021-01-19_at_23.53.22.png)

чет так лень писать что то хотя так много чего есть сказать.... хз почему, просто ничего не хочу писать, а тем более вдаваться в подробности

скажу что посмотрел расследование про путина и его дворец и это конечно полный пиздец. как так можно ахуеть в край это конечно пиздец. навальный мужик, герой просто, за то что он делает.

настроение просто сидеть, смотреть эпичные видео вызывающие сильные эмоции и мечтать о том, какой я крутой мог бы быть

проспал сегодня еще, должен был помочь Маше на экзе и проспал, совсем забыл об этом... хорошо, ей кто-то другой помог и она сдала, а то мне так срашно было зайти в вк и принять последствия своей лажи... хоть я и не должен был помогать, но раз уж я пообещал, то должен был сдержать его.... и я обложался..."
2021-01-17,"Low Point, Беспокойство, Дневник, Личное, Проблемы, Самоанализ, Чувства","April 26, 2021 3:03 AM","# Дневник

Created: January 17, 2021 6:59 PM
Last Edited: April 26, 2021 3:03 AM
Tags: Low Point, Беспокойство, Дневник, Личное, Проблемы, Самоанализ, Чувства

ох блять физика пиздец как же я заебался. сука как я надеюсь, что он на лайте меня проверит и поставит 6 баллов за кр4.... я решил 3 задачи, но все +-, не уверен прям супер ни в одной, ну в 5 может, она довольна легкая, но блять что дед дал снова сука.

блять в каком же я тильте с того, что все блять списывают, находят себе компаньона, который им все решает и присылает и никто их не палит! а я что? я в принципе то могу так же сделать, но как то нет подходящего кандидата, которому я прям буду верить и договариваться не хочется, потом еще ему долг возвращать или бабки платить, полагаться на него, а вдруг спалят или в итоге он хуйню сделает? и я тильтую прям жоско, что сижу вот и сам пишу в итоге, когда могу найти то кого.... но искать то не хочется....

еще узнал про ультра схему списывания от Жанны и Андрея и я прямо хз даже что чувствую, тяжело описать, то ли зависть, то ли злость не знаю на что, то ли разочарование я даже не могу свои чувства правильно описать, но меня все это так бесит, что вот они на изи все сдадут ничего особо не зная, а я блять потом на комиссиях все это буду сдавать и трахаться со всем этим, нервы тратить свои, свое время, взамен на радости прогулок и свободы, общения.... они же сейчас быстренько все сдадут за январь и пойдут чилить, а я буду страдать тут... как то нечестно, не справедливо что ли.....

ДАААА БЛЯТЬ НАХУЙ СУКА ЧЕБУРЕК ЕБАНЫЙ ЕЕЕЕЕ Я СДАЛ НАХУЙ!!! БОЖЕ ДЕД СЛАВА БОГУ ТЫ СЕЙЧАС ХОТЬ ДАЛ СЛАБИНУ А ТО ЭТО ПОЛНЫЙ ПИЗДЕЦ БЫЛ БЫ. Проверял недосконально, а знаешь, так, на похуй. Типо написано что-то +- адекватное и по баллам на 6 в принципе тянет, то вот он так проверял. Боже, слава богу. А то я был бы в полнейшем тильте... Осталась одна кр4 и все, потом экз, так похуй на экз я вообще его не боюсь. После кр храма это уже хуйня полная. Контрастное восприятие в деле или по-моему контрастная ебля блять.

так классно побазарили с Даней. Многое обсудили, в основном про отношения, девушек, проблемы жизненные. Прямо разговор очень легко шел, всегда есть что написать/сказать. И приятно прямо услышать от кого-то, что не у меня одного бывают такие траблы, мысли негативные, сложный выбор и тому подобное. Такое у всех, никто не особенный. У всех такие же проблемы. Обожаю такие разговоры, очень интересные и помогают мне сбросить психологический груз.

Правда пизда, Даня кр не сдал(( Теперь у него 4 долга все ещё и лучший вариант - это что он закроется на комиссии.... Дед его не щадит прямо. Надеюсь напишет завтра кр1 уже и норм будет. Похуй комиссия не комиссия, главное верить в свои силы."
2021-01-16,Дневник,"March 1, 2021 1:08 AM","# Дневник

Created: January 16, 2021 1:04 AM
Last Edited: March 1, 2021 1:08 AM
Tags: Дневник, Мотивационное

> You are on your way. Just keep going.
> 

(c) Spider-Man: Into the Spider-Verse, Aaron Davis"
2021-01-16,"Дневник, Мотивационное","March 1, 2021 1:08 AM","# Дневник

Created: January 16, 2021 1:04 AM
Last Edited: March 1, 2021 1:08 AM
Tags: Дневник, Мотивационное

> You are on your way. Just keep going.
> 

(c) Spider-Man: Into the Spider-Verse, Aaron Davis"
2021-01-14,"Дневник, Стресс","March 1, 2021 1:08 AM","# Дневник

Created: January 14, 2021 11:25 AM
Last Edited: March 1, 2021 1:08 AM
Tags: Дневник, Стресс

Ох бля сегодня все таки пошел на экз, хотя нихуя не знал и мне повезло, что всем было похуй на контроль. Я спокойно мог списывать и лазить в инете. Правда писать не мог, но мышкой спокойно управлял - ногой, да да, ногой. Удобно кстати, я приноравился. ОДУ на изи напишу, ее я и лучше знаю и списать знаю как. Кайф. Надеюсь за ВТА будет зачет все таки, пожаалуйста!! Помоги Господь!

экз я не сдал.... сука, ну сам как всегда виноват, что нихуя не учил((((((((((((

СУУКА. аааа уже самая худшая сессия моя, две пересды физика и вта уже бляяяять"
2021-01-12,"Дневник, Ежедневная рутина","March 1, 2021 1:08 AM","# Дневник

Created: January 12, 2021 7:10 PM
Last Edited: March 1, 2021 1:08 AM
Tags: Дневник, Ежедневная рутина

Надо бы как нибудь сфоткать свой физический дневник и залить сюда его. Чтобы все в одном месте было, удобно

Привезли сегодня посылочки. Подушку для шеи, адаптер из С в юсб, подставку под ноутбук и блютуз наушники новые (в старых левый наушник перестал адекватно работать). Очень доволен, давно хотел все эти вещи купить, ну кроме наушников их я просто заменил, потому что без блютуз наушников очень хардово мне, я люблю музыку на улице послушать, а с обычными это не комфортно. Айпэд смогу восстановить, а то я бля уже забыл пароль на нем, так давно я им не пользовался. Как переехали, то я точно его не брал почти никогда, как то пропала его надобность. С адаптером хоть восстановить смогу, не пропадать же технике просто так. Еще скоро блютуз адаптер для компа приедет, тоже круто, очень давно его хотел, но мешал старх не знания его купить и парадокс выбора, ненавижу его конечно...

Завтра экз по вта, а я нихуя не готов к нему, было время разобраться в теории +- и практику заботать на нужном уровне, но я просто... его проебал блять.... сука, это уже реальная проблема, что я просто избегаю учебу, делаю все, лишь бы не ботать, даже чуть-чуть. Где же моя мотивация второй половиный 10ого класса!??

Может не идти завтра на экзамен? Все равно же ничего не напишу... Хотя я себя так спокойно чувствую сейчас, мне так похуй почему то. Хотя потом физику переписывать, потом ОДУ сдавать, потом лабы писать. Казалось бы, пиздос ебейший, но я спокоен. Не знаю хорошо это или плохо, но мне почему кажется плохо и это больше смахивает на полнейший похуизм, ну хз. Я просто так счастлив, что я живу в такой ахуенной квартире! Здесь так комфортно и уютно для меня! Ладно, все будет хорошо, я справлюсь со всем этим! Главное продолжать идти вперед!"
2021-01-12,"Дневник, Жизненный опыт, Личное, Личностный рост, Мысли, Похвала, Чувства","March 25, 2021 12:11 AM","# Дневник

Created: January 12, 2021 7:10 PM
Last Edited: March 1, 2021 1:08 AM
Tags: Дневник, Ежедневная рутина

Надо бы как нибудь сфоткать свой физический дневник и залить сюда его. Чтобы все в одном месте было, удобно

Привезли сегодня посылочки. Подушку для шеи, адаптер из С в юсб, подставку под ноутбук и блютуз наушники новые (в старых левый наушник перестал адекватно работать). Очень доволен, давно хотел все эти вещи купить, ну кроме наушников их я просто заменил, потому что без блютуз наушников очень хардово мне, я люблю музыку на улице послушать, а с обычными это не комфортно. Айпэд смогу восстановить, а то я бля уже забыл пароль на нем, так давно я им не пользовался. Как переехали, то я точно его не брал почти никогда, как то пропала его надобность. С адаптером хоть восстановить смогу, не пропадать же технике просто так. Еще скоро блютуз адаптер для компа приедет, тоже круто, очень давно его хотел, но мешал старх не знания его купить и парадокс выбора, ненавижу его конечно...

Завтра экз по вта, а я нихуя не готов к нему, было время разобраться в теории +- и практику заботать на нужном уровне, но я просто... его проебал блять.... сука, это уже реальная проблема, что я просто избегаю учебу, делаю все, лишь бы не ботать, даже чуть-чуть. Где же моя мотивация второй половиный 10ого класса!??

Может не идти завтра на экзамен? Все равно же ничего не напишу... Хотя я себя так спокойно чувствую сейчас, мне так похуй почему то. Хотя потом физику переписывать, потом ОДУ сдавать, потом лабы писать. Казалось бы, пиздос ебейший, но я спокоен. Не знаю хорошо это или плохо, но мне почему кажется плохо и это больше смахивает на полнейший похуизм, ну хз. Я просто так счастлив, что я живу в такой ахуенной квартире! Здесь так комфортно и уютно для меня! Ладно, все будет хорошо, я справлюсь со всем этим! Главное продолжать идти вперед!"
2021-01-11,"Беспокойство, Дневник, Жизненный опыт, Мысли, Стресс","April 26, 2021 3:03 AM","# Дневник

Created: January 11, 2021 12:14 AM
Last Edited: April 26, 2021 3:03 AM
Tags: Беспокойство, Дневник, Жизненный опыт, Мысли, Стресс

Ох сегодня дед смиловался и дал легкий варик первой кр, даже проверял работу не по отдельности, а в целом. Заебался видимо. Теперь осталось написать 3 и 4ую кр. Это консультация и экзамен. На пересдаче и сдам эту физику ебаную. Нормас.

Теперь мой фокус целиком на экзамене по ВТА который будет 14 января. Надо будет его списать теорию, как я делал летом, только уже не ссаться, а до конца списывать, на мужика. И с практикой тогда нужно будет разобраться, а то я нихуя не могу решить в ней. Ни интегралы, ни ряды, ничего....

Бля, как же я ненавижу такие ситуации, когда хочешь поговорить с человеком, просто чисто поговорить по душам, но не знаешь что написать, о чем лучше всего спросить и как то просто прямо вопросы прямые ""как дела?"" ""расскажи, как жизнь?"" не хочется хз почему спрашивать, такое ощущение, что навязываюсь что ли, не хочется донимать его. И вот в таких случаях я выбираю стратегию просто писать какую то рандомную, вроде бы смешную хуйню. Просто по типу role-play игр. В надежде, что собеседник оценит юмор или хотя бы поддержит разговор и тогда можно будет нормальное что-то сказать. И вот сегодня я так сделал с Аней, но она не ответила ничего и теперь я чувствую себя кринжого пиздец. Мне это так обидно и стыдно, не из-за того, что я ей написал, а за тот факт, что я себя так ощущаю. Ничего не произошло страшного, она не поддержала разговор, она не оценила мою попытку, это нормально, не всегда человек в настроении. Так что расслабься, к тому же мой метод очень часто срабатывает.

А вот как то писать прямые вопросы еще и возможно по тому не хочу, что тогда я уже как бы проявляю интерес к человеку и теперь у нас будет долгий разговор мне кажется и я должен по кд в нем быть, я же его инициировал и т.п. Вот и это меня останавливает прям. Я не очень хочу сидеть там и час общаться без перерыва, а придумывать причины уйти или говорить прямо что нужно отойти по делам мне как то больно, что я обижаю так человека типо или что потом уже диалог будет совершенно не такой эмоции уйдут и тому подобное. Пиздец я конечно загоняюсь.... Надо тоже работать над этим

балят такое нежелание и одновременно хотение писать свои мысли чувства, документировать свои события и внутреннюю борьбу, но так лень блять. сейчас ебался с заказом аксессуаров и так меня это вывело из себя, так бесит, просто похуй стало на промокоды, на выбор более дешевого товара... просто поскорее бы заказать и оплатить и все - расслабон, не нужно ничего выбирать больше и тратить на это время. еще правда нужно ебучую шведскую стенку заказать, хотя бы нашел вроде место неплохое, но блять думаю, как я нахуй я затащу в квартиру.... СУКА, как меня это тянет на дно эти мысли ебучие, еще и опять день проебал сегодня. Проснулся в час, потому что будильники снова без звука звенели, потом сходил постричься после чего сыграл в доту, а потом я сам хз что делал... залипал в соцсетях, выбирал эту хуйню, сидел нихуя не делал под грузом этих мыслей, что нужно наконец сесть и выбрать и заказать то что мне нужно, а не оттягивать это.... блять почему я такой пуси то нахуй???? просто пиздец. денег нихуя нет еще сука, работать не могу и не хочу, ссусь пойти там в рестик, а ведь отличная возмоность и испытание то. как я под стрессом буду контролировать свою речь и дикцию? интересно ведь!"
2021-01-09,"Беспокойство, Дневник, Отношения, Стресс, Чувства","April 26, 2021 3:03 AM",
2021-01-08,Дневник,"March 1, 2021 1:08 AM",
2021-01-07,"Беспокойство, Дневник","April 26, 2021 3:03 AM",
2021-01-06,"Беспокойство, Дневник, Мысли","April 26, 2021 3:03 AM",
2021-01-06,"Дневник, Рефлексия","March 1, 2021 1:08 AM",
2021-01-06,"Беспокойство, Личное, Мысли, Проблемы, Рефлексия, Самоанализ, Чувства","April 26, 2021 3:03 AM",
2021-01-05,"Жизненный опыт, Личное, Мысли, Рефлексия, Самоанализ","March 1, 2021 1:05 AM",
2021-01-05,"Дневник, Жизненный опыт, Рефлексия","March 1, 2021 1:08 AM",
2021-01-01,"Беспокойство, Дневник, Жизненный опыт, Личное, Мысли, Проблемы, Рефлексия, Самоанализ, Цели, Чувства","April 26, 2021 3:03 AM",
2020-12-29,"Дневник, Рефлексия, Самоанализ","March 1, 2021 1:08 AM","# Дневник

Created: December 29, 2020 11:59 PM
Last Edited: March 1, 2021 1:08 AM
Tags: Дневник, Рефлексия, Самоанализ

Ох сегодня трахнули на физике, ебаный дед поменял все задачи из 5 и у меня не было шансов написать... Надеюсь, хоть первую написал на зачет, тогда есть шанс сдать экз во время экза, потому что будет еще 9 января пересда и консультация.

Завтра последний зачет перед нг, переписываю оду. Надо переписать и останется только физика ебучая и экзы. две лабы еще сука делать, ладно, придется их пиздить

Так же неожиданно, но очень приятно меня Жанна позвала завтра погулять, поздравить с новым годом. Классно, правда у меня подарка нет бля и денег не особо хочется тратить, но что делать то. Прогуляемся, поговорим, классно. Рад, что позвала, так же еще возможность поднять уверенность в прогулке с девушкой 1 на 1, чтобы нервы не шалили в будущем, когда я найду себе девушку.

Че то вроде хочется во что то поиграть, но и не хочется одновременно. Не надо играть, этому нет места в твоей нынешней жизни, иначе придется ущемлять другие ее аспекты.

Че то меня начали напрягать наши отношения с мамой. Она приходит домой такая радостная, а я тут сижу как хикки в комнате, не иду на контакт, лишнее слово не скажу, разговор не поддержу... и я вижу как это влияет на её настроение. Не знаю, что делать. Учеба так на меня давит сейчас и я думаю о ней, что лучше продолжу ботать, чем с ней разговаривать... Хотя, у меня был буквально весь день, чтобы ботать, но я почти ВСЕГДА его трачу на прокрастинацию или другие дела, такие как упражнения на дикцию, дыхательные упражнения, просто чил слушая музыку, общение в соцсетях, просмотр видео, дай бог почитаю, хотя тоже редко, просто залипаю в мемах на редитк, тг, вк, инсте... вообщем реально пиздец полный, сам же полностью виноват, не контролируешь себя. Но вот еще проблема, что я не могу понять, как мне балансировать общение и учебу. Я боюсь, что если я не отвечу сейчас на сообщение, не буду писать там условно каждый день человеку, вести с ним многочасовые разговоры онлайн, то потеряю его и ему станет похуй на меня и из-за этого меня это все очень сильно нервирует, я просто не знаю как поступать то. Это еще учитывая, что людей с которыми я общаюсь на данный момент, очень много и с каждым надо поддерживать отношения... но надо и учиться, чтобы поддерживать СВОЙ ЛИЧНЫЙ покой и дух, ведь нужно любит и уважать себя, строить с СОБОЙ отношения. И кажется, что я этого не понимаю... жертвую собой слишком много.... Не знаю, что правильно в данной ситуации сделать, остается только думаю, как говорил Эрен Йегер : 

> Продольжать двигаться вперед, несмотря ни на что
> 

Надеясь, что ответы найду по пути... Чтож, посмотрим, другого выбора нет, сдаваться я не собираюсь!"
2020-12-28,"Жизненный опыт, Интересные ситуации, Личное, Мысли, Рефлексия, Самоанализ, Чувства","March 1, 2021 1:05 AM","# Мысли в моменте

Created: December 28, 2020 12:36 PM
Last Edited: March 1, 2021 1:08 AM
Tags: Дневник, Мысли, Проблемы

Сейчас потрачу полтора часа своего времени, чтобы помочь Марине с физикой. Хз что мне это даст, хоть бы обняла бы потом уже приятно было бы... Ой хз, так хуего чувствую себя, то ли куколдом, то ли нахуя я это делаю, когда сам мог ботать физику, я хз честно, пиздец. Хуего чувствую себя сейчас прям, душа грызеть, что трачу время совершенно неэффективно. Отдаю полтора эти часа, да еще час до этого, потому что никакое дело я не сделал и того два с половой, а что получу в замен? Очень интересно конечно, скорее всего нихуя. Балдежный обмен. Нормально в итоге прошоло, решил ей 3 задачи, логику продиктовал. Поставил ей зачет. Так приятно было принимать от нее благодарность, прямо мииило. 

Блять завтра в 9 00 пересдача физики, а я до сих пор не знаю сдал ли я кр1 и не готовлюсь вообще. Делаю все, только не готовлюсь... Мемы, видосы, общение, но не ботаю, потому что сложно и мне кжается это бесполезным... но это не так! Блять, я не могу себя заставить... я слабый...

Мои переживаня сильные по пустякам и вообще слабость психологическая перед лицом проблем явно от моей бабушки Томы. Потому что я вообще удивляюсь, как можно так прожить жизнь. Она волнуется по любому поводу неделям... НЕДЕЛЯМИ!! что я не ем, что никита не ест, что у меня егэ, что у меня кр, что там забыла купить что то и т.д.. Ну нельзя быть таким контролером и переживать так сильно, это очень портит психику. И вот у меня это от нее явно.

Ну все храм ответил и сказал что ему похуй он не успевает проверить и лег спать... Круто, не знаю какую кр переписывать завтра, а пересда в 9 00, сейчас 22 53 перед ней. Нихуя не готов к кр3 да и не факт что кр1 переписал, сука блять, как же я ненавижу все это блять. Я так зол на себя прежде всего, что я нихуя не делаю сейчас, хотя мне это будет дорого стоить. Да и я даже не сказал бы что зол это просто скорее что я должен чувствовать, я же сейчас сижу совершенно спокойный, мне похуй, но это не здоровое похуй. Так меня отчилсят в этом семе. ООооох.... Пиздец.... Я не знаю что делать, надеюсь я хоть первую пересдал, тогда попробую что нить в 3ей написать, если нет, то пиздец.... Не знаю, ботать не хочется, а спать становиться хотется. Думаю щас посплю часика два и встану часа в 2-3 и начну ботать. Если появится желание и мотивация, то этого времени должно вполне хватить. Надеюсь, я смогу выиграть самого себя и заставить себя ботать. Удачи тебе!

Марина кстати ради меня посмотрела клип в вк и подарила мне специально подарок!!!!1 УУУУ да это немного кажется, но для меня это очень мило. Несмотря на то, что это все действие правила взаимного обмена, за сегоднящнюю помощь на физике. КТО МНЕ ПОМОЖЕТ ЕЕ СДАТЬ??? А??? БЛЯЯЯЯТЬ ВЖАОПХВАВХАПОВЛХДПОВЛДОПВДРКУРКЩТМЩУШРПЩШРАЩЫВРАОЫВА СУУУУУУКААА НЕНАВИЖУ БЛЯТЬ СЕБЯ ЗА ПОХУИЗМ ТАКОЙ И ОТСУСТВИЯ ЦЕЛИ

пиздец пиздец пиздец

ладно, пойду посплю, думаю это лучшее решение, все равно нихуя не делаю и просто чекаю мемы в вк телеге и на реддите и сру в любимых в вк........

Когда Марине диктовал, то очень волновался и поэтому часто запинался и не мог выговорить слово нормально. Но это нормально, ситуация правда была очень нервная. Типо я не знаю что нужно говорить ей, когда остановиться, сколько сказать нужно, правильно ли я решил, не спалят ли ее, как сформулировать решение, чтобы она поняла и т.д. Так что очень сложная ситуация и это нормально, я отлично справился с ней я считаю! Ты молодец!

Блять как же на самом деле меня бесит, что есть три имени Даня : Данил, Даниил и Данила. Пиздец, нахуя?? Запоминать еще у кого какой вид... Вообще, всегда очень сильно ссусь, что перепутаю чье то имя

Марина написала, что она у меня в долгу и проси что хочешь ыыы 😉"
2020-12-28,"Дневник, Мысли, Проблемы","March 1, 2021 1:08 AM","# Мысли в моменте

Created: December 28, 2020 12:36 PM
Last Edited: March 1, 2021 1:08 AM
Tags: Дневник, Мысли, Проблемы

Сейчас потрачу полтора часа своего времени, чтобы помочь Марине с физикой. Хз что мне это даст, хоть бы обняла бы потом уже приятно было бы... Ой хз, так хуего чувствую себя, то ли куколдом, то ли нахуя я это делаю, когда сам мог ботать физику, я хз честно, пиздец. Хуего чувствую себя сейчас прям, душа грызеть, что трачу время совершенно неэффективно. Отдаю полтора эти часа, да еще час до этого, потому что никакое дело я не сделал и того два с половой, а что получу в замен? Очень интересно конечно, скорее всего нихуя. Балдежный обмен. Нормально в итоге прошоло, решил ей 3 задачи, логику продиктовал. Поставил ей зачет. Так приятно было принимать от нее благодарность, прямо мииило. 

Блять завтра в 9 00 пересдача физики, а я до сих пор не знаю сдал ли я кр1 и не готовлюсь вообще. Делаю все, только не готовлюсь... Мемы, видосы, общение, но не ботаю, потому что сложно и мне кжается это бесполезным... но это не так! Блять, я не могу себя заставить... я слабый...

Мои переживаня сильные по пустякам и вообще слабость психологическая перед лицом проблем явно от моей бабушки Томы. Потому что я вообще удивляюсь, как можно так прожить жизнь. Она волнуется по любому поводу неделям... НЕДЕЛЯМИ!! что я не ем, что никита не ест, что у меня егэ, что у меня кр, что там забыла купить что то и т.д.. Ну нельзя быть таким контролером и переживать так сильно, это очень портит психику. И вот у меня это от нее явно.

Ну все храм ответил и сказал что ему похуй он не успевает проверить и лег спать... Круто, не знаю какую кр переписывать завтра, а пересда в 9 00, сейчас 22 53 перед ней. Нихуя не готов к кр3 да и не факт что кр1 переписал, сука блять, как же я ненавижу все это блять. Я так зол на себя прежде всего, что я нихуя не делаю сейчас, хотя мне это будет дорого стоить. Да и я даже не сказал бы что зол это просто скорее что я должен чувствовать, я же сейчас сижу совершенно спокойный, мне похуй, но это не здоровое похуй. Так меня отчилсят в этом семе. ООооох.... Пиздец.... Я не знаю что делать, надеюсь я хоть первую пересдал, тогда попробую что нить в 3ей написать, если нет, то пиздец.... Не знаю, ботать не хочется, а спать становиться хотется. Думаю щас посплю часика два и встану часа в 2-3 и начну ботать. Если появится желание и мотивация, то этого времени должно вполне хватить. Надеюсь, я смогу выиграть самого себя и заставить себя ботать. Удачи тебе!

Марина кстати ради меня посмотрела клип в вк и подарила мне специально подарок!!!!1 УУУУ да это немного кажется, но для меня это очень мило. Несмотря на то, что это все действие правила взаимного обмена, за сегоднящнюю помощь на физике. КТО МНЕ ПОМОЖЕТ ЕЕ СДАТЬ??? А??? БЛЯЯЯЯТЬ ВЖАОПХВАВХАПОВЛХДПОВЛДОПВДРКУРКЩТМЩУШРПЩШРАЩЫВРАОЫВА СУУУУУУКААА НЕНАВИЖУ БЛЯТЬ СЕБЯ ЗА ПОХУИЗМ ТАКОЙ И ОТСУСТВИЯ ЦЕЛИ

пиздец пиздец пиздец

ладно, пойду посплю, думаю это лучшее решение, все равно нихуя не делаю и просто чекаю мемы в вк телеге и на реддите и сру в любимых в вк........

Когда Марине диктовал, то очень волновался и поэтому часто запинался и не мог выговорить слово нормально. Но это нормально, ситуация правда была очень нервная. Типо я не знаю что нужно говорить ей, когда остановиться, сколько сказать нужно, правильно ли я решил, не спалят ли ее, как сформулировать решение, чтобы она поняла и т.д. Так что очень сложная ситуация и это нормально, я отлично справился с ней я считаю! Ты молодец!

Блять как же на самом деле меня бесит, что есть три имени Даня : Данил, Даниил и Данила. Пиздец, нахуя?? Запоминать еще у кого какой вид... Вообще, всегда очень сильно ссусь, что перепутаю чье то имя

Марина написала, что она у меня в долгу и проси что хочешь ыыы 😉"
2020-12-28,"Беспокойство, Дневник, Жизненный опыт, Рефлексия","April 26, 2021 3:03 AM","# Мысли в моменте

Created: December 28, 2020 12:36 PM
Last Edited: March 1, 2021 1:08 AM
Tags: Дневник, Мысли, Проблемы

Сейчас потрачу полтора часа своего времени, чтобы помочь Марине с физикой. Хз что мне это даст, хоть бы обняла бы потом уже приятно было бы... Ой хз, так хуего чувствую себя, то ли куколдом, то ли нахуя я это делаю, когда сам мог ботать физику, я хз честно, пиздец. Хуего чувствую себя сейчас прям, душа грызеть, что трачу время совершенно неэффективно. Отдаю полтора эти часа, да еще час до этого, потому что никакое дело я не сделал и того два с половой, а что получу в замен? Очень интересно конечно, скорее всего нихуя. Балдежный обмен. Нормально в итоге прошоло, решил ей 3 задачи, логику продиктовал. Поставил ей зачет. Так приятно было принимать от нее благодарность, прямо мииило. 

Блять завтра в 9 00 пересдача физики, а я до сих пор не знаю сдал ли я кр1 и не готовлюсь вообще. Делаю все, только не готовлюсь... Мемы, видосы, общение, но не ботаю, потому что сложно и мне кжается это бесполезным... но это не так! Блять, я не могу себя заставить... я слабый...

Мои переживаня сильные по пустякам и вообще слабость психологическая перед лицом проблем явно от моей бабушки Томы. Потому что я вообще удивляюсь, как можно так прожить жизнь. Она волнуется по любому поводу неделям... НЕДЕЛЯМИ!! что я не ем, что никита не ест, что у меня егэ, что у меня кр, что там забыла купить что то и т.д.. Ну нельзя быть таким контролером и переживать так сильно, это очень портит психику. И вот у меня это от нее явно.

Ну все храм ответил и сказал что ему похуй он не успевает проверить и лег спать... Круто, не знаю какую кр переписывать завтра, а пересда в 9 00, сейчас 22 53 перед ней. Нихуя не готов к кр3 да и не факт что кр1 переписал, сука блять, как же я ненавижу все это блять. Я так зол на себя прежде всего, что я нихуя не делаю сейчас, хотя мне это будет дорого стоить. Да и я даже не сказал бы что зол это просто скорее что я должен чувствовать, я же сейчас сижу совершенно спокойный, мне похуй, но это не здоровое похуй. Так меня отчилсят в этом семе. ООооох.... Пиздец.... Я не знаю что делать, надеюсь я хоть первую пересдал, тогда попробую что нить в 3ей написать, если нет, то пиздец.... Не знаю, ботать не хочется, а спать становиться хотется. Думаю щас посплю часика два и встану часа в 2-3 и начну ботать. Если появится желание и мотивация, то этого времени должно вполне хватить. Надеюсь, я смогу выиграть самого себя и заставить себя ботать. Удачи тебе!

Марина кстати ради меня посмотрела клип в вк и подарила мне специально подарок!!!!1 УУУУ да это немного кажется, но для меня это очень мило. Несмотря на то, что это все действие правила взаимного обмена, за сегоднящнюю помощь на физике. КТО МНЕ ПОМОЖЕТ ЕЕ СДАТЬ??? А??? БЛЯЯЯЯТЬ ВЖАОПХВАВХАПОВЛХДПОВЛДОПВДРКУРКЩТМЩУШРПЩШРАЩЫВРАОЫВА СУУУУУУКААА НЕНАВИЖУ БЛЯТЬ СЕБЯ ЗА ПОХУИЗМ ТАКОЙ И ОТСУСТВИЯ ЦЕЛИ

пиздец пиздец пиздец

ладно, пойду посплю, думаю это лучшее решение, все равно нихуя не делаю и просто чекаю мемы в вк телеге и на реддите и сру в любимых в вк........

Когда Марине диктовал, то очень волновался и поэтому часто запинался и не мог выговорить слово нормально. Но это нормально, ситуация правда была очень нервная. Типо я не знаю что нужно говорить ей, когда остановиться, сколько сказать нужно, правильно ли я решил, не спалят ли ее, как сформулировать решение, чтобы она поняла и т.д. Так что очень сложная ситуация и это нормально, я отлично справился с ней я считаю! Ты молодец!

Блять как же на самом деле меня бесит, что есть три имени Даня : Данил, Даниил и Данила. Пиздец, нахуя?? Запоминать еще у кого какой вид... Вообще, всегда очень сильно ссусь, что перепутаю чье то имя

Марина написала, что она у меня в долгу и проси что хочешь ыыы 😉"
2020-12-27,"Беспокойство, Дневник, Жизненный опыт, Рефлексия","April 26, 2021 3:03 AM","# Рефлексия

Created: December 27, 2020 2:14 AM
Last Edited: April 26, 2021 3:03 AM
Tags: Беспокойство, Дневник, Жизненный опыт, Рефлексия

Сегодня переписывал кр1 по физике, ох 9 стр надеюсь минимум прям получу... пиздец эта физика бесит

еще и оду пересдавать придется, сука

заебала эта учеба, где мое желание ботать?

опять грызу кожу на пальцах как ебейший, скоро кость уже будет...

принглс ббк фиолетовый азитаский - хуйня

Соня че то совсем уже как то отсранилась. На любое мое предложение/вопрос всегда односложный ответ... круто конечно так общаться. Даже не знаю стало ей похуй на меня, не интересно, не до меня из за работы и учебы, времени на общение нет или что я хуй знает. Да че гадать, какая разница, так общаться я не готов и это факт. Так что если так продолжится, то я хз че будет, посмотрим. Я ей так помогал мне кажется, поддерживал, выслушивал ее нытье. Общались по видеосвязи, ее проблемы с одиночество, подругой, то что не красивая она, то что ей скучно... пиздец, одни у нее проблемы конечно. И после всего этого, она нашла работу и теперь пишет мне одно слова... просто нет слов, ахуенно

С Анютой давно очень не общался, норм общение было как раз в баре, когда я за нее заплатил... Да как то после этого особого желания то и нет с ней общаться. Девушкой я как то ее не хочу своей, а подругой, ну хз, мы и до этого случая не особо общались. Ну ладно, пизжу, у нас много общего и она инетересная девчонка, разносторонняя и опытная достаточно, но ей не особо интересен я. Всегда я ей первый пишу типо. Так что это знак явно

Настеной неделю уже не общался, да и тоже не хочется особо. Нахуя? Она классная девчонка тоже, но просто что я получу от нашего общения? У меня пока что есть подруги, с которыми я все еще могу пообщаться в случае надобности и просто так. Мы с ней навряд ли встретимся, а просто общаться у меня сейчас нет такого желания. 

Хочется просто написать рофл, скинуть мем и перекинуться парой фраз и на этом все. То есть поддержать контакт, обменяться положительными эмоциями, получить +реп к нашим отношениям и на этом все. А че то выянсять что ты смотришь, какую музыку слушаешь, хобби твои по онлайну это такая хуйня. Это так не интересно и тупо кажется. Такое лично интересно узнавать, развивать из этого разговор, а онлайн зачем? Узнать? Да, но а зачем мне Настю по фактам узнавать? Что мне это даст? Я не знаю ответ на этот вопрос

Даня сегодня написал Вике ""го секс"", после того как она на протяжение около 6 дней читает его сообщения и не отвечает нихуя, просто дура. Как так вообще можно общаться, я не понимаю. Типо учитывая то, что до этого она его первое сообщение по поводу познакомиться игнорировала месяц блять.... МЕСЯЦ КАРЛ!!!! после чего извинилась и они хорошо пообщались... и опять тоже самое. мдааа.... что за девка такая. Как вообще можно реально так себя вести, ну напиши что ты занята, ну поясни ситацию свою, почему ты игноришь, чтобы человек хотя бы понимал тебя. Нет блять, буду чекать и не идти на контак. Просто как будто она в 5 классе ей богу. Даже у Марины лучше привычки общения онлайн. Не думал что такое возможно... видимо все таки бывает всякое. Но то что написал это - мужик реально. Типо я бы зассал такое писать. А он написал на похуй. Реально уважаю его за такое

У Дани вообще многому стоит поучиться, несмотря на его некоторые плохие качества. Он смелый, сильный психологически, способный держать себя в руках в критических ситуациях, спокойно ко всему относится, например к разговору с девушками или к провалу, не боится просить помощи, честно и уверенно говорит, когда не знает чего то или опять же помощь и не важно что он это делал миллион раз, ему не будет стыдно, ему похуй. Вот за все эти качества я его крайне сильно уважаю, правда. Надеюсь и у меня получится обзавестись ими!"
2020-12-21,"Дневник, Рефлексия","December 28, 2020 11:11 PM","# Рефлексия

Created: December 21, 2020 4:22 AM
Last Edited: December 28, 2020 11:11 PM
Tags: Дневник, Рефлексия

В субботу сдал философию на 4С. Просидел всю ночь до 5 наверное, потому что мне было лень просто списать билет... листал мемы чисто, буквально.... Сука, заебала этот баг во мне. Не могу себя заставить. Всегда начинаю думать, ну вот типо я сделаю это и что, я же нихуя не знаю. Это конечно хоть что то, но я же не читал нихуя, а если вопросы зададут, хоть какие, потому что я ни на один не отвечу. И из за осознания этой мылси я просто делаю для себя вывод, что не стоит вообще делать хоть что то, раз все равно скорее всего проебусь. Даже хуже, я себя обманываю, что типо вот сделаю, хотя сижу прокрастинирую. Уж лучше если решил нихуя не делать, то иди займись чем то полезным хоть...

После этого поехал отмечать днюху Некита. Когда приехал к месту встречи - в метро, то желания было довольно сильное поехать домой. Хз, как то ничего не обговорено, ждать других не ждать, куда идти, типо... Потом все хорошо срослось, все быстро доехали и мы дошли до хаты. Ахуенно посидели, мне понравилось. Потом я заранее решил, что поеду домой, не буду оставаться на ночевку. И когда сказал парням свое решение, то они начали меня уговаривать остаться. Типо причина моя - ботать к пну (что я кстати не сделал нихуя), не серьезная и это не уважение к др некита, если уж приехал, до конца. В итоге я начал сомневаться и снова обдумывать решение и проебал на это достаточно времени. Поехал домой все таки и чуть не проебал последнюю электричку... сначала метро приходило хуй знает сколько времени, затем я уже был в напряге из за этого мува. Хорошо побежал из мтеро на станцию, поэтому я успел прям капелька в капельку.

Сегодня же я планировал много дел, к оду подготовиться, к физике, к дискре, рефлексию по пп отправить... и что в итоге?! Я НИХУЯ БУКВАЛЬНО ИЗ ЭТОГО НЕ СДЕЛЛА!!!!! СУУУКА СУКА ДВАОПДЛВОПДВОА. ДА БЛЯТЬ НУ ЧТО ЖЕ ТАКОЕ ТО СУКА, ТАК МЕНЯ И ОТЧИСЛЯТ. ПОЧЕМУ НИХУЯ НЕ МЕНЯЕТСЯ В МОЕМ ОТНОШЕНИИ К УЧЕБЕ?"
2020-12-19,"Дневник, Рефлексия","December 28, 2020 11:11 PM","# Рефлексия

Created: December 19, 2020 4:26 AM
Last Edited: December 28, 2020 11:11 PM
Tags: Дневник, Рефлексия

4 25 и я сижу все еще не написав заранее известный билет по философии... экз сегодня в 8 30.... просто ебланище"
2020-12-17,"Дневник, Рефлексия, Цели","December 28, 2020 11:11 PM","# Рефлексия

Created: December 17, 2020 11:20 PM
Last Edited: December 28, 2020 11:11 PM
Tags: Дневник, Рефлексия, Цели

Сегодня нихуя не делал. После зачета по англу пошли попиздеть с моим лучшим братишкой Даней, думал не надолго залетим и он мне расскажет как прошел разговор его ночной разговор с Викой. Вика эта девушка из МИФИ, которой он и я написали по приколу что хотим познакомиться, он в вк я в инсте и его она прочекала, но ответила только через месяц... меня до сих пор не посмотрела даже.... ладно, она в любом случае уже брата добыча так скажем лол. Так вот, он начал показывать и мы как то разговорились, диалог очень просто и легко шел, буквально с ним могу о чем угодно говорить и что угодно рассказать. Зная, что он меня выслушает как минимум, вот и в итоге просидели говорили 4.5 часа. Жесть, устал, были случаи что тяжело было говорить прям, особенно слово ""достаточно"", ну и еще, но в целом я очень хорошо продержался. Не замыкался после запинок, а успокаивался, напрягал губы, рот, язык - мышцы рта, замедлял темп и уверенно и плавно проговаривал слово, похуй что заметно - главное это сказать четко. Прилег потом, покушал и потом как то..... я даже не знаю как описать причину, просто хуего на душе было возможно дипрессия. Не знаю почему, просто как то нет желания ботать что либа, да даже просто развиваться, читать даже не хочется. Я не знаю что мне делать, нужно найти что то, что разожгет во мне огонь и стремление действовать. Потому что пока это ужас, я просто как овощ сплю и ничего не делаю. Хорошо хоть еще не самый ужас, хоть посуду мою и над дикцией работаю, упражнения делаю, медитирую, разминку, разминку для губ, дышу, дыхательные упражнения, упражнения диктора, упражнения логопеда. Хоть что-то, уже повод для радости небольшой. А учеба конечно и саморазвитие это пиздец, нихуя не хочется. Возможно это из за того, что я думаю что это займет много времени чтобы прям разобраться хорошо, а не хорошо разбираться я не хочу и поэтому ничгео не делаю и ищу комфортна в общение в соцсетях.... или в музыке. 

**Бля хочу пойти на джиу джитсу и на вокал и на гитаре научиться играть, а потом на актерское мастерство записаться, и снова пройти курсик по ораторскому мастерству!**"
2020-12-13,"Дневник, Рефлексия","December 28, 2020 11:10 PM","# Рефлексия

Created: December 13, 2020 7:37 PM
Last Edited: December 28, 2020 11:10 PM
Tags: Дневник, Рефлексия

Ох че-то опять сижу ничего не делаю, даже с ноушн вот лень разобраться или даже не лень разбираться, а скорее сделать сразу не так как я хочу и потом переделывать или терпеть.

Сегодня решился наконец то прочитать в слух не самому себе, а кому то. Попросил маму послушать, прошло нормально, мама сказала, что дикция хорошая, голос сильный, немного выразительности не хватает, а так интересно слушать."
2020-12-11,"Дневник, Личное, Рефлексия","December 28, 2020 11:10 PM","# Diary entry

Created: December 11, 2020 11:15 PM
Last Edited: December 28, 2020 11:10 PM
Tags: Дневник, Личное, Рефлексия

сегодня проспал занятие по вождению.... встал в 9 и лег обратно спать затем проснулся и увсидел вызов от инструктора 3 минуты назад. позвонил ему извинился и сказал, что потерял отсчет времение. мало сказать, что он был недоволен..."
2020-12-08,"Дневник, Рефлексия","January 6, 2021 1:32 AM",
2020-11-25,Дневник,"January 7, 2021 3:50 PM","# Дневнки №2

Created: November 25, 2020 12:33 AM
Last Edited: January 7, 2021 3:50 PM
Tags: Дневник

че то я заебался от ничего не деланья. так зациклен на соц навыках и их поддержании и поиске девушки что совсем запустил учебу, если бы не карантин то пзида бы мне была... сука блять как же сложно балансировать жизнь, да еще и сука кожу на пальцах еще сильнее стал грызть. да, читать еще перестал совсем вообще, спать ложиться часа в 3 ночи и просыпаться в 12 это уже не дело совсем. причем я в таком состоянии просыпаюсь что буквально если не приложить усилий, то я смогу спать весь день - это точный факт, но если приложу умоюсь и выпью стакан воды то хорошо чувствую (потому что нихуя умственного не делаю) только телочку какую нить пытаюсь закадрить. причем даже хорошо это у меня получается и как бы возможностей много с кем развивать отношения.... но когда дело доходит до выбора и уже прям усиления отношений деланья шага в сторону уже именно девушки и парня то я даю заднюю, по каким то причинам. страх что сделал не тот выбор, можно лучше, что не хочу этих отношенйи а хочу только секса и все. блять сука какой ты конечно ебанутый... живи проще. я уже зависим от вашего этого общения с девушками и соцсетей. как жизнь то поменялась за год... от парня ботана не умеющего разговаривать с девушкой до парня который только и делает, что тусуется гуляет и болтает с девушками! а до этого было от задрота - до ботана, интересная у меня жизнь, ничего не скажешь. ну ладно, я тогда погнал давайте до завтра!"
2020-10-16,Дневник,"January 6, 2021 1:32 AM","# Дневник №1

Created: October 16, 2020 3:19 PM
Last Edited: January 6, 2021 1:32 AM
Tags: Дневник

Тестовая запись в notion, надеюсь здесь есть пароль на приложение"
